gene_uci,gene_id_tcga,simbolo,entrez_id
gene_0,?|100130426,,100130426
gene_1,?|100133144,,100133144
gene_2,?|100134869,,100134869
gene_3,?|10357,,10357
gene_4,?|10431,,10431
gene_5,?|136542,,136542
gene_6,?|155060,,155060
gene_7,?|26823,,26823
gene_8,?|280660,,280660
gene_9,?|317712,,317712
gene_10,?|340602,,340602
gene_11,?|388795,,388795
gene_12,?|390284,,390284
gene_13,?|391343,,391343
gene_14,?|391714,,391714
gene_15,?|404770,,404770
gene_16,?|441362,,441362
gene_17,?|442388,,442388
gene_18,?|553137,,553137
gene_19,?|57714,,57714
gene_20,?|645851,,645851
gene_21,?|652919,,652919
gene_22,?|653553,,653553
gene_23,?|728045,,728045
gene_24,?|728603,,728603
gene_25,?|728788,,728788
gene_26,?|729884,,729884
gene_27,?|8225,,8225
gene_28,?|90288,,90288
gene_29,A1BG|1,A1BG,1
gene_30,A1CF|29974,A1CF,29974
gene_31,A2BP1|54715,A2BP1,54715
gene_32,A2LD1|87769,A2LD1,87769
gene_33,A2ML1|144568,A2ML1,144568
gene_34,A2M|2,A2M,2
gene_35,A4GALT|53947,A4GALT,53947
gene_36,A4GNT|51146,A4GNT,51146
gene_37,AAA1|404744,AAA1,404744
gene_38,AAAS|8086,AAAS,8086
gene_39,AACSL|729522,AACSL,729522
gene_40,AACS|65985,AACS,65985
gene_41,AADACL2|344752,AADACL2,344752
gene_42,AADACL3|126767,AADACL3,126767
gene_43,AADACL4|343066,AADACL4,343066
gene_44,AADAC|13,AADAC,13
gene_45,AADAT|51166,AADAT,51166
gene_46,AAGAB|79719,AAGAB,79719
gene_47,AAK1|22848,AAK1,22848
gene_48,AAMP|14,AAMP,14
gene_49,AANAT|15,AANAT,15
gene_50,AARS2|57505,AARS2,57505
gene_51,AARSD1|80755,AARSD1,80755
gene_52,AARS|16,AARS,16
gene_53,AASDHPPT|60496,AASDHPPT,60496
gene_54,AASDH|132949,AASDH,132949
gene_55,AASS|10157,AASS,10157
gene_56,AATF|26574,AATF,26574
gene_57,AATK|9625,AATK,9625
gene_58,ABAT|18,ABAT,18
gene_59,ABCA10|10349,ABCA10,10349
gene_60,ABCA11P|79963,ABCA11P,79963
gene_61,ABCA12|26154,ABCA12,26154
gene_62,ABCA13|154664,ABCA13,154664
gene_63,ABCA17P|650655,ABCA17P,650655
gene_64,ABCA1|19,ABCA1,19
gene_65,ABCA2|20,ABCA2,20
gene_66,ABCA3|21,ABCA3,21
gene_67,ABCA4|24,ABCA4,24
gene_68,ABCA5|23461,ABCA5,23461
gene_69,ABCA6|23460,ABCA6,23460
gene_70,ABCA7|10347,ABCA7,10347
gene_71,ABCA8|10351,ABCA8,10351
gene_72,ABCA9|10350,ABCA9,10350
gene_73,ABCB10|23456,ABCB10,23456
gene_74,ABCB11|8647,ABCB11,8647
gene_75,ABCB1|5243,ABCB1,5243
gene_76,ABCB4|5244,ABCB4,5244
gene_77,ABCB5|340273,ABCB5,340273
gene_78,ABCB6|10058,ABCB6,10058
gene_79,ABCB7|22,ABCB7,22
gene_80,ABCB8|11194,ABCB8,11194
gene_81,ABCB9|23457,ABCB9,23457
gene_82,ABCC10|89845,ABCC10,89845
gene_83,ABCC11|85320,ABCC11,85320
gene_84,ABCC12|94160,ABCC12,94160
gene_85,ABCC13|150000,ABCC13,150000
gene_86,ABCC1|4363,ABCC1,4363
gene_87,ABCC2|1244,ABCC2,1244
gene_88,ABCC3|8714,ABCC3,8714
gene_89,ABCC4|10257,ABCC4,10257
gene_90,ABCC5|10057,ABCC5,10057
gene_91,ABCC6P1|653190,ABCC6P1,653190
gene_92,ABCC6P2|730013,ABCC6P2,730013
gene_93,ABCC6|368,ABCC6,368
gene_94,ABCC8|6833,ABCC8,6833
gene_95,ABCC9|10060,ABCC9,10060
gene_96,ABCD1|215,ABCD1,215
gene_97,ABCD2|225,ABCD2,225
gene_98,ABCD3|5825,ABCD3,5825
gene_99,ABCD4|5826,ABCD4,5826
gene_100,ABCE1|6059,ABCE1,6059
gene_101,ABCF1|23,ABCF1,23
gene_102,ABCF2|10061,ABCF2,10061
gene_103,ABCF3|55324,ABCF3,55324
gene_104,ABCG1|9619,ABCG1,9619
gene_105,ABCG2|9429,ABCG2,9429
gene_106,ABCG4|64137,ABCG4,64137
gene_107,ABCG5|64240,ABCG5,64240
gene_108,ABCG8|64241,ABCG8,64241
gene_109,ABHD10|55347,ABHD10,55347
gene_110,ABHD11|83451,ABHD11,83451
gene_111,ABHD12B|145447,ABHD12B,145447
gene_112,ABHD12|26090,ABHD12,26090
gene_113,ABHD13|84945,ABHD13,84945
gene_114,ABHD14A|25864,ABHD14A,25864
gene_115,ABHD14B|84836,ABHD14B,84836
gene_116,ABHD15|116236,ABHD15,116236
gene_117,ABHD1|84696,ABHD1,84696
gene_118,ABHD2|11057,ABHD2,11057
gene_119,ABHD3|171586,ABHD3,171586
gene_120,ABHD4|63874,ABHD4,63874
gene_121,ABHD5|51099,ABHD5,51099
gene_122,ABHD6|57406,ABHD6,57406
gene_123,ABHD8|79575,ABHD8,79575
gene_124,ABI1|10006,ABI1,10006
gene_125,ABI2|10152,ABI2,10152
gene_126,ABI3BP|25890,ABI3BP,25890
gene_127,ABI3|51225,ABI3,51225
gene_128,ABL1|25,ABL1,25
gene_129,ABL2|27,ABL2,27
gene_130,ABLIM1|3983,ABLIM1,3983
gene_131,ABLIM2|84448,ABLIM2,84448
gene_132,ABLIM3|22885,ABLIM3,22885
gene_133,ABO|28,ABO,28
gene_134,ABP1|26,ABP1,26
gene_135,ABRA|137735,ABRA,137735
gene_136,ABR|29,ABR,29
gene_137,ABT1|29777,ABT1,29777
gene_138,ABTB1|80325,ABTB1,80325
gene_139,ABTB2|25841,ABTB2,25841
gene_140,ACAA1|30,ACAA1,30
gene_141,ACAA2|10449,ACAA2,10449
gene_142,ACACA|31,ACACA,31
gene_143,ACACB|32,ACACB,32
gene_144,ACAD10|80724,ACAD10,80724
gene_145,ACAD11|84129,ACAD11,84129
gene_146,ACAD8|27034,ACAD8,27034
gene_147,ACAD9|28976,ACAD9,28976
gene_148,ACADL|33,ACADL,33
gene_149,ACADM|34,ACADM,34
gene_150,ACADSB|36,ACADSB,36
gene_151,ACADS|35,ACADS,35
gene_152,ACADVL|37,ACADVL,37
gene_153,ACAN|176,ACAN,176
gene_154,ACAP1|9744,ACAP1,9744
gene_155,ACAP2|23527,ACAP2,23527
gene_156,ACAP3|116983,ACAP3,116983
gene_157,ACAT1|38,ACAT1,38
gene_158,ACAT2|39,ACAT2,39
gene_159,ACBD3|64746,ACBD3,64746
gene_160,ACBD4|79777,ACBD4,79777
gene_161,ACBD5|91452,ACBD5,91452
gene_162,ACBD6|84320,ACBD6,84320
gene_163,ACBD7|414149,ACBD7,414149
gene_164,ACCN1|40,ACCN1,40
gene_165,ACCN2|41,ACCN2,41
gene_166,ACCN3|9311,ACCN3,9311
gene_167,ACCN4|55515,ACCN4,55515
gene_168,ACCN5|51802,ACCN5,51802
gene_169,ACCSL|390110,ACCSL,390110
gene_170,ACCS|84680,ACCS,84680
gene_171,ACD|65057,ACD,65057
gene_172,ACE2|59272,ACE2,59272
gene_173,ACER1|125981,ACER1,125981
gene_174,ACER2|340485,ACER2,340485
gene_175,ACER3|55331,ACER3,55331
gene_176,ACE|1636,ACE,1636
gene_177,ACHE|43,ACHE,43
gene_178,ACIN1|22985,ACIN1,22985
gene_179,ACLY|47,ACLY,47
gene_180,ACMSD|130013,ACMSD,130013
gene_181,ACN9|57001,ACN9,57001
gene_182,ACO1|48,ACO1,48
gene_183,ACO2|50,ACO2,50
gene_184,ACOT11|26027,ACOT11,26027
gene_185,ACOT12|134526,ACOT12,134526
gene_186,ACOT13|55856,ACOT13,55856
gene_187,ACOT1|641371,ACOT1,641371
gene_188,ACOT2|10965,ACOT2,10965
gene_189,ACOT4|122970,ACOT4,122970
gene_190,ACOT6|641372,ACOT6,641372
gene_191,ACOT7|11332,ACOT7,11332
gene_192,ACOT8|10005,ACOT8,10005
gene_193,ACOT9|23597,ACOT9,23597
gene_194,ACOX1|51,ACOX1,51
gene_195,ACOX2|8309,ACOX2,8309
gene_196,ACOX3|8310,ACOX3,8310
gene_197,ACOXL|55289,ACOXL,55289
gene_198,ACP1|52,ACP1,52
gene_199,ACP2|53,ACP2,53
gene_200,ACP5|54,ACP5,54
gene_201,ACP6|51205,ACP6,51205
gene_202,ACPL2|92370,ACPL2,92370
gene_203,ACPP|55,ACPP,55
gene_204,ACPT|93650,ACPT,93650
gene_205,ACRBP|84519,ACRBP,84519
gene_206,ACRC|93953,ACRC,93953
gene_207,ACRV1|56,ACRV1,56
gene_208,ACR|49,ACR,49
gene_209,ACSBG1|23205,ACSBG1,23205
gene_210,ACSBG2|81616,ACSBG2,81616
gene_211,ACSF2|80221,ACSF2,80221
gene_212,ACSF3|197322,ACSF3,197322
gene_213,ACSL1|2180,ACSL1,2180
gene_214,ACSL3|2181,ACSL3,2181
gene_215,ACSL4|2182,ACSL4,2182
gene_216,ACSL5|51703,ACSL5,51703
gene_217,ACSL6|23305,ACSL6,23305
gene_218,ACSM1|116285,ACSM1,116285
gene_219,ACSM2A|123876,ACSM2A,123876
gene_220,ACSM2B|348158,ACSM2B,348158
gene_221,ACSM3|6296,ACSM3,6296
gene_222,ACSM4|341392,ACSM4,341392
gene_223,ACSM5|54988,ACSM5,54988
gene_224,ACSS1|84532,ACSS1,84532
gene_225,ACSS2|55902,ACSS2,55902
gene_226,ACSS3|79611,ACSS3,79611
gene_227,ACTA1|58,ACTA1,58
gene_228,ACTA2|59,ACTA2,59
gene_229,ACTBL2|345651,ACTBL2,345651
gene_230,ACTB|60,ACTB,60
gene_231,ACTC1|70,ACTC1,70
gene_232,ACTG1|71,ACTG1,71
gene_233,ACTG2|72,ACTG2,72
gene_234,ACTL6A|86,ACTL6A,86
gene_235,ACTL6B|51412,ACTL6B,51412
gene_236,ACTL7A|10881,ACTL7A,10881
gene_237,ACTL7B|10880,ACTL7B,10880
gene_238,ACTL8|81569,ACTL8,81569
gene_239,ACTL9|284382,ACTL9,284382
gene_240,ACTN1|87,ACTN1,87
gene_241,ACTN2|88,ACTN2,88
gene_242,ACTN3|89,ACTN3,89
gene_243,ACTN4|81,ACTN4,81
gene_244,ACTR10|55860,ACTR10,55860
gene_245,ACTR1A|10121,ACTR1A,10121
gene_246,ACTR1B|10120,ACTR1B,10120
gene_247,ACTR2|10097,ACTR2,10097
gene_248,ACTR3B|57180,ACTR3B,57180
gene_249,ACTR3C|653857,ACTR3C,653857
gene_250,ACTR3|10096,ACTR3,10096
gene_251,ACTR5|79913,ACTR5,79913
gene_252,ACTR6|64431,ACTR6,64431
gene_253,ACTR8|93973,ACTR8,93973
gene_254,ACTRT1|139741,ACTRT1,139741
gene_255,ACTRT2|140625,ACTRT2,140625
gene_256,ACVR1B|91,ACVR1B,91
gene_257,ACVR1C|130399,ACVR1C,130399
gene_258,ACVR1|90,ACVR1,90
gene_259,ACVR2A|92,ACVR2A,92
gene_260,ACVR2B|93,ACVR2B,93
gene_261,ACVRL1|94,ACVRL1,94
gene_262,ACY1|95,ACY1,95
gene_263,ACY3|91703,ACY3,91703
gene_264,ACYP1|97,ACYP1,97
gene_265,ACYP2|98,ACYP2,98
gene_266,ADAD1|132612,ADAD1,132612
gene_267,ADAD2|161931,ADAD2,161931
gene_268,ADAL|161823,ADAL,161823
gene_269,ADAM10|102,ADAM10,102
gene_270,ADAM11|4185,ADAM11,4185
gene_271,ADAM12|8038,ADAM12,8038
gene_272,ADAM15|8751,ADAM15,8751
gene_273,ADAM17|6868,ADAM17,6868
gene_274,ADAM18|8749,ADAM18,8749
gene_275,ADAM19|8728,ADAM19,8728
gene_276,ADAM20|8748,ADAM20,8748
gene_277,ADAM21P1|145241,ADAM21P1,145241
gene_278,ADAM21|8747,ADAM21,8747
gene_279,ADAM22|53616,ADAM22,53616
gene_280,ADAM23|8745,ADAM23,8745
gene_281,ADAM28|10863,ADAM28,10863
gene_282,ADAM29|11086,ADAM29,11086
gene_283,ADAM2|2515,ADAM2,2515
gene_284,ADAM30|11085,ADAM30,11085
gene_285,ADAM32|203102,ADAM32,203102
gene_286,ADAM33|80332,ADAM33,80332
gene_287,ADAM3A|1587,ADAM3A,1587
gene_288,ADAM5P|255926,ADAM5P,255926
gene_289,ADAM6|8755,ADAM6,8755
gene_290,ADAM7|8756,ADAM7,8756
gene_291,ADAM8|101,ADAM8,101
gene_292,ADAM9|8754,ADAM9,8754
gene_293,ADAMDEC1|27299,ADAMDEC1,27299
gene_294,ADAMTS10|81794,ADAMTS10,81794
gene_295,ADAMTS12|81792,ADAMTS12,81792
gene_296,ADAMTS13|11093,ADAMTS13,11093
gene_297,ADAMTS14|140766,ADAMTS14,140766
gene_298,ADAMTS15|170689,ADAMTS15,170689
gene_299,ADAMTS16|170690,ADAMTS16,170690
gene_300,ADAMTS17|170691,ADAMTS17,170691
gene_301,ADAMTS18|170692,ADAMTS18,170692
gene_302,ADAMTS19|171019,ADAMTS19,171019
gene_303,ADAMTS1|9510,ADAMTS1,9510
gene_304,ADAMTS20|80070,ADAMTS20,80070
gene_305,ADAMTS2|9509,ADAMTS2,9509
gene_306,ADAMTS3|9508,ADAMTS3,9508
gene_307,ADAMTS4|9507,ADAMTS4,9507
gene_308,ADAMTS5|11096,ADAMTS5,11096
gene_309,ADAMTS6|11174,ADAMTS6,11174
gene_310,ADAMTS7|11173,ADAMTS7,11173
gene_311,ADAMTS8|11095,ADAMTS8,11095
gene_312,ADAMTS9|56999,ADAMTS9,56999
gene_313,ADAMTSL1|92949,ADAMTSL1,92949
gene_314,ADAMTSL2|9719,ADAMTSL2,9719
gene_315,ADAMTSL3|57188,ADAMTSL3,57188
gene_316,ADAMTSL4|54507,ADAMTSL4,54507
gene_317,ADAMTSL5|339366,ADAMTSL5,339366
gene_318,ADAP1|11033,ADAP1,11033
gene_319,ADAP2|55803,ADAP2,55803
gene_320,ADARB1|104,ADARB1,104
gene_321,ADARB2|105,ADARB2,105
gene_322,ADAR|103,ADAR,103
gene_323,ADAT1|23536,ADAT1,23536
gene_324,ADAT2|134637,ADAT2,134637
gene_325,ADAT3|113179,ADAT3,113179
gene_326,ADA|100,ADA,100
gene_327,ADCK1|57143,ADCK1,57143
gene_328,ADCK2|90956,ADCK2,90956
gene_329,ADCK4|79934,ADCK4,79934
gene_330,ADCK5|203054,ADCK5,203054
gene_331,ADCY10|55811,ADCY10,55811
gene_332,ADCY1|107,ADCY1,107
gene_333,ADCY2|108,ADCY2,108
gene_334,ADCY3|109,ADCY3,109
gene_335,ADCY4|196883,ADCY4,196883
gene_336,ADCY5|111,ADCY5,111
gene_337,ADCY6|112,ADCY6,112
gene_338,ADCY7|113,ADCY7,113
gene_339,ADCY8|114,ADCY8,114
gene_340,ADCY9|115,ADCY9,115
gene_341,ADCYAP1R1|117,ADCYAP1R1,117
gene_342,ADCYAP1|116,ADCYAP1,116
gene_343,ADC|113451,ADC,113451
gene_344,ADD1|118,ADD1,118
gene_345,ADD2|119,ADD2,119
gene_346,ADD3|120,ADD3,120
gene_347,ADH1A|124,ADH1A,124
gene_348,ADH1B|125,ADH1B,125
gene_349,ADH1C|126,ADH1C,126
gene_350,ADH4|127,ADH4,127
gene_351,ADH5|128,ADH5,128
gene_352,ADH6|130,ADH6,130
gene_353,ADH7|131,ADH7,131
gene_354,ADHFE1|137872,ADHFE1,137872
gene_355,ADI1|55256,ADI1,55256
gene_356,ADIG|149685,ADIG,149685
gene_357,ADIPOQ|9370,ADIPOQ,9370
gene_358,ADIPOR1|51094,ADIPOR1,51094
gene_359,ADIPOR2|79602,ADIPOR2,79602
gene_360,ADK|132,ADK,132
gene_361,ADM2|79924,ADM2,79924
gene_362,ADM|133,ADM,133
gene_363,ADNP2|22850,ADNP2,22850
gene_364,ADNP|23394,ADNP,23394
gene_365,ADORA1|134,ADORA1,134
gene_366,ADORA2A|135,ADORA2A,135
gene_367,ADORA2B|136,ADORA2B,136
gene_368,ADORA3|140,ADORA3,140
gene_369,ADO|84890,ADO,84890
gene_370,ADPGK|83440,ADPGK,83440
gene_371,ADPRHL1|113622,ADPRHL1,113622
gene_372,ADPRHL2|54936,ADPRHL2,54936
gene_373,ADPRH|141,ADPRH,141
gene_374,ADRA1A|148,ADRA1A,148
gene_375,ADRA1B|147,ADRA1B,147
gene_376,ADRA1D|146,ADRA1D,146
gene_377,ADRA2A|150,ADRA2A,150
gene_378,ADRA2B|151,ADRA2B,151
gene_379,ADRA2C|152,ADRA2C,152
gene_380,ADRB1|153,ADRB1,153
gene_381,ADRB2|154,ADRB2,154
gene_382,ADRB3|155,ADRB3,155
gene_383,ADRBK1|156,ADRBK1,156
gene_384,ADRBK2|157,ADRBK2,157
gene_385,ADRM1|11047,ADRM1,11047
gene_386,ADSL|158,ADSL,158
gene_387,ADSSL1|122622,ADSSL1,122622
gene_388,ADSS|159,ADSS,159
gene_389,AEBP1|165,AEBP1,165
gene_390,AEBP2|121536,AEBP2,121536
gene_391,AEN|64782,AEN,64782
gene_392,AES|166,AES,166
gene_393,AFAP1L1|134265,AFAP1L1,134265
gene_394,AFAP1L2|84632,AFAP1L2,84632
gene_395,AFAP1|60312,AFAP1,60312
gene_396,AFARP1|246182,AFARP1,246182
gene_397,AFF1|4299,AFF1,4299
gene_398,AFF2|2334,AFF2,2334
gene_399,AFF3|3899,AFF3,3899
gene_400,AFF4|27125,AFF4,27125
gene_401,AFG3L1|172,AFG3L1,172
gene_402,AFG3L2|10939,AFG3L2,10939
gene_403,AFMID|125061,AFMID,125061
gene_404,AFM|173,AFM,173
gene_405,AFP|174,AFP,174
gene_406,AFTPH|54812,AFTPH,54812
gene_407,AG2|387763,AG2,387763
gene_408,AGAP11|119385,AGAP11,119385
gene_409,AGAP1|116987,AGAP1,116987
gene_410,AGAP2|116986,AGAP2,116986
gene_411,AGAP3|116988,AGAP3,116988
gene_412,AGAP4|119016,AGAP4,119016
gene_413,AGAP5|729092,AGAP5,729092
gene_414,AGAP6|414189,AGAP6,414189
gene_415,AGAP7|653268,AGAP7,653268
gene_416,AGAP8|728404,AGAP8,728404
gene_417,AGA|175,AGA,175
gene_418,AGBL1|123624,AGBL1,123624
gene_419,AGBL2|79841,AGBL2,79841
gene_420,AGBL3|340351,AGBL3,340351
gene_421,AGBL4|84871,AGBL4,84871
gene_422,AGBL5|60509,AGBL5,60509
gene_423,AGER|177,AGER,177
gene_424,AGFG1|3267,AGFG1,3267
gene_425,AGFG2|3268,AGFG2,3268
gene_426,AGGF1|55109,AGGF1,55109
gene_427,AGK|55750,AGK,55750
gene_428,AGL|178,AGL,178
gene_429,AGMAT|79814,AGMAT,79814
gene_430,AGPAT1|10554,AGPAT1,10554
gene_431,AGPAT2|10555,AGPAT2,10555
gene_432,AGPAT3|56894,AGPAT3,56894
gene_433,AGPAT4|56895,AGPAT4,56895
gene_434,AGPAT5|55326,AGPAT5,55326
gene_435,AGPAT6|137964,AGPAT6,137964
gene_436,AGPAT9|84803,AGPAT9,84803
gene_437,AGPHD1|123688,AGPHD1,123688
gene_438,AGPS|8540,AGPS,8540
gene_439,AGR2|10551,AGR2,10551
gene_440,AGR3|155465,AGR3,155465
gene_441,AGRN|375790,AGRN,375790
gene_442,AGRP|181,AGRP,181
gene_443,AGTPBP1|23287,AGTPBP1,23287
gene_444,AGTR1|185,AGTR1,185
gene_445,AGTR2|186,AGTR2,186
gene_446,AGTRAP|57085,AGTRAP,57085
gene_447,AGT|183,AGT,183
gene_448,AGXT2L1|64850,AGXT2L1,64850
gene_449,AGXT2L2|85007,AGXT2L2,85007
gene_450,AGXT2|64902,AGXT2,64902
gene_451,AGXT|189,AGXT,189
gene_452,AHCTF1|25909,AHCTF1,25909
gene_453,AHCYL1|10768,AHCYL1,10768
gene_454,AHCYL2|23382,AHCYL2,23382
gene_455,AHCY|191,AHCY,191
gene_456,AHDC1|27245,AHDC1,27245
gene_457,AHI1|54806,AHI1,54806
gene_458,AHNAK2|113146,AHNAK2,113146
gene_459,AHNAK|79026,AHNAK,79026
gene_460,AHRR|57491,AHRR,57491
gene_461,AHR|196,AHR,196
gene_462,AHSA1|10598,AHSA1,10598
gene_463,AHSA2|130872,AHSA2,130872
gene_464,AHSG|197,AHSG,197
gene_465,AHSP|51327,AHSP,51327
gene_466,AICDA|57379,AICDA,57379
gene_467,AIDA|64853,AIDA,64853
gene_468,AIF1L|83543,AIF1L,83543
gene_469,AIF1|199,AIF1,199
gene_470,AIFM1|9131,AIFM1,9131
gene_471,AIFM2|84883,AIFM2,84883
gene_472,AIFM3|150209,AIFM3,150209
gene_473,AIG1|51390,AIG1,51390
gene_474,AIM1L|55057,AIM1L,55057
gene_475,AIM1|202,AIM1,202
gene_476,AIM2|9447,AIM2,9447
gene_477,AIMP1|9255,AIMP1,9255
gene_478,AIMP2|7965,AIMP2,7965
gene_479,AIPL1|23746,AIPL1,23746
gene_480,AIP|9049,AIP,9049
gene_481,AIRE|326,AIRE,326
gene_482,AJAP1|55966,AJAP1,55966
gene_483,AK1|203,AK1,203
gene_484,AK2|204,AK2,204
gene_485,AK3L1|205,AK3L1,205
gene_486,AK3|50808,AK3,50808
gene_487,AK5|26289,AK5,26289
gene_488,AK7|122481,AK7,122481
gene_489,AKAP10|11216,AKAP10,11216
gene_490,AKAP11|11215,AKAP11,11215
gene_491,AKAP12|9590,AKAP12,9590
gene_492,AKAP13|11214,AKAP13,11214
gene_493,AKAP14|158798,AKAP14,158798
gene_494,AKAP1|8165,AKAP1,8165
gene_495,AKAP2|11217,AKAP2,11217
gene_496,AKAP3|10566,AKAP3,10566
gene_497,AKAP4|8852,AKAP4,8852
gene_498,AKAP5|9495,AKAP5,9495
gene_499,AKAP6|9472,AKAP6,9472
gene_500,AKAP7|9465,AKAP7,9465
gene_501,AKAP8L|26993,AKAP8L,26993
gene_502,AKAP8|10270,AKAP8,10270
gene_503,AKAP9|10142,AKAP9,10142
gene_504,AKD1|221264,AKD1,221264
gene_505,AKIRIN1|79647,AKIRIN1,79647
gene_506,AKIRIN2|55122,AKIRIN2,55122
gene_507,AKNAD1|254268,AKNAD1,254268
gene_508,AKNA|80709,AKNA,80709
gene_509,AKR1A1|10327,AKR1A1,10327
gene_510,AKR1B10|57016,AKR1B10,57016
gene_511,AKR1B15|441282,AKR1B15,441282
gene_512,AKR1B1|231,AKR1B1,231
gene_513,AKR1C1|1645,AKR1C1,1645
gene_514,AKR1C2|1646,AKR1C2,1646
gene_515,AKR1C3|8644,AKR1C3,8644
gene_516,AKR1C4|1109,AKR1C4,1109
gene_517,AKR1CL1|340811,AKR1CL1,340811
gene_518,AKR1D1|6718,AKR1D1,6718
gene_519,AKR1E2|83592,AKR1E2,83592
gene_520,AKR7A2|8574,AKR7A2,8574
gene_521,AKR7A3|22977,AKR7A3,22977
gene_522,AKR7L|246181,AKR7L,246181
gene_523,AKT1S1|84335,AKT1S1,84335
gene_524,AKT1|207,AKT1,207
gene_525,AKT2|208,AKT2,208
gene_526,AKT3|10000,AKT3,10000
gene_527,AKTIP|64400,AKTIP,64400
gene_528,ALAD|210,ALAD,210
gene_529,ALAS1|211,ALAS1,211
gene_530,ALAS2|212,ALAS2,212
gene_531,ALB|213,ALB,213
gene_532,ALCAM|214,ALCAM,214
gene_533,ALDH16A1|126133,ALDH16A1,126133
gene_534,ALDH18A1|5832,ALDH18A1,5832
gene_535,ALDH1A1|216,ALDH1A1,216
gene_536,ALDH1A2|8854,ALDH1A2,8854
gene_537,ALDH1A3|220,ALDH1A3,220
gene_538,ALDH1B1|219,ALDH1B1,219
gene_539,ALDH1L1|10840,ALDH1L1,10840
gene_540,ALDH1L2|160428,ALDH1L2,160428
gene_541,ALDH2|217,ALDH2,217
gene_542,ALDH3A1|218,ALDH3A1,218
gene_543,ALDH3A2|224,ALDH3A2,224
gene_544,ALDH3B1|221,ALDH3B1,221
gene_545,ALDH3B2|222,ALDH3B2,222
gene_546,ALDH4A1|8659,ALDH4A1,8659
gene_547,ALDH5A1|7915,ALDH5A1,7915
gene_548,ALDH6A1|4329,ALDH6A1,4329
gene_549,ALDH7A1|501,ALDH7A1,501
gene_550,ALDH8A1|64577,ALDH8A1,64577
gene_551,ALDH9A1|223,ALDH9A1,223
gene_552,ALDOA|226,ALDOA,226
gene_553,ALDOB|229,ALDOB,229
gene_554,ALDOC|230,ALDOC,230
gene_555,ALG10B|144245,ALG10B,144245
gene_556,ALG10|84920,ALG10,84920
gene_557,ALG11|440138,ALG11,440138
gene_558,ALG12|79087,ALG12,79087
gene_559,ALG13|79868,ALG13,79868
gene_560,ALG14|199857,ALG14,199857
gene_561,ALG1L2|644974,ALG1L2,644974
gene_562,ALG1L|200810,ALG1L,200810
gene_563,ALG1|56052,ALG1,56052
gene_564,ALG2|85365,ALG2,85365
gene_565,ALG3|10195,ALG3,10195
gene_566,ALG5|29880,ALG5,29880
gene_567,ALG6|29929,ALG6,29929
gene_568,ALG8|79053,ALG8,79053
gene_569,ALG9|79796,ALG9,79796
gene_570,ALKBH1|8846,ALKBH1,8846
gene_571,ALKBH2|121642,ALKBH2,121642
gene_572,ALKBH3|221120,ALKBH3,221120
gene_573,ALKBH4|54784,ALKBH4,54784
gene_574,ALKBH5|54890,ALKBH5,54890
gene_575,ALKBH6|84964,ALKBH6,84964
gene_576,ALKBH7|84266,ALKBH7,84266
gene_577,ALKBH8|91801,ALKBH8,91801
gene_578,ALK|238,ALK,238
gene_579,ALLC|55821,ALLC,55821
gene_580,ALMS1P|200420,ALMS1P,200420
gene_581,ALMS1|7840,ALMS1,7840
gene_582,ALOX12B|242,ALOX12B,242
gene_583,ALOX12P2|245,ALOX12P2,245
gene_584,ALOX12|239,ALOX12,239
gene_585,ALOX15B|247,ALOX15B,247
gene_586,ALOX15|246,ALOX15,246
gene_587,ALOX5AP|241,ALOX5AP,241
gene_588,ALOX5|240,ALOX5,240
gene_589,ALOXE3|59344,ALOXE3,59344
gene_590,ALPI|248,ALPI,248
gene_591,ALPK1|80216,ALPK1,80216
gene_592,ALPK2|115701,ALPK2,115701
gene_593,ALPK3|57538,ALPK3,57538
gene_594,ALPL|249,ALPL,249
gene_595,ALPPL2|251,ALPPL2,251
gene_596,ALPP|250,ALPP,250
gene_597,ALS2CL|259173,ALS2CL,259173
gene_598,ALS2CR11|151254,ALS2CR11,151254
gene_599,ALS2CR12|130540,ALS2CR12,130540
gene_600,ALS2CR4|65062,ALS2CR4,65062
gene_601,ALS2CR8|79800,ALS2CR8,79800
gene_602,ALS2|57679,ALS2,57679
gene_603,ALX1|8092,ALX1,8092
gene_604,ALX3|257,ALX3,257
gene_605,ALX4|60529,ALX4,60529
gene_606,AMAC1L2|83650,AMAC1L2,83650
gene_607,AMAC1L3|643664,AMAC1L3,643664
gene_608,AMAC1|146861,AMAC1,146861
gene_609,AMACR|23600,AMACR,23600
gene_610,AMBN|258,AMBN,258
gene_611,AMBP|259,AMBP,259
gene_612,AMBRA1|55626,AMBRA1,55626
gene_613,AMD1|262,AMD1,262
gene_614,AMDHD1|144193,AMDHD1,144193
gene_615,AMDHD2|51005,AMDHD2,51005
gene_616,AMELX|265,AMELX,265
gene_617,AMELY|266,AMELY,266
gene_618,AMFR|267,AMFR,267
gene_619,AMHR2|269,AMHR2,269
gene_620,AMH|268,AMH,268
gene_621,AMICA1|120425,AMICA1,120425
gene_622,AMIGO1|57463,AMIGO1,57463
gene_623,AMIGO2|347902,AMIGO2,347902
gene_624,AMIGO3|386724,AMIGO3,386724
gene_625,AMMECR1L|83607,AMMECR1L,83607
gene_626,AMMECR1|9949,AMMECR1,9949
gene_627,AMN1|196394,AMN1,196394
gene_628,AMN|81693,AMN,81693
gene_629,AMOTL1|154810,AMOTL1,154810
gene_630,AMOTL2|51421,AMOTL2,51421
gene_631,AMOT|154796,AMOT,154796
gene_632,AMPD1|270,AMPD1,270
gene_633,AMPD2|271,AMPD2,271
gene_634,AMPD3|272,AMPD3,272
gene_635,AMPH|273,AMPH,273
gene_636,AMTN|401138,AMTN,401138
gene_637,AMT|275,AMT,275
gene_638,AMY1A|276,AMY1A,276
gene_639,AMY2A|279,AMY2A,279
gene_640,AMY2B|280,AMY2B,280
gene_641,AMZ1|155185,AMZ1,155185
gene_642,AMZ2P1|201283,AMZ2P1,201283
gene_643,AMZ2|51321,AMZ2,51321
gene_644,ANAPC10|10393,ANAPC10,10393
gene_645,ANAPC11|51529,ANAPC11,51529
gene_646,ANAPC13|25847,ANAPC13,25847
gene_647,ANAPC16|119504,ANAPC16,119504
gene_648,ANAPC1|64682,ANAPC1,64682
gene_649,ANAPC2|29882,ANAPC2,29882
gene_650,ANAPC4|29945,ANAPC4,29945
gene_651,ANAPC5|51433,ANAPC5,51433
gene_652,ANAPC7|51434,ANAPC7,51434
gene_653,ANGEL1|23357,ANGEL1,23357
gene_654,ANGEL2|90806,ANGEL2,90806
gene_655,ANGPT1|284,ANGPT1,284
gene_656,ANGPT2|285,ANGPT2,285
gene_657,ANGPT4|51378,ANGPT4,51378
gene_658,ANGPTL1|9068,ANGPTL1,9068
gene_659,ANGPTL2|23452,ANGPTL2,23452
gene_660,ANGPTL3|27329,ANGPTL3,27329
gene_661,ANGPTL4|51129,ANGPTL4,51129
gene_662,ANGPTL5|253935,ANGPTL5,253935
gene_663,ANGPTL6|83854,ANGPTL6,83854
gene_664,ANGPTL7|10218,ANGPTL7,10218
gene_665,ANG|283,ANG,283
gene_666,ANK1|286,ANK1,286
gene_667,ANK2|287,ANK2,287
gene_668,ANK3|288,ANK3,288
gene_669,ANKAR|150709,ANKAR,150709
gene_670,ANKDD1A|348094,ANKDD1A,348094
gene_671,ANKFN1|162282,ANKFN1,162282
gene_672,ANKFY1|51479,ANKFY1,51479
gene_673,ANKHD1-EIF4EBP3|404734,ANKHD1-EIF4EBP3,404734
gene_674,ANKHD1|54882,ANKHD1,54882
gene_675,ANKH|56172,ANKH,56172
gene_676,ANKIB1|54467,ANKIB1,54467
gene_677,ANKK1|255239,ANKK1,255239
gene_678,ANKLE1|126549,ANKLE1,126549
gene_679,ANKLE2|23141,ANKLE2,23141
gene_680,ANKMY1|51281,ANKMY1,51281
gene_681,ANKMY2|57037,ANKMY2,57037
gene_682,ANKRA2|57763,ANKRA2,57763
gene_683,ANKRD10|55608,ANKRD10,55608
gene_684,ANKRD11|29123,ANKRD11,29123
gene_685,ANKRD12|23253,ANKRD12,23253
gene_686,ANKRD13A|88455,ANKRD13A,88455
gene_687,ANKRD13B|124930,ANKRD13B,124930
gene_688,ANKRD13C|81573,ANKRD13C,81573
gene_689,ANKRD13D|338692,ANKRD13D,338692
gene_690,ANKRD16|54522,ANKRD16,54522
gene_691,ANKRD17|26057,ANKRD17,26057
gene_692,ANKRD19|138649,ANKRD19,138649
gene_693,ANKRD1|27063,ANKRD1,27063
gene_694,ANKRD20A3|441425,ANKRD20A3,441425
gene_695,ANKRD20A4|728747,ANKRD20A4,728747
gene_696,ANKRD20B|729171,ANKRD20B,729171
gene_697,ANKRD22|118932,ANKRD22,118932
gene_698,ANKRD23|200539,ANKRD23,200539
gene_699,ANKRD24|170961,ANKRD24,170961
gene_700,ANKRD26P1|124149,ANKRD26P1,124149
gene_701,ANKRD26|22852,ANKRD26,22852
gene_702,ANKRD27|84079,ANKRD27,84079
gene_703,ANKRD28|23243,ANKRD28,23243
gene_704,ANKRD29|147463,ANKRD29,147463
gene_705,ANKRD2|26287,ANKRD2,26287
gene_706,ANKRD30A|91074,ANKRD30A,91074
gene_707,ANKRD30B|374860,ANKRD30B,374860
gene_708,ANKRD31|256006,ANKRD31,256006
gene_709,ANKRD32|84250,ANKRD32,84250
gene_710,ANKRD33|341405,ANKRD33,341405
gene_711,ANKRD34A|284615,ANKRD34A,284615
gene_712,ANKRD34B|340120,ANKRD34B,340120
gene_713,ANKRD34C|390616,ANKRD34C,390616
gene_714,ANKRD35|148741,ANKRD35,148741
gene_715,ANKRD36BP1|84832,ANKRD36BP1,84832
gene_716,ANKRD36B|57730,ANKRD36B,57730
gene_717,ANKRD36|375248,ANKRD36,375248
gene_718,ANKRD37|353322,ANKRD37,353322
gene_719,ANKRD39|51239,ANKRD39,51239
gene_720,ANKRD40|91369,ANKRD40,91369
gene_721,ANKRD42|338699,ANKRD42,338699
gene_722,ANKRD43|134548,ANKRD43,134548
gene_723,ANKRD44|91526,ANKRD44,91526
gene_724,ANKRD45|339416,ANKRD45,339416
gene_725,ANKRD46|157567,ANKRD46,157567
gene_726,ANKRD49|54851,ANKRD49,54851
gene_727,ANKRD50|57182,ANKRD50,57182
gene_728,ANKRD52|283373,ANKRD52,283373
gene_729,ANKRD53|79998,ANKRD53,79998
gene_730,ANKRD54|129138,ANKRD54,129138
gene_731,ANKRD55|79722,ANKRD55,79722
gene_732,ANKRD56|345079,ANKRD56,345079
gene_733,ANKRD57|65124,ANKRD57,65124
gene_734,ANKRD58|347454,ANKRD58,347454
gene_735,ANKRD5|63926,ANKRD5,63926
gene_736,ANKRD6|22881,ANKRD6,22881
gene_737,ANKRD7|56311,ANKRD7,56311
gene_738,ANKRD9|122416,ANKRD9,122416
gene_739,ANKS1A|23294,ANKS1A,23294
gene_740,ANKS1B|56899,ANKS1B,56899
gene_741,ANKS3|124401,ANKS3,124401
gene_742,ANKS4B|257629,ANKS4B,257629
gene_743,ANKS6|203286,ANKS6,203286
gene_744,ANKZF1|55139,ANKZF1,55139
gene_745,ANLN|54443,ANLN,54443
gene_746,ANO10|55129,ANO10,55129
gene_747,ANO1|55107,ANO1,55107
gene_748,ANO2|57101,ANO2,57101
gene_749,ANO3|63982,ANO3,63982
gene_750,ANO4|121601,ANO4,121601
gene_751,ANO5|203859,ANO5,203859
gene_752,ANO6|196527,ANO6,196527
gene_753,ANO7|50636,ANO7,50636
gene_754,ANO8|57719,ANO8,57719
gene_755,ANO9|338440,ANO9,338440
gene_756,ANP32A|8125,ANP32A,8125
gene_757,ANP32B|10541,ANP32B,10541
gene_758,ANP32C|23520,ANP32C,23520
gene_759,ANP32D|23519,ANP32D,23519
gene_760,ANP32E|81611,ANP32E,81611
gene_761,ANPEP|290,ANPEP,290
gene_762,ANTXR1|84168,ANTXR1,84168
gene_763,ANTXR2|118429,ANTXR2,118429
gene_764,ANTXRL|195977,ANTXRL,195977
gene_765,ANUBL1|93550,ANUBL1,93550
gene_766,ANXA10|11199,ANXA10,11199
gene_767,ANXA11|311,ANXA11,311
gene_768,ANXA13|312,ANXA13,312
gene_769,ANXA1|301,ANXA1,301
gene_770,ANXA2P1|303,ANXA2P1,303
gene_771,ANXA2P2|304,ANXA2P2,304
gene_772,ANXA2P3|305,ANXA2P3,305
gene_773,ANXA2|302,ANXA2,302
gene_774,ANXA3|306,ANXA3,306
gene_775,ANXA4|307,ANXA4,307
gene_776,ANXA5|308,ANXA5,308
gene_777,ANXA6|309,ANXA6,309
gene_778,ANXA7|310,ANXA7,310
gene_779,ANXA8L1|728113,ANXA8L1,728113
gene_780,ANXA8L2|244,ANXA8L2,244
gene_781,ANXA8|653145,ANXA8,653145
gene_782,ANXA9|8416,ANXA9,8416
gene_783,AOAH|313,AOAH,313
gene_784,AOC2|314,AOC2,314
gene_785,AOC3|8639,AOC3,8639
gene_786,AOX1|316,AOX1,316
gene_787,AOX2P|344454,AOX2P,344454
gene_788,AP1AR|55435,AP1AR,55435
gene_789,AP1B1|162,AP1B1,162
gene_790,AP1G1|164,AP1G1,164
gene_791,AP1G2|8906,AP1G2,8906
gene_792,AP1M1|8907,AP1M1,8907
gene_793,AP1M2|10053,AP1M2,10053
gene_794,AP1S1|1174,AP1S1,1174
gene_795,AP1S2|8905,AP1S2,8905
gene_796,AP1S3|130340,AP1S3,130340
gene_797,AP2A1|160,AP2A1,160
gene_798,AP2A2|161,AP2A2,161
gene_799,AP2B1|163,AP2B1,163
gene_800,AP2M1|1173,AP2M1,1173
gene_801,AP2S1|1175,AP2S1,1175
gene_802,AP3B1|8546,AP3B1,8546
gene_803,AP3B2|8120,AP3B2,8120
gene_804,AP3D1|8943,AP3D1,8943
gene_805,AP3M1|26985,AP3M1,26985
gene_806,AP3M2|10947,AP3M2,10947
gene_807,AP3S1|1176,AP3S1,1176
gene_808,AP3S2|10239,AP3S2,10239
gene_809,AP4B1|10717,AP4B1,10717
gene_810,AP4E1|23431,AP4E1,23431
gene_811,AP4M1|9179,AP4M1,9179
gene_812,AP4S1|11154,AP4S1,11154
gene_813,APAF1|317,APAF1,317
gene_814,APBA1|320,APBA1,320
gene_815,APBA2|321,APBA2,321
gene_816,APBA3|9546,APBA3,9546
gene_817,APBB1IP|54518,APBB1IP,54518
gene_818,APBB1|322,APBB1,322
gene_819,APBB2|323,APBB2,323
gene_820,APBB3|10307,APBB3,10307
gene_821,APC2|10297,APC2,10297
gene_822,APCDD1L|164284,APCDD1L,164284
gene_823,APCDD1|147495,APCDD1,147495
gene_824,APCS|325,APCS,325
gene_825,APC|324,APC,324
gene_826,APEH|327,APEH,327
gene_827,APEX1|328,APEX1,328
gene_828,APEX2|27301,APEX2,27301
gene_829,APH1A|51107,APH1A,51107
gene_830,APH1B|83464,APH1B,83464
gene_831,API5|8539,API5,8539
gene_832,APIP|51074,APIP,51074
gene_833,APITD1|378708,APITD1,378708
gene_834,APLF|200558,APLF,200558
gene_835,APLNR|187,APLNR,187
gene_836,APLN|8862,APLN,8862
gene_837,APLP1|333,APLP1,333
gene_838,APLP2|334,APLP2,334
gene_839,APOA1BP|128240,APOA1BP,128240
gene_840,APOA1|335,APOA1,335
gene_841,APOA2|336,APOA2,336
gene_842,APOA4|337,APOA4,337
gene_843,APOA5|116519,APOA5,116519
gene_844,APOB48R|55911,APOB48R,55911
gene_845,APOBEC1|339,APOBEC1,339
gene_846,APOBEC2|10930,APOBEC2,10930
gene_847,APOBEC3A|200315,APOBEC3A,200315
gene_848,APOBEC3B|9582,APOBEC3B,9582
gene_849,APOBEC3C|27350,APOBEC3C,27350
gene_850,APOBEC3D|140564,APOBEC3D,140564
gene_851,APOBEC3F|200316,APOBEC3F,200316
gene_852,APOBEC3G|60489,APOBEC3G,60489
gene_853,APOBEC3H|164668,APOBEC3H,164668
gene_854,APOBEC4|403314,APOBEC4,403314
gene_855,APOB|338,APOB,338
gene_856,APOC1P1|342,APOC1P1,342
gene_857,APOC1|341,APOC1,341
gene_858,APOC2|344,APOC2,344
gene_859,APOC3|345,APOC3,345
gene_860,APOC4|346,APOC4,346
gene_861,APOD|347,APOD,347
gene_862,APOE|348,APOE,348
gene_863,APOF|319,APOF,319
gene_864,APOH|350,APOH,350
gene_865,APOL1|8542,APOL1,8542
gene_866,APOL2|23780,APOL2,23780
gene_867,APOL3|80833,APOL3,80833
gene_868,APOL4|80832,APOL4,80832
gene_869,APOL5|80831,APOL5,80831
gene_870,APOL6|80830,APOL6,80830
gene_871,APOLD1|81575,APOLD1,81575
gene_872,APOM|55937,APOM,55937
gene_873,APOOL|139322,APOOL,139322
gene_874,APOO|79135,APOO,79135
gene_875,APPBP2|10513,APPBP2,10513
gene_876,APPL1|26060,APPL1,26060
gene_877,APPL2|55198,APPL2,55198
gene_878,APP|351,APP,351
gene_879,APRT|353,APRT,353
gene_880,APTX|54840,APTX,54840
gene_881,AQP10|89872,AQP10,89872
gene_882,AQP11|282679,AQP11,282679
gene_883,AQP12A|375318,AQP12A,375318
gene_884,AQP12B|653437,AQP12B,653437
gene_885,AQP1|358,AQP1,358
gene_886,AQP2|359,AQP2,359
gene_887,AQP3|360,AQP3,360
gene_888,AQP4|361,AQP4,361
gene_889,AQP5|362,AQP5,362
gene_890,AQP6|363,AQP6,363
gene_891,AQP7P1|375719,AQP7P1,375719
gene_892,AQP7P3|441432,AQP7P3,441432
gene_893,AQP7|364,AQP7,364
gene_894,AQP8|343,AQP8,343
gene_895,AQP9|366,AQP9,366
gene_896,AQPEP|206338,AQPEP,206338
gene_897,AQR|9716,AQR,9716
gene_898,ARAF|369,ARAF,369
gene_899,ARAP1|116985,ARAP1,116985
gene_900,ARAP2|116984,ARAP2,116984
gene_901,ARAP3|64411,ARAP3,64411
gene_902,ARCN1|372,ARCN1,372
gene_903,ARC|23237,ARC,23237
gene_904,AREG|374,AREG,374
gene_905,ARF1|375,ARF1,375
gene_906,ARF3|377,ARF3,377
gene_907,ARF4|378,ARF4,378
gene_908,ARF5|381,ARF5,381
gene_909,ARF6|382,ARF6,382
gene_910,ARFGAP1|55738,ARFGAP1,55738
gene_911,ARFGAP2|84364,ARFGAP2,84364
gene_912,ARFGAP3|26286,ARFGAP3,26286
gene_913,ARFGEF1|10565,ARFGEF1,10565
gene_914,ARFGEF2|10564,ARFGEF2,10564
gene_915,ARFIP1|27236,ARFIP1,27236
gene_916,ARFIP2|23647,ARFIP2,23647
gene_917,ARFRP1|10139,ARFRP1,10139
gene_918,ARG1|383,ARG1,383
gene_919,ARG2|384,ARG2,384
gene_920,ARGFXP2|503640,ARGFXP2,503640
gene_921,ARGFX|503582,ARGFX,503582
gene_922,ARGLU1|55082,ARGLU1,55082
gene_923,ARHGAP10|79658,ARHGAP10,79658
gene_924,ARHGAP11A|9824,ARHGAP11A,9824
gene_925,ARHGAP11B|89839,ARHGAP11B,89839
gene_926,ARHGAP12|94134,ARHGAP12,94134
gene_927,ARHGAP15|55843,ARHGAP15,55843
gene_928,ARHGAP17|55114,ARHGAP17,55114
gene_929,ARHGAP18|93663,ARHGAP18,93663
gene_930,ARHGAP19|84986,ARHGAP19,84986
gene_931,ARHGAP1|392,ARHGAP1,392
gene_932,ARHGAP20|57569,ARHGAP20,57569
gene_933,ARHGAP21|57584,ARHGAP21,57584
gene_934,ARHGAP22|58504,ARHGAP22,58504
gene_935,ARHGAP23|57636,ARHGAP23,57636
gene_936,ARHGAP24|83478,ARHGAP24,83478
gene_937,ARHGAP25|9938,ARHGAP25,9938
gene_938,ARHGAP26|23092,ARHGAP26,23092
gene_939,ARHGAP27|201176,ARHGAP27,201176
gene_940,ARHGAP28|79822,ARHGAP28,79822
gene_941,ARHGAP29|9411,ARHGAP29,9411
gene_942,ARHGAP30|257106,ARHGAP30,257106
gene_943,ARHGAP31|57514,ARHGAP31,57514
gene_944,ARHGAP32|9743,ARHGAP32,9743
gene_945,ARHGAP33|115703,ARHGAP33,115703
gene_946,ARHGAP36|158763,ARHGAP36,158763
gene_947,ARHGAP39|80728,ARHGAP39,80728
gene_948,ARHGAP42|143872,ARHGAP42,143872
gene_949,ARHGAP4|393,ARHGAP4,393
gene_950,ARHGAP5|394,ARHGAP5,394
gene_951,ARHGAP6|395,ARHGAP6,395
gene_952,ARHGAP8|23779,ARHGAP8,23779
gene_953,ARHGAP9|64333,ARHGAP9,64333
gene_954,ARHGDIA|396,ARHGDIA,396
gene_955,ARHGDIB|397,ARHGDIB,397
gene_956,ARHGDIG|398,ARHGDIG,398
gene_957,ARHGEF10L|55160,ARHGEF10L,55160
gene_958,ARHGEF10|9639,ARHGEF10,9639
gene_959,ARHGEF11|9826,ARHGEF11,9826
gene_960,ARHGEF12|23365,ARHGEF12,23365
gene_961,ARHGEF15|22899,ARHGEF15,22899
gene_962,ARHGEF16|27237,ARHGEF16,27237
gene_963,ARHGEF17|9828,ARHGEF17,9828
gene_964,ARHGEF18|23370,ARHGEF18,23370
gene_965,ARHGEF19|128272,ARHGEF19,128272
gene_966,ARHGEF1|9138,ARHGEF1,9138
gene_967,ARHGEF2|9181,ARHGEF2,9181
gene_968,ARHGEF33|100271715,ARHGEF33,100271715
gene_969,ARHGEF35|445328,ARHGEF35,445328
gene_970,ARHGEF37|389337,ARHGEF37,389337
gene_971,ARHGEF38|54848,ARHGEF38,54848
gene_972,ARHGEF3|50650,ARHGEF3,50650
gene_973,ARHGEF4|50649,ARHGEF4,50649
gene_974,ARHGEF5|7984,ARHGEF5,7984
gene_975,ARHGEF6|9459,ARHGEF6,9459
gene_976,ARHGEF7|8874,ARHGEF7,8874
gene_977,ARHGEF9|23229,ARHGEF9,23229
gene_978,ARID1A|8289,ARID1A,8289
gene_979,ARID1B|57492,ARID1B,57492
gene_980,ARID2|196528,ARID2,196528
gene_981,ARID3A|1820,ARID3A,1820
gene_982,ARID3B|10620,ARID3B,10620
gene_983,ARID3C|138715,ARID3C,138715
gene_984,ARID4A|5926,ARID4A,5926
gene_985,ARID4B|51742,ARID4B,51742
gene_986,ARID5A|10865,ARID5A,10865
gene_987,ARID5B|84159,ARID5B,84159
gene_988,ARIH1|25820,ARIH1,25820
gene_989,ARIH2|10425,ARIH2,10425
gene_990,ARL10|285598,ARL10,285598
gene_991,ARL11|115761,ARL11,115761
gene_992,ARL13A|392509,ARL13A,392509
gene_993,ARL13B|200894,ARL13B,200894
gene_994,ARL14|80117,ARL14,80117
gene_995,ARL15|54622,ARL15,54622
gene_996,ARL16|339231,ARL16,339231
gene_997,ARL17A|51326,ARL17A,51326
gene_998,ARL17B|641522,ARL17B,641522
gene_999,ARL1|400,ARL1,400
gene_1000,ARL2BP|23568,ARL2BP,23568
gene_1001,ARL2|402,ARL2,402
gene_1002,ARL3|403,ARL3,403
gene_1003,ARL4A|10124,ARL4A,10124
gene_1004,ARL4C|10123,ARL4C,10123
gene_1005,ARL4D|379,ARL4D,379
gene_1006,ARL5A|26225,ARL5A,26225
gene_1007,ARL5B|221079,ARL5B,221079
gene_1008,ARL5C|390790,ARL5C,390790
gene_1009,ARL6IP1|23204,ARL6IP1,23204
gene_1010,ARL6IP4|51329,ARL6IP4,51329
gene_1011,ARL6IP5|10550,ARL6IP5,10550
gene_1012,ARL6IP6|151188,ARL6IP6,151188
gene_1013,ARL6|84100,ARL6,84100
gene_1014,ARL8A|127829,ARL8A,127829
gene_1015,ARL8B|55207,ARL8B,55207
gene_1016,ARL9|132946,ARL9,132946
gene_1017,ARMC10|83787,ARMC10,83787
gene_1018,ARMC1|55156,ARMC1,55156
gene_1019,ARMC2|84071,ARMC2,84071
gene_1020,ARMC3|219681,ARMC3,219681
gene_1021,ARMC4|55130,ARMC4,55130
gene_1022,ARMC5|79798,ARMC5,79798
gene_1023,ARMC6|93436,ARMC6,93436
gene_1024,ARMC7|79637,ARMC7,79637
gene_1025,ARMC8|25852,ARMC8,25852
gene_1026,ARMC9|80210,ARMC9,80210
gene_1027,ARMCX1|51309,ARMCX1,51309
gene_1028,ARMCX2|9823,ARMCX2,9823
gene_1029,ARMCX3|51566,ARMCX3,51566
gene_1030,ARMCX5|64860,ARMCX5,64860
gene_1031,ARMCX6|54470,ARMCX6,54470
gene_1032,ARMS2|387715,ARMS2,387715
gene_1033,ARNT2|9915,ARNT2,9915
gene_1034,ARNTL2|56938,ARNTL2,56938
gene_1035,ARNTL|406,ARNTL,406
gene_1036,ARNT|405,ARNT,405
gene_1037,ARPC1A|10552,ARPC1A,10552
gene_1038,ARPC1B|10095,ARPC1B,10095
gene_1039,ARPC2|10109,ARPC2,10109
gene_1040,ARPC3|10094,ARPC3,10094
gene_1041,ARPC4|10093,ARPC4,10093
gene_1042,ARPC5L|81873,ARPC5L,81873
gene_1043,ARPC5|10092,ARPC5,10092
gene_1044,ARPM1|84517,ARPM1,84517
gene_1045,ARPP19|10776,ARPP19,10776
gene_1046,ARPP21|10777,ARPP21,10777
gene_1047,ARR3|407,ARR3,407
gene_1048,ARRB1|408,ARRB1,408
gene_1049,ARRB2|409,ARRB2,409
gene_1050,ARRDC1|92714,ARRDC1,92714
gene_1051,ARRDC2|27106,ARRDC2,27106
gene_1052,ARRDC3|57561,ARRDC3,57561
gene_1053,ARRDC4|91947,ARRDC4,91947
gene_1054,ARRDC5|645432,ARRDC5,645432
gene_1055,ARSA|410,ARSA,410
gene_1056,ARSB|411,ARSB,411
gene_1057,ARSD|414,ARSD,414
gene_1058,ARSE|415,ARSE,415
gene_1059,ARSF|416,ARSF,416
gene_1060,ARSG|22901,ARSG,22901
gene_1061,ARSH|347527,ARSH,347527
gene_1062,ARSI|340075,ARSI,340075
gene_1063,ARSJ|79642,ARSJ,79642
gene_1064,ARSK|153642,ARSK,153642
gene_1065,ART1|417,ART1,417
gene_1066,ART3|419,ART3,419
gene_1067,ART4|420,ART4,420
gene_1068,ART5|116969,ART5,116969
gene_1069,ARTN|9048,ARTN,9048
gene_1070,ARV1|64801,ARV1,64801
gene_1071,ARVCF|421,ARVCF,421
gene_1072,ARX|170302,ARX,170302
gene_1073,AR|367,AR,367
gene_1074,AS3MT|57412,AS3MT,57412
gene_1075,ASAH1|427,ASAH1,427
gene_1076,ASAH2B|653308,ASAH2B,653308
gene_1077,ASAH2|56624,ASAH2,56624
gene_1078,ASAM|79827,ASAM,79827
gene_1079,ASAP1IT1|29065,ASAP1IT1,29065
gene_1080,ASAP1|50807,ASAP1,50807
gene_1081,ASAP2|8853,ASAP2,8853
gene_1082,ASAP3|55616,ASAP3,55616
gene_1083,ASB10|136371,ASB10,136371
gene_1084,ASB11|140456,ASB11,140456
gene_1085,ASB12|142689,ASB12,142689
gene_1086,ASB13|79754,ASB13,79754
gene_1087,ASB14|142686,ASB14,142686
gene_1088,ASB15|142685,ASB15,142685
gene_1089,ASB16|92591,ASB16,92591
gene_1090,ASB17|127247,ASB17,127247
gene_1091,ASB18|401036,ASB18,401036
gene_1092,ASB1|51665,ASB1,51665
gene_1093,ASB2|51676,ASB2,51676
gene_1094,ASB3|51130,ASB3,51130
gene_1095,ASB4|51666,ASB4,51666
gene_1096,ASB5|140458,ASB5,140458
gene_1097,ASB6|140459,ASB6,140459
gene_1098,ASB7|140460,ASB7,140460
gene_1099,ASB8|140461,ASB8,140461
gene_1100,ASB9|140462,ASB9,140462
gene_1101,ASCC1|51008,ASCC1,51008
gene_1102,ASCC2|84164,ASCC2,84164
gene_1103,ASCC3|10973,ASCC3,10973
gene_1104,ASCL1|429,ASCL1,429
gene_1105,ASCL2|430,ASCL2,430
gene_1106,ASCL3|56676,ASCL3,56676
gene_1107,ASCL4|121549,ASCL4,121549
gene_1108,ASF1A|25842,ASF1A,25842
gene_1109,ASF1B|55723,ASF1B,55723
gene_1110,ASFMR1|100126270,ASFMR1,100126270
gene_1111,ASGR1|432,ASGR1,432
gene_1112,ASGR2|433,ASGR2,433
gene_1113,ASH1L|55870,ASH1L,55870
gene_1114,ASH2L|9070,ASH2L,9070
gene_1115,ASIP|434,ASIP,434
gene_1116,ASL|435,ASL,435
gene_1117,ASMTL|8623,ASMTL,8623
gene_1118,ASMT|438,ASMT,438
gene_1119,ASNA1|439,ASNA1,439
gene_1120,ASNSD1|54529,ASNSD1,54529
gene_1121,ASNS|440,ASNS,440
gene_1122,ASPA|443,ASPA,443
gene_1123,ASPDH|554235,ASPDH,554235
gene_1124,ASPG|374569,ASPG,374569
gene_1125,ASPHD1|253982,ASPHD1,253982
gene_1126,ASPHD2|57168,ASPHD2,57168
gene_1127,ASPH|444,ASPH,444
gene_1128,ASPM|259266,ASPM,259266
gene_1129,ASPN|54829,ASPN,54829
gene_1130,ASPRV1|151516,ASPRV1,151516
gene_1131,ASPSCR1|79058,ASPSCR1,79058
gene_1132,ASRGL1|80150,ASRGL1,80150
gene_1133,ASS1|445,ASS1,445
gene_1134,ASTE1|28990,ASTE1,28990
gene_1135,ASTL|431705,ASTL,431705
gene_1136,ASTN1|460,ASTN1,460
gene_1137,ASTN2|23245,ASTN2,23245
gene_1138,ASXL1|171023,ASXL1,171023
gene_1139,ASXL2|55252,ASXL2,55252
gene_1140,ASXL3|80816,ASXL3,80816
gene_1141,ASZ1|136991,ASZ1,136991
gene_1142,ATAD1|84896,ATAD1,84896
gene_1143,ATAD2B|54454,ATAD2B,54454
gene_1144,ATAD2|29028,ATAD2,29028
gene_1145,ATAD3A|55210,ATAD3A,55210
gene_1146,ATAD3B|83858,ATAD3B,83858
gene_1147,ATAD3C|219293,ATAD3C,219293
gene_1148,ATAD5|79915,ATAD5,79915
gene_1149,ATCAY|85300,ATCAY,85300
gene_1150,ATE1|11101,ATE1,11101
gene_1151,ATF1|466,ATF1,466
gene_1152,ATF2|1386,ATF2,1386
gene_1153,ATF3|467,ATF3,467
gene_1154,ATF4|468,ATF4,468
gene_1155,ATF5|22809,ATF5,22809
gene_1156,ATF6B|1388,ATF6B,1388
gene_1157,ATF6|22926,ATF6,22926
gene_1158,ATF7IP2|80063,ATF7IP2,80063
gene_1159,ATF7IP|55729,ATF7IP,55729
gene_1160,ATF7|11016,ATF7,11016
gene_1161,ATG10|83734,ATG10,83734
gene_1162,ATG12|9140,ATG12,9140
gene_1163,ATG16L1|55054,ATG16L1,55054
gene_1164,ATG16L2|89849,ATG16L2,89849
gene_1165,ATG2A|23130,ATG2A,23130
gene_1166,ATG2B|55102,ATG2B,55102
gene_1167,ATG3|64422,ATG3,64422
gene_1168,ATG4A|115201,ATG4A,115201
gene_1169,ATG4B|23192,ATG4B,23192
gene_1170,ATG4C|84938,ATG4C,84938
gene_1171,ATG4D|84971,ATG4D,84971
gene_1172,ATG5|9474,ATG5,9474
gene_1173,ATG7|10533,ATG7,10533
gene_1174,ATG9A|79065,ATG9A,79065
gene_1175,ATG9B|285973,ATG9B,285973
gene_1176,ATHL1|80162,ATHL1,80162
gene_1177,ATIC|471,ATIC,471
gene_1178,ATL1|51062,ATL1,51062
gene_1179,ATL2|64225,ATL2,64225
gene_1180,ATL3|25923,ATL3,25923
gene_1181,ATMIN|23300,ATMIN,23300
gene_1182,ATM|472,ATM,472
gene_1183,ATN1|1822,ATN1,1822
gene_1184,ATOH1|474,ATOH1,474
gene_1185,ATOH7|220202,ATOH7,220202
gene_1186,ATOH8|84913,ATOH8,84913
gene_1187,ATOX1|475,ATOX1,475
gene_1188,ATP10A|57194,ATP10A,57194
gene_1189,ATP10B|23120,ATP10B,23120
gene_1190,ATP10D|57205,ATP10D,57205
gene_1191,ATP11A|23250,ATP11A,23250
gene_1192,ATP11B|23200,ATP11B,23200
gene_1193,ATP11C|286410,ATP11C,286410
gene_1194,ATP12A|479,ATP12A,479
gene_1195,ATP13A1|57130,ATP13A1,57130
gene_1196,ATP13A2|23400,ATP13A2,23400
gene_1197,ATP13A3|79572,ATP13A3,79572
gene_1198,ATP13A4|84239,ATP13A4,84239
gene_1199,ATP13A5|344905,ATP13A5,344905
gene_1200,ATP1A1|476,ATP1A1,476
gene_1201,ATP1A2|477,ATP1A2,477
gene_1202,ATP1A3|478,ATP1A3,478
gene_1203,ATP1A4|480,ATP1A4,480
gene_1204,ATP1B1|481,ATP1B1,481
gene_1205,ATP1B2|482,ATP1B2,482
gene_1206,ATP1B3|483,ATP1B3,483
gene_1207,ATP1B4|23439,ATP1B4,23439
gene_1208,ATP2A1|487,ATP2A1,487
gene_1209,ATP2A2|488,ATP2A2,488
gene_1210,ATP2A3|489,ATP2A3,489
gene_1211,ATP2B1|490,ATP2B1,490
gene_1212,ATP2B2|491,ATP2B2,491
gene_1213,ATP2B3|492,ATP2B3,492
gene_1214,ATP2B4|493,ATP2B4,493
gene_1215,ATP2C1|27032,ATP2C1,27032
gene_1216,ATP2C2|9914,ATP2C2,9914
gene_1217,ATP4A|495,ATP4A,495
gene_1218,ATP4B|496,ATP4B,496
gene_1219,ATP5A1|498,ATP5A1,498
gene_1220,ATP5B|506,ATP5B,506
gene_1221,ATP5C1|509,ATP5C1,509
gene_1222,ATP5D|513,ATP5D,513
gene_1223,ATP5EP2|432369,ATP5EP2,432369
gene_1224,ATP5E|514,ATP5E,514
gene_1225,ATP5F1|515,ATP5F1,515
gene_1226,ATP5G1|516,ATP5G1,516
gene_1227,ATP5G2|517,ATP5G2,517
gene_1228,ATP5G3|518,ATP5G3,518
gene_1229,ATP5H|10476,ATP5H,10476
gene_1230,ATP5I|521,ATP5I,521
gene_1231,ATP5J2|9551,ATP5J2,9551
gene_1232,ATP5J|522,ATP5J,522
gene_1233,ATP5L2|267020,ATP5L2,267020
gene_1234,ATP5L|10632,ATP5L,10632
gene_1235,ATP5O|539,ATP5O,539
gene_1236,ATP5SL|55101,ATP5SL,55101
gene_1237,ATP5S|27109,ATP5S,27109
gene_1238,ATP6AP1L|92270,ATP6AP1L,92270
gene_1239,ATP6AP1|537,ATP6AP1,537
gene_1240,ATP6AP2|10159,ATP6AP2,10159
gene_1241,ATP6V0A1|535,ATP6V0A1,535
gene_1242,ATP6V0A2|23545,ATP6V0A2,23545
gene_1243,ATP6V0A4|50617,ATP6V0A4,50617
gene_1244,ATP6V0B|533,ATP6V0B,533
gene_1245,ATP6V0C|527,ATP6V0C,527
gene_1246,ATP6V0D1|9114,ATP6V0D1,9114
gene_1247,ATP6V0D2|245972,ATP6V0D2,245972
gene_1248,ATP6V0E1|8992,ATP6V0E1,8992
gene_1249,ATP6V0E2|155066,ATP6V0E2,155066
gene_1250,ATP6V1A|523,ATP6V1A,523
gene_1251,ATP6V1B1|525,ATP6V1B1,525
gene_1252,ATP6V1B2|526,ATP6V1B2,526
gene_1253,ATP6V1C1|528,ATP6V1C1,528
gene_1254,ATP6V1C2|245973,ATP6V1C2,245973
gene_1255,ATP6V1D|51382,ATP6V1D,51382
gene_1256,ATP6V1E1|529,ATP6V1E1,529
gene_1257,ATP6V1E2|90423,ATP6V1E2,90423
gene_1258,ATP6V1F|9296,ATP6V1F,9296
gene_1259,ATP6V1G1|9550,ATP6V1G1,9550
gene_1260,ATP6V1G2|534,ATP6V1G2,534
gene_1261,ATP6V1G3|127124,ATP6V1G3,127124
gene_1262,ATP6V1H|51606,ATP6V1H,51606
gene_1263,ATP7A|538,ATP7A,538
gene_1264,ATP7B|540,ATP7B,540
gene_1265,ATP8A1|10396,ATP8A1,10396
gene_1266,ATP8A2|51761,ATP8A2,51761
gene_1267,ATP8B1|5205,ATP8B1,5205
gene_1268,ATP8B2|57198,ATP8B2,57198
gene_1269,ATP8B3|148229,ATP8B3,148229
gene_1270,ATP8B4|79895,ATP8B4,79895
gene_1271,ATP8B5P|158381,ATP8B5P,158381
gene_1272,ATP9A|10079,ATP9A,10079
gene_1273,ATP9B|374868,ATP9B,374868
gene_1274,ATPAF1|64756,ATPAF1,64756
gene_1275,ATPAF2|91647,ATPAF2,91647
gene_1276,ATPBD4|89978,ATPBD4,89978
gene_1277,ATPIF1|93974,ATPIF1,93974
gene_1278,ATRIP|84126,ATRIP,84126
gene_1279,ATRNL1|26033,ATRNL1,26033
gene_1280,ATRN|8455,ATRN,8455
gene_1281,ATRX|546,ATRX,546
gene_1282,ATR|545,ATR,545
gene_1283,ATXN10|25814,ATXN10,25814
gene_1284,ATXN1L|342371,ATXN1L,342371
gene_1285,ATXN1|6310,ATXN1,6310
gene_1286,ATXN2L|11273,ATXN2L,11273
gene_1287,ATXN2|6311,ATXN2,6311
gene_1288,ATXN3L|92552,ATXN3L,92552
gene_1289,ATXN3|4287,ATXN3,4287
gene_1290,ATXN7L1|222255,ATXN7L1,222255
gene_1291,ATXN7L2|127002,ATXN7L2,127002
gene_1292,ATXN7L3B|552889,ATXN7L3B,552889
gene_1293,ATXN7L3|56970,ATXN7L3,56970
gene_1294,ATXN7|6314,ATXN7,6314
gene_1295,ATXN8OS|6315,ATXN8OS,6315
gene_1296,AUH|549,AUH,549
gene_1297,AUP1|550,AUP1,550
gene_1298,AURKAIP1|54998,AURKAIP1,54998
gene_1299,AURKAPS1|6791,AURKAPS1,6791
gene_1300,AURKA|6790,AURKA,6790
gene_1301,AURKB|9212,AURKB,9212
gene_1302,AURKC|6795,AURKC,6795
gene_1303,AUTS2|26053,AUTS2,26053
gene_1304,AVEN|57099,AVEN,57099
gene_1305,AVIL|10677,AVIL,10677
gene_1306,AVL9|23080,AVL9,23080
gene_1307,AVPI1|60370,AVPI1,60370
gene_1308,AVPR1A|552,AVPR1A,552
gene_1309,AVPR1B|553,AVPR1B,553
gene_1310,AVPR2|554,AVPR2,554
gene_1311,AVP|551,AVP,551
gene_1312,AWAT1|158833,AWAT1,158833
gene_1313,AWAT2|158835,AWAT2,158835
gene_1314,AXIN1|8312,AXIN1,8312
gene_1315,AXIN2|8313,AXIN2,8313
gene_1316,AXL|558,AXL,558
gene_1317,AZGP1|563,AZGP1,563
gene_1318,AZI1|22994,AZI1,22994
gene_1319,AZI2|64343,AZI2,64343
gene_1320,AZIN1|51582,AZIN1,51582
gene_1321,AZU1|566,AZU1,566
gene_1322,B2M|567,B2M,567
gene_1323,B3GALNT1|8706,B3GALNT1,8706
gene_1324,B3GALNT2|148789,B3GALNT2,148789
gene_1325,B3GALT1|8708,B3GALT1,8708
gene_1326,B3GALT2|8707,B3GALT2,8707
gene_1327,B3GALT4|8705,B3GALT4,8705
gene_1328,B3GALT5|10317,B3GALT5,10317
gene_1329,B3GALT6|126792,B3GALT6,126792
gene_1330,B3GALTL|145173,B3GALTL,145173
gene_1331,B3GAT1|27087,B3GAT1,27087
gene_1332,B3GAT2|135152,B3GAT2,135152
gene_1333,B3GAT3|26229,B3GAT3,26229
gene_1334,B3GNT1|11041,B3GNT1,11041
gene_1335,B3GNT2|10678,B3GNT2,10678
gene_1336,B3GNT3|10331,B3GNT3,10331
gene_1337,B3GNT4|79369,B3GNT4,79369
gene_1338,B3GNT5|84002,B3GNT5,84002
gene_1339,B3GNT6|192134,B3GNT6,192134
gene_1340,B3GNT7|93010,B3GNT7,93010
gene_1341,B3GNT8|374907,B3GNT8,374907
gene_1342,B3GNT9|84752,B3GNT9,84752
gene_1343,B3GNTL1|146712,B3GNTL1,146712
gene_1344,B4GALNT1|2583,B4GALNT1,2583
gene_1345,B4GALNT2|124872,B4GALNT2,124872
gene_1346,B4GALNT3|283358,B4GALNT3,283358
gene_1347,B4GALNT4|338707,B4GALNT4,338707
gene_1348,B4GALT1|2683,B4GALT1,2683
gene_1349,B4GALT2|8704,B4GALT2,8704
gene_1350,B4GALT3|8703,B4GALT3,8703
gene_1351,B4GALT4|8702,B4GALT4,8702
gene_1352,B4GALT5|9334,B4GALT5,9334
gene_1353,B4GALT6|9331,B4GALT6,9331
gene_1354,B4GALT7|11285,B4GALT7,11285
gene_1355,B9D1|27077,B9D1,27077
gene_1356,B9D2|80776,B9D2,80776
gene_1357,BAALC|79870,BAALC,79870
gene_1358,BAAT|570,BAAT,570
gene_1359,BACE1|23621,BACE1,23621
gene_1360,BACE2|25825,BACE2,25825
gene_1361,BACH1|571,BACH1,571
gene_1362,BACH2|60468,BACH2,60468
gene_1363,BAD|572,BAD,572
gene_1364,BAG1|573,BAG1,573
gene_1365,BAG2|9532,BAG2,9532
gene_1366,BAG3|9531,BAG3,9531
gene_1367,BAG4|9530,BAG4,9530
gene_1368,BAG5|9529,BAG5,9529
gene_1369,BAGE2|85319,BAGE2,85319
gene_1370,BAGE|574,BAGE,574
gene_1371,BAHCC1|57597,BAHCC1,57597
gene_1372,BAHD1|22893,BAHD1,22893
gene_1373,BAI1|575,BAI1,575
gene_1374,BAI2|576,BAI2,576
gene_1375,BAI3|577,BAI3,577
gene_1376,BAIAP2L1|55971,BAIAP2L1,55971
gene_1377,BAIAP2L2|80115,BAIAP2L2,80115
gene_1378,BAIAP2|10458,BAIAP2,10458
gene_1379,BAIAP3|8938,BAIAP3,8938
gene_1380,BAK1|578,BAK1,578
gene_1381,BAMBI|25805,BAMBI,25805
gene_1382,BANF1|8815,BANF1,8815
gene_1383,BANF2|140836,BANF2,140836
gene_1384,BANK1|55024,BANK1,55024
gene_1385,BANP|54971,BANP,54971
gene_1386,BAP1|8314,BAP1,8314
gene_1387,BARD1|580,BARD1,580
gene_1388,BARHL1|56751,BARHL1,56751
gene_1389,BARHL2|343472,BARHL2,343472
gene_1390,BARX1|56033,BARX1,56033
gene_1391,BARX2|8538,BARX2,8538
gene_1392,BASE|317716,BASE,317716
gene_1393,BASP1|10409,BASP1,10409
gene_1394,BAT1|7919,BAT1,7919
gene_1395,BAT2L1|84726,BAT2L1,84726
gene_1396,BAT2L2|23215,BAT2L2,23215
gene_1397,BAT2|7916,BAT2,7916
gene_1398,BAT3|7917,BAT3,7917
gene_1399,BAT4|7918,BAT4,7918
gene_1400,BAT5|7920,BAT5,7920
gene_1401,BATF2|116071,BATF2,116071
gene_1402,BATF3|55509,BATF3,55509
gene_1403,BATF|10538,BATF,10538
gene_1404,BAX|581,BAX,581
gene_1405,BAZ1A|11177,BAZ1A,11177
gene_1406,BAZ1B|9031,BAZ1B,9031
gene_1407,BAZ2A|11176,BAZ2A,11176
gene_1408,BAZ2B|29994,BAZ2B,29994
gene_1409,BBC3|27113,BBC3,27113
gene_1410,BBOX1|8424,BBOX1,8424
gene_1411,BBS10|79738,BBS10,79738
gene_1412,BBS12|166379,BBS12,166379
gene_1413,BBS1|582,BBS1,582
gene_1414,BBS2|583,BBS2,583
gene_1415,BBS4|585,BBS4,585
gene_1416,BBS5|129880,BBS5,129880
gene_1417,BBS7|55212,BBS7,55212
gene_1418,BBS9|27241,BBS9,27241
gene_1419,BBX|56987,BBX,56987
gene_1420,BCAM|4059,BCAM,4059
gene_1421,BCAN|63827,BCAN,63827
gene_1422,BCAP29|55973,BCAP29,55973
gene_1423,BCAP31|10134,BCAP31,10134
gene_1424,BCAR1|9564,BCAR1,9564
gene_1425,BCAR3|8412,BCAR3,8412
gene_1426,BCAR4|400500,BCAR4,400500
gene_1427,BCAS1|8537,BCAS1,8537
gene_1428,BCAS2|10286,BCAS2,10286
gene_1429,BCAS3|54828,BCAS3,54828
gene_1430,BCAS4|55653,BCAS4,55653
gene_1431,BCAT1|586,BCAT1,586
gene_1432,BCAT2|587,BCAT2,587
gene_1433,BCCIP|56647,BCCIP,56647
gene_1434,BCDIN3D|144233,BCDIN3D,144233
gene_1435,BCHE|590,BCHE,590
gene_1436,BCKDHA|593,BCKDHA,593
gene_1437,BCKDHB|594,BCKDHB,594
gene_1438,BCKDK|10295,BCKDK,10295
gene_1439,BCL10|8915,BCL10,8915
gene_1440,BCL11A|53335,BCL11A,53335
gene_1441,BCL11B|64919,BCL11B,64919
gene_1442,BCL2A1|597,BCL2A1,597
gene_1443,BCL2L10|10017,BCL2L10,10017
gene_1444,BCL2L11|10018,BCL2L11,10018
gene_1445,BCL2L12|83596,BCL2L12,83596
gene_1446,BCL2L13|23786,BCL2L13,23786
gene_1447,BCL2L14|79370,BCL2L14,79370
gene_1448,BCL2L15|440603,BCL2L15,440603
gene_1449,BCL2L1|598,BCL2L1,598
gene_1450,BCL2L2|599,BCL2L2,599
gene_1451,BCL2|596,BCL2,596
gene_1452,BCL3|602,BCL3,602
gene_1453,BCL6B|255877,BCL6B,255877
gene_1454,BCL6|604,BCL6,604
gene_1455,BCL7A|605,BCL7A,605
gene_1456,BCL7B|9275,BCL7B,9275
gene_1457,BCL7C|9274,BCL7C,9274
gene_1458,BCL8|606,BCL8,606
gene_1459,BCL9L|283149,BCL9L,283149
gene_1460,BCL9|607,BCL9,607
gene_1461,BCLAF1|9774,BCLAF1,9774
gene_1462,BCMO1|53630,BCMO1,53630
gene_1463,BCO2|83875,BCO2,83875
gene_1464,BCORL1|63035,BCORL1,63035
gene_1465,BCORL2|286554,BCORL2,286554
gene_1466,BCOR|54880,BCOR,54880
gene_1467,BCR|613,BCR,613
gene_1468,BCS1L|617,BCS1L,617
gene_1469,BCYRN1|618,BCYRN1,618
gene_1470,BDH1|622,BDH1,622
gene_1471,BDH2|56898,BDH2,56898
gene_1472,BDKRB1|623,BDKRB1,623
gene_1473,BDKRB2|624,BDKRB2,624
gene_1474,BDNFOS|497258,BDNFOS,497258
gene_1475,BDNF|627,BDNF,627
gene_1476,BDP1|55814,BDP1,55814
gene_1477,BEAN|146227,BEAN,146227
gene_1478,BECN1|8678,BECN1,8678
gene_1479,BEGAIN|57596,BEGAIN,57596
gene_1480,BEND2|139105,BEND2,139105
gene_1481,BEND3|57673,BEND3,57673
gene_1482,BEND4|389206,BEND4,389206
gene_1483,BEND5|79656,BEND5,79656
gene_1484,BEND6|221336,BEND6,221336
gene_1485,BEND7|222389,BEND7,222389
gene_1486,BEST1|7439,BEST1,7439
gene_1487,BEST2|54831,BEST2,54831
gene_1488,BEST3|144453,BEST3,144453
gene_1489,BEST4|266675,BEST4,266675
gene_1490,BET1L|51272,BET1L,51272
gene_1491,BET1|10282,BET1,10282
gene_1492,BET3L|100128327,BET3L,100128327
gene_1493,BEX1|55859,BEX1,55859
gene_1494,BEX2|84707,BEX2,84707
gene_1495,BEX4|56271,BEX4,56271
gene_1496,BEX5|340542,BEX5,340542
gene_1497,BEYLA|497634,BEYLA,497634
gene_1498,BFAR|51283,BFAR,51283
gene_1499,BFSP1|631,BFSP1,631
gene_1500,BFSP2|8419,BFSP2,8419
gene_1501,BGLAP|632,BGLAP,632
gene_1502,BGN|633,BGN,633
gene_1503,BHLHA15|168620,BHLHA15,168620
gene_1504,BHLHB9|80823,BHLHB9,80823
gene_1505,BHLHE22|27319,BHLHE22,27319
gene_1506,BHLHE23|128408,BHLHE23,128408
gene_1507,BHLHE40|8553,BHLHE40,8553
gene_1508,BHLHE41|79365,BHLHE41,79365
gene_1509,BHMT2|23743,BHMT2,23743
gene_1510,BHMT|635,BHMT,635
gene_1511,BICC1|80114,BICC1,80114
gene_1512,BICD1|636,BICD1,636
gene_1513,BICD2|23299,BICD2,23299
gene_1514,BID|637,BID,637
gene_1515,BIK|638,BIK,638
gene_1516,BIN1|274,BIN1,274
gene_1517,BIN2|51411,BIN2,51411
gene_1518,BIN3|55909,BIN3,55909
gene_1519,BIRC2|329,BIRC2,329
gene_1520,BIRC3|330,BIRC3,330
gene_1521,BIRC5|332,BIRC5,332
gene_1522,BIRC6|57448,BIRC6,57448
gene_1523,BIRC7|79444,BIRC7,79444
gene_1524,BIRC8|112401,BIRC8,112401
gene_1525,BIVM|54841,BIVM,54841
gene_1526,BLCAP|10904,BLCAP,10904
gene_1527,BLID|414899,BLID,414899
gene_1528,BLK|640,BLK,640
gene_1529,BLMH|642,BLMH,642
gene_1530,BLM|641,BLM,641
gene_1531,BLNK|29760,BLNK,29760
gene_1532,BLOC1S1|2647,BLOC1S1,2647
gene_1533,BLOC1S2|282991,BLOC1S2,282991
gene_1534,BLOC1S3|388552,BLOC1S3,388552
gene_1535,BLVRA|644,BLVRA,644
gene_1536,BLVRB|645,BLVRB,645
gene_1537,BLZF1|8548,BLZF1,8548
gene_1538,BMF|90427,BMF,90427
gene_1539,BMI1|648,BMI1,648
gene_1540,BMP10|27302,BMP10,27302
gene_1541,BMP15|9210,BMP15,9210
gene_1542,BMP1|649,BMP1,649
gene_1543,BMP2K|55589,BMP2K,55589
gene_1544,BMP2|650,BMP2,650
gene_1545,BMP3|651,BMP3,651
gene_1546,BMP4|652,BMP4,652
gene_1547,BMP5|653,BMP5,653
gene_1548,BMP6|654,BMP6,654
gene_1549,BMP7|655,BMP7,655
gene_1550,BMP8A|353500,BMP8A,353500
gene_1551,BMP8B|656,BMP8B,656
gene_1552,BMPER|168667,BMPER,168667
gene_1553,BMPR1A|657,BMPR1A,657
gene_1554,BMPR1B|658,BMPR1B,658
gene_1555,BMPR2|659,BMPR2,659
gene_1556,BMS1P4|729096,BMS1P4,729096
gene_1557,BMS1P5|399761,BMS1P5,399761
gene_1558,BMS1|9790,BMS1,9790
gene_1559,BMX|660,BMX,660
gene_1560,BNC1|646,BNC1,646
gene_1561,BNC2|54796,BNC2,54796
gene_1562,BNIP1|662,BNIP1,662
gene_1563,BNIP2|663,BNIP2,663
gene_1564,BNIP3L|665,BNIP3L,665
gene_1565,BNIP3|664,BNIP3,664
gene_1566,BNIPL|149428,BNIPL,149428
gene_1567,BOC|91653,BOC,91653
gene_1568,BOD1L|259282,BOD1L,259282
gene_1569,BOD1|91272,BOD1,91272
gene_1570,BOK|666,BOK,666
gene_1571,BOLA1|51027,BOLA1,51027
gene_1572,BOLA2|552900,BOLA2,552900
gene_1573,BOLA3|388962,BOLA3,388962
gene_1574,BOLL|66037,BOLL,66037
gene_1575,BOP1|23246,BOP1,23246
gene_1576,BPESC1|60467,BPESC1,60467
gene_1577,BPGM|669,BPGM,669
gene_1578,BPHL|670,BPHL,670
gene_1579,BPIL1|80341,BPIL1,80341
gene_1580,BPIL2|254240,BPIL2,254240
gene_1581,BPIL3|128859,BPIL3,128859
gene_1582,BPI|671,BPI,671
gene_1583,BPNT1|10380,BPNT1,10380
gene_1584,BPTF|2186,BPTF,2186
gene_1585,BPY2|9083,BPY2,9083
gene_1586,BRAF|673,BRAF,673
gene_1587,BRAP|8315,BRAP,8315
gene_1588,BRCA1|672,BRCA1,672
gene_1589,BRCA2|675,BRCA2,675
gene_1590,BRCC3|79184,BRCC3,79184
gene_1591,BRD1|23774,BRD1,23774
gene_1592,BRD2|6046,BRD2,6046
gene_1593,BRD3|8019,BRD3,8019
gene_1594,BRD4|23476,BRD4,23476
gene_1595,BRD7P3|23629,BRD7P3,23629
gene_1596,BRD7|29117,BRD7,29117
gene_1597,BRD8|10902,BRD8,10902
gene_1598,BRD9|65980,BRD9,65980
gene_1599,BRDT|676,BRDT,676
gene_1600,BREA2|286076,BREA2,286076
gene_1601,BRE|9577,BRE,9577
gene_1602,BRF1|2972,BRF1,2972
gene_1603,BRF2|55290,BRF2,55290
gene_1604,BRI3BP|140707,BRI3BP,140707
gene_1605,BRI3|25798,BRI3,25798
gene_1606,BRIP1|83990,BRIP1,83990
gene_1607,BRIX1|55299,BRIX1,55299
gene_1608,BRMS1L|84312,BRMS1L,84312
gene_1609,BRMS1|25855,BRMS1,25855
gene_1610,BRP44L|51660,BRP44L,51660
gene_1611,BRP44|25874,BRP44,25874
gene_1612,BRPF1|7862,BRPF1,7862
gene_1613,BRPF3|27154,BRPF3,27154
gene_1614,BRS3|680,BRS3,680
gene_1615,BRSK1|84446,BRSK1,84446
gene_1616,BRSK2|9024,BRSK2,9024
gene_1617,BRWD1|54014,BRWD1,54014
gene_1618,BRWD3|254065,BRWD3,254065
gene_1619,BSCL2|26580,BSCL2,26580
gene_1620,BSDC1|55108,BSDC1,55108
gene_1621,BSG|682,BSG,682
gene_1622,BSND|7809,BSND,7809
gene_1623,BSN|8927,BSN,8927
gene_1624,BSPH1|100131137,BSPH1,100131137
gene_1625,BSPRY|54836,BSPRY,54836
gene_1626,BST1|683,BST1,683
gene_1627,BST2|684,BST2,684
gene_1628,BSX|390259,BSX,390259
gene_1629,BTAF1|9044,BTAF1,9044
gene_1630,BTBD10|84280,BTBD10,84280
gene_1631,BTBD11|121551,BTBD11,121551
gene_1632,BTBD12|84464,BTBD12,84464
gene_1633,BTBD16|118663,BTBD16,118663
gene_1634,BTBD17|388419,BTBD17,388419
gene_1635,BTBD18|643376,BTBD18,643376
gene_1636,BTBD19|149478,BTBD19,149478
gene_1637,BTBD1|53339,BTBD1,53339
gene_1638,BTBD2|55643,BTBD2,55643
gene_1639,BTBD3|22903,BTBD3,22903
gene_1640,BTBD6|90135,BTBD6,90135
gene_1641,BTBD7|55727,BTBD7,55727
gene_1642,BTBD8|284697,BTBD8,284697
gene_1643,BTBD9|114781,BTBD9,114781
gene_1644,BTC|685,BTC,685
gene_1645,BTD|686,BTD,686
gene_1646,BTF3L1|690,BTF3L1,690
gene_1647,BTF3L4|91408,BTF3L4,91408
gene_1648,BTF3|689,BTF3,689
gene_1649,BTG1|694,BTG1,694
gene_1650,BTG2|7832,BTG2,7832
gene_1651,BTG3|10950,BTG3,10950
gene_1652,BTG4|54766,BTG4,54766
gene_1653,BTK|695,BTK,695
gene_1654,BTLA|151888,BTLA,151888
gene_1655,BTN1A1|696,BTN1A1,696
gene_1656,BTN2A1|11120,BTN2A1,11120
gene_1657,BTN2A2|10385,BTN2A2,10385
gene_1658,BTN2A3|54718,BTN2A3,54718
gene_1659,BTN3A1|11119,BTN3A1,11119
gene_1660,BTN3A2|11118,BTN3A2,11118
gene_1661,BTN3A3|10384,BTN3A3,10384
gene_1662,BTNL2|56244,BTNL2,56244
gene_1663,BTNL3|10917,BTNL3,10917
gene_1664,BTNL8|79908,BTNL8,79908
gene_1665,BTNL9|153579,BTNL9,153579
gene_1666,BTRC|8945,BTRC,8945
gene_1667,BUB1B|701,BUB1B,701
gene_1668,BUB1|699,BUB1,699
gene_1669,BUB3|9184,BUB3,9184
gene_1670,BUD13|84811,BUD13,84811
gene_1671,BUD31|8896,BUD31,8896
gene_1672,BVES|11149,BVES,11149
gene_1673,BYSL|705,BYSL,705
gene_1674,BZRAP1|9256,BZRAP1,9256
gene_1675,BZW1|9689,BZW1,9689
gene_1676,BZW2|28969,BZW2,28969
gene_1677,C10orf105|414152,C10orf105,414152
gene_1678,C10orf107|219621,C10orf107,219621
gene_1679,C10orf108|414235,C10orf108,414235
gene_1680,C10orf10|11067,C10orf10,11067
gene_1681,C10orf110|55853,C10orf110,55853
gene_1682,C10orf111|221060,C10orf111,221060
gene_1683,C10orf113|387638,C10orf113,387638
gene_1684,C10orf114|399726,C10orf114,399726
gene_1685,C10orf116|10974,C10orf116,10974
gene_1686,C10orf118|55088,C10orf118,55088
gene_1687,C10orf119|79892,C10orf119,79892
gene_1688,C10orf11|83938,C10orf11,83938
gene_1689,C10orf120|399814,C10orf120,399814
gene_1690,C10orf122|387718,C10orf122,387718
gene_1691,C10orf125|282969,C10orf125,282969
gene_1692,C10orf128|170371,C10orf128,170371
gene_1693,C10orf129|142827,C10orf129,142827
gene_1694,C10orf12|26148,C10orf12,26148
gene_1695,C10orf131|100127889,C10orf131,100127889
gene_1696,C10orf137|26098,C10orf137,26098
gene_1697,C10orf140|387640,C10orf140,387640
gene_1698,C10orf18|54906,C10orf18,54906
gene_1699,C10orf25|220979,C10orf25,220979
gene_1700,C10orf26|54838,C10orf26,54838
gene_1701,C10orf27|219793,C10orf27,219793
gene_1702,C10orf28|27291,C10orf28,27291
gene_1703,C10orf2|56652,C10orf2,56652
gene_1704,C10orf32|119032,C10orf32,119032
gene_1705,C10orf35|219738,C10orf35,219738
gene_1706,C10orf40|283025,C10orf40,283025
gene_1707,C10orf41|100131213,C10orf41,100131213
gene_1708,C10orf46|143384,C10orf46,143384
gene_1709,C10orf47|254427,C10orf47,254427
gene_1710,C10orf4|118924,C10orf4,118924
gene_1711,C10orf50|645528,C10orf50,645528
gene_1712,C10orf53|282966,C10orf53,282966
gene_1713,C10orf54|64115,C10orf54,64115
gene_1714,C10orf55|414236,C10orf55,414236
gene_1715,C10orf57|80195,C10orf57,80195
gene_1716,C10orf58|84293,C10orf58,84293
gene_1717,C10orf62|414157,C10orf62,414157
gene_1718,C10orf67|256815,C10orf67,256815
gene_1719,C10orf68|79741,C10orf68,79741
gene_1720,C10orf71|118461,C10orf71,118461
gene_1721,C10orf72|196740,C10orf72,196740
gene_1722,C10orf75|90271,C10orf75,90271
gene_1723,C10orf76|79591,C10orf76,79591
gene_1724,C10orf78|119392,C10orf78,119392
gene_1725,C10orf79|80217,C10orf79,80217
gene_1726,C10orf81|79949,C10orf81,79949
gene_1727,C10orf82|143379,C10orf82,143379
gene_1728,C10orf84|63877,C10orf84,63877
gene_1729,C10orf88|80007,C10orf88,80007
gene_1730,C10orf90|118611,C10orf90,118611
gene_1731,C10orf91|170393,C10orf91,170393
gene_1732,C10orf93|255352,C10orf93,255352
gene_1733,C10orf95|79946,C10orf95,79946
gene_1734,C10orf96|374355,C10orf96,374355
gene_1735,C10orf99|387695,C10orf99,387695
gene_1736,C11orf10|746,C11orf10,746
gene_1737,C11orf16|56673,C11orf16,56673
gene_1738,C11orf17|56672,C11orf17,56672
gene_1739,C11orf1|64776,C11orf1,64776
gene_1740,C11orf20|25858,C11orf20,25858
gene_1741,C11orf21|29125,C11orf21,29125
gene_1742,C11orf24|53838,C11orf24,53838
gene_1743,C11orf2|738,C11orf2,738
gene_1744,C11orf30|56946,C11orf30,56946
gene_1745,C11orf31|280636,C11orf31,280636
gene_1746,C11orf34|349633,C11orf34,349633
gene_1747,C11orf35|256329,C11orf35,256329
gene_1748,C11orf36|283303,C11orf36,283303
gene_1749,C11orf40|143501,C11orf40,143501
gene_1750,C11orf41|25758,C11orf41,25758
gene_1751,C11orf42|160298,C11orf42,160298
gene_1752,C11orf45|219833,C11orf45,219833
gene_1753,C11orf46|120534,C11orf46,120534
gene_1754,C11orf48|79081,C11orf48,79081
gene_1755,C11orf49|79096,C11orf49,79096
gene_1756,C11orf51|25906,C11orf51,25906
gene_1757,C11orf52|91894,C11orf52,91894
gene_1758,C11orf53|341032,C11orf53,341032
gene_1759,C11orf54|28970,C11orf54,28970
gene_1760,C11orf57|55216,C11orf57,55216
gene_1761,C11orf58|10944,C11orf58,10944
gene_1762,C11orf59|55004,C11orf59,55004
gene_1763,C11orf61|79684,C11orf61,79684
gene_1764,C11orf63|79864,C11orf63,79864
gene_1765,C11orf64|283197,C11orf64,283197
gene_1766,C11orf65|160140,C11orf65,160140
gene_1767,C11orf66|220004,C11orf66,220004
gene_1768,C11orf67|28971,C11orf67,28971
gene_1769,C11orf68|83638,C11orf68,83638
gene_1770,C11orf70|85016,C11orf70,85016
gene_1771,C11orf71|54494,C11orf71,54494
gene_1772,C11orf73|51501,C11orf73,51501
gene_1773,C11orf74|119710,C11orf74,119710
gene_1774,C11orf75|56935,C11orf75,56935
gene_1775,C11orf80|79703,C11orf80,79703
gene_1776,C11orf82|220042,C11orf82,220042
gene_1777,C11orf83|790955,C11orf83,790955
gene_1778,C11orf84|144097,C11orf84,144097
gene_1779,C11orf85|283129,C11orf85,283129
gene_1780,C11orf86|254439,C11orf86,254439
gene_1781,C11orf87|399947,C11orf87,399947
gene_1782,C11orf88|399949,C11orf88,399949
gene_1783,C11orf90|387804,C11orf90,387804
gene_1784,C11orf92|399948,C11orf92,399948
gene_1785,C11orf93|120376,C11orf93,120376
gene_1786,C11orf94|143678,C11orf94,143678
gene_1787,C11orf95|65998,C11orf95,65998
gene_1788,C11orf9|745,C11orf9,745
gene_1789,C12orf10|60314,C12orf10,60314
gene_1790,C12orf11|55726,C12orf11,55726
gene_1791,C12orf12|196477,C12orf12,196477
gene_1792,C12orf23|90488,C12orf23,90488
gene_1793,C12orf24|29902,C12orf24,29902
gene_1794,C12orf26|84190,C12orf26,84190
gene_1795,C12orf27|283460,C12orf27,283460
gene_1796,C12orf29|91298,C12orf29,91298
gene_1797,C12orf32|83695,C12orf32,83695
gene_1798,C12orf34|84915,C12orf34,84915
gene_1799,C12orf35|55196,C12orf35,55196
gene_1800,C12orf36|283422,C12orf36,283422
gene_1801,C12orf39|80763,C12orf39,80763
gene_1802,C12orf40|283461,C12orf40,283461
gene_1803,C12orf41|54934,C12orf41,54934
gene_1804,C12orf42|374470,C12orf42,374470
gene_1805,C12orf43|64897,C12orf43,64897
gene_1806,C12orf44|60673,C12orf44,60673
gene_1807,C12orf45|121053,C12orf45,121053
gene_1808,C12orf47|51275,C12orf47,51275
gene_1809,C12orf48|55010,C12orf48,55010
gene_1810,C12orf49|79794,C12orf49,79794
gene_1811,C12orf4|57102,C12orf4,57102
gene_1812,C12orf50|160419,C12orf50,160419
gene_1813,C12orf51|283450,C12orf51,283450
gene_1814,C12orf52|84934,C12orf52,84934
gene_1815,C12orf53|196500,C12orf53,196500
gene_1816,C12orf54|121273,C12orf54,121273
gene_1817,C12orf56|115749,C12orf56,115749
gene_1818,C12orf57|113246,C12orf57,113246
gene_1819,C12orf59|120939,C12orf59,120939
gene_1820,C12orf5|57103,C12orf5,57103
gene_1821,C12orf60|144608,C12orf60,144608
gene_1822,C12orf61|283416,C12orf61,283416
gene_1823,C12orf62|84987,C12orf62,84987
gene_1824,C12orf63|374467,C12orf63,374467
gene_1825,C12orf65|91574,C12orf65,91574
gene_1826,C12orf66|144577,C12orf66,144577
gene_1827,C12orf68|387856,C12orf68,387856
gene_1828,C12orf69|440087,C12orf69,440087
gene_1829,C12orf70|341346,C12orf70,341346
gene_1830,C12orf71|728858,C12orf71,728858
gene_1831,C12orf72|254013,C12orf72,254013
gene_1832,C12orf73|728568,C12orf73,728568
gene_1833,C12orf74|338809,C12orf74,338809
gene_1834,C12orf75|387882,C12orf75,387882
gene_1835,C12orf76|400073,C12orf76,400073
gene_1836,C12orf77|196415,C12orf77,196415
gene_1837,C13orf15|28984,C13orf15,28984
gene_1838,C13orf16|121793,C13orf16,121793
gene_1839,C13orf18|80183,C13orf18,80183
gene_1840,C13orf1|57213,C13orf1,57213
gene_1841,C13orf23|80209,C13orf23,80209
gene_1842,C13orf26|122046,C13orf26,122046
gene_1843,C13orf27|93081,C13orf27,93081
gene_1844,C13orf28|122258,C13orf28,122258
gene_1845,C13orf29|283487,C13orf29,283487
gene_1846,C13orf30|144809,C13orf30,144809
gene_1847,C13orf31|144811,C13orf31,144811
gene_1848,C13orf33|84935,C13orf33,84935
gene_1849,C13orf34|79866,C13orf34,79866
gene_1850,C13orf35|400165,C13orf35,400165
gene_1851,C13orf36|400120,C13orf36,400120
gene_1852,C13orf37|440145,C13orf37,440145
gene_1853,C13orf38|728591,C13orf38,728591
gene_1854,C13orf39|196541,C13orf39,196541
gene_1855,C14orf101|54916,C14orf101,54916
gene_1856,C14orf102|55051,C14orf102,55051
gene_1857,C14orf104|55172,C14orf104,55172
gene_1858,C14orf105|55195,C14orf105,55195
gene_1859,C14orf106|55320,C14orf106,55320
gene_1860,C14orf109|26175,C14orf109,26175
gene_1861,C14orf115|55237,C14orf115,55237
gene_1862,C14orf118|55668,C14orf118,55668
gene_1863,C14orf119|55017,C14orf119,55017
gene_1864,C14orf126|112487,C14orf126,112487
gene_1865,C14orf128|84837,C14orf128,84837
gene_1866,C14orf129|51527,C14orf129,51527
gene_1867,C14orf132|56967,C14orf132,56967
gene_1868,C14orf135|64430,C14orf135,64430
gene_1869,C14orf138|79609,C14orf138,79609
gene_1870,C14orf139|79686,C14orf139,79686
gene_1871,C14orf142|84520,C14orf142,84520
gene_1872,C14orf143|90141,C14orf143,90141
gene_1873,C14orf145|145508,C14orf145,145508
gene_1874,C14orf147|171546,C14orf147,171546
gene_1875,C14orf148|122945,C14orf148,122945
gene_1876,C14orf149|112849,C14orf149,112849
gene_1877,C14orf153|84334,C14orf153,84334
gene_1878,C14orf156|81892,C14orf156,81892
gene_1879,C14orf159|80017,C14orf159,80017
gene_1880,C14orf162|56936,C14orf162,56936
gene_1881,C14orf165|414767,C14orf165,414767
gene_1882,C14orf166B|145497,C14orf166B,145497
gene_1883,C14orf166|51637,C14orf166,51637
gene_1884,C14orf167|55449,C14orf167,55449
gene_1885,C14orf169|79697,C14orf169,79697
gene_1886,C14orf174|161394,C14orf174,161394
gene_1887,C14orf176|643382,C14orf176,643382
gene_1888,C14orf177|283598,C14orf177,283598
gene_1889,C14orf178|283579,C14orf178,283579
gene_1890,C14orf179|112752,C14orf179,112752
gene_1891,C14orf180|400258,C14orf180,400258
gene_1892,C14orf181|400223,C14orf181,400223
gene_1893,C14orf182|283551,C14orf182,283551
gene_1894,C14orf183|196913,C14orf183,196913
gene_1895,C14orf184|650662,C14orf184,650662
gene_1896,C14orf19|280655,C14orf19,280655
gene_1897,C14orf1|11161,C14orf1,11161
gene_1898,C14orf21|161424,C14orf21,161424
gene_1899,C14orf23|387978,C14orf23,387978
gene_1900,C14orf28|122525,C14orf28,122525
gene_1901,C14orf2|9556,C14orf2,9556
gene_1902,C14orf33|100129075,C14orf33,100129075
gene_1903,C14orf34|645687,C14orf34,645687
gene_1904,C14orf37|145407,C14orf37,145407
gene_1905,C14orf39|317761,C14orf39,317761
gene_1906,C14orf43|91748,C14orf43,91748
gene_1907,C14orf45|80127,C14orf45,80127
gene_1908,C14orf48|256369,C14orf48,256369
gene_1909,C14orf49|161176,C14orf49,161176
gene_1910,C14orf4|64207,C14orf4,64207
gene_1911,C14orf50|145376,C14orf50,145376
gene_1912,C14orf53|440184,C14orf53,440184
gene_1913,C14orf64|388011,C14orf64,388011
gene_1914,C14orf68|283600,C14orf68,283600
gene_1915,C14orf70|283601,C14orf70,283601
gene_1916,C14orf72|145200,C14orf72,145200
gene_1917,C14orf73|91828,C14orf73,91828
gene_1918,C14orf79|122616,C14orf79,122616
gene_1919,C14orf80|283643,C14orf80,283643
gene_1920,C14orf86|283592,C14orf86,283592
gene_1921,C14orf93|60686,C14orf93,60686
gene_1922,C15orf17|57184,C15orf17,57184
gene_1923,C15orf21|283651,C15orf21,283651
gene_1924,C15orf23|90417,C15orf23,90417
gene_1925,C15orf24|56851,C15orf24,56851
gene_1926,C15orf26|161502,C15orf26,161502
gene_1927,C15orf27|123591,C15orf27,123591
gene_1928,C15orf28|80035,C15orf28,80035
gene_1929,C15orf29|79768,C15orf29,79768
gene_1930,C15orf2|23742,C15orf2,23742
gene_1931,C15orf32|145858,C15orf32,145858
gene_1932,C15orf33|196951,C15orf33,196951
gene_1933,C15orf34|80072,C15orf34,80072
gene_1934,C15orf37|283687,C15orf37,283687
gene_1935,C15orf38|348110,C15orf38,348110
gene_1936,C15orf39|56905,C15orf39,56905
gene_1937,C15orf40|123207,C15orf40,123207
gene_1938,C15orf41|84529,C15orf41,84529
gene_1939,C15orf42|90381,C15orf42,90381
gene_1940,C15orf43|145645,C15orf43,145645
gene_1941,C15orf44|81556,C15orf44,81556
gene_1942,C15orf48|84419,C15orf48,84419
gene_1943,C15orf50|414926,C15orf50,414926
gene_1944,C15orf51|196968,C15orf51,196968
gene_1945,C15orf52|388115,C15orf52,388115
gene_1946,C15orf53|400359,C15orf53,400359
gene_1947,C15orf54|400360,C15orf54,400360
gene_1948,C15orf55|256646,C15orf55,256646
gene_1949,C15orf56|644809,C15orf56,644809
gene_1950,C15orf57|90416,C15orf57,90416
gene_1951,C15orf58|390637,C15orf58,390637
gene_1952,C15orf59|388135,C15orf59,388135
gene_1953,C15orf5|81698,C15orf5,81698
gene_1954,C15orf60|283677,C15orf60,283677
gene_1955,C15orf61|145853,C15orf61,145853
gene_1956,C15orf62|643338,C15orf62,643338
gene_1957,C15orf63|25764,C15orf63,25764
gene_1958,C16orf11|146325,C16orf11,146325
gene_1959,C16orf13|84326,C16orf13,84326
gene_1960,C16orf3|750,C16orf3,750
gene_1961,C16orf42|115939,C16orf42,115939
gene_1962,C16orf45|89927,C16orf45,89927
gene_1963,C16orf46|123775,C16orf46,123775
gene_1964,C16orf48|84080,C16orf48,84080
gene_1965,C16orf52|730094,C16orf52,730094
gene_1966,C16orf53|79447,C16orf53,79447
gene_1967,C16orf54|283897,C16orf54,283897
gene_1968,C16orf55|124045,C16orf55,124045
gene_1969,C16orf57|79650,C16orf57,79650
gene_1970,C16orf58|64755,C16orf58,64755
gene_1971,C16orf59|80178,C16orf59,80178
gene_1972,C16orf5|29965,C16orf5,29965
gene_1973,C16orf61|56942,C16orf61,56942
gene_1974,C16orf62|57020,C16orf62,57020
gene_1975,C16orf63|123811,C16orf63,123811
gene_1976,C16orf68|79091,C16orf68,79091
gene_1977,C16orf70|80262,C16orf70,80262
gene_1978,C16orf71|146562,C16orf71,146562
gene_1979,C16orf72|29035,C16orf72,29035
gene_1980,C16orf73|254528,C16orf73,254528
gene_1981,C16orf74|404550,C16orf74,404550
gene_1982,C16orf75|116028,C16orf75,116028
gene_1983,C16orf78|123970,C16orf78,123970
gene_1984,C16orf79|283870,C16orf79,283870
gene_1985,C16orf7|9605,C16orf7,9605
gene_1986,C16orf80|29105,C16orf80,29105
gene_1987,C16orf81|283860,C16orf81,283860
gene_1988,C16orf82|162083,C16orf82,162083
gene_1989,C16orf86|388284,C16orf86,388284
gene_1990,C16orf87|388272,C16orf87,388272
gene_1991,C16orf88|400506,C16orf88,400506
gene_1992,C16orf89|146556,C16orf89,146556
gene_1993,C16orf90|646174,C16orf90,646174
gene_1994,C16orf91|283951,C16orf91,283951
gene_1995,C16orf92|146378,C16orf92,146378
gene_1996,C16orf93|90835,C16orf93,90835
gene_1997,C17orf100|388327,C17orf100,388327
gene_1998,C17orf101|79701,C17orf101,79701
gene_1999,C17orf102|400591,C17orf102,400591
gene_2000,C17orf103|256302,C17orf103,256302
gene_2001,C17orf104|284071,C17orf104,284071
gene_2002,C17orf105|284067,C17orf105,284067
gene_2003,C17orf106|100134934,C17orf106,100134934
gene_2004,C17orf107|100130311,C17orf107,100130311
gene_2005,C17orf108|201229,C17orf108,201229
gene_2006,C17orf28|283987,C17orf28,283987
gene_2007,C17orf37|84299,C17orf37,84299
gene_2008,C17orf39|79018,C17orf39,79018
gene_2009,C17orf42|79736,C17orf42,79736
gene_2010,C17orf44|284029,C17orf44,284029
gene_2011,C17orf46|124783,C17orf46,124783
gene_2012,C17orf47|284083,C17orf47,284083
gene_2013,C17orf48|56985,C17orf48,56985
gene_2014,C17orf49|124944,C17orf49,124944
gene_2015,C17orf50|146853,C17orf50,146853
gene_2016,C17orf51|339263,C17orf51,339263
gene_2017,C17orf53|78995,C17orf53,78995
gene_2018,C17orf54|283982,C17orf54,283982
gene_2019,C17orf55|284185,C17orf55,284185
gene_2020,C17orf56|146705,C17orf56,146705
gene_2021,C17orf57|124989,C17orf57,124989
gene_2022,C17orf58|284018,C17orf58,284018
gene_2023,C17orf59|54785,C17orf59,54785
gene_2024,C17orf60|284021,C17orf60,284021
gene_2025,C17orf61|254863,C17orf61,254863
gene_2026,C17orf62|79415,C17orf62,79415
gene_2027,C17orf63|55731,C17orf63,55731
gene_2028,C17orf64|124773,C17orf64,124773
gene_2029,C17orf65|339201,C17orf65,339201
gene_2030,C17orf66|256957,C17orf66,256957
gene_2031,C17orf67|339210,C17orf67,339210
gene_2032,C17orf68|80169,C17orf68,80169
gene_2033,C17orf69|147081,C17orf69,147081
gene_2034,C17orf70|80233,C17orf70,80233
gene_2035,C17orf71|55181,C17orf71,55181
gene_2036,C17orf72|92340,C17orf72,92340
gene_2037,C17orf73|55018,C17orf73,55018
gene_2038,C17orf74|201243,C17orf74,201243
gene_2039,C17orf75|64149,C17orf75,64149
gene_2040,C17orf76|388341,C17orf76,388341
gene_2041,C17orf77|146723,C17orf77,146723
gene_2042,C17orf78|284099,C17orf78,284099
gene_2043,C17orf79|55352,C17orf79,55352
gene_2044,C17orf80|55028,C17orf80,55028
gene_2045,C17orf81|23587,C17orf81,23587
gene_2046,C17orf82|388407,C17orf82,388407
gene_2047,C17orf85|55421,C17orf85,55421
gene_2048,C17orf86|654434,C17orf86,654434
gene_2049,C17orf87|388325,C17orf87,388325
gene_2050,C17orf88|23591,C17orf88,23591
gene_2051,C17orf89|284184,C17orf89,284184
gene_2052,C17orf90|339229,C17orf90,339229
gene_2053,C17orf91|84981,C17orf91,84981
gene_2054,C17orf93|360205,C17orf93,360205
gene_2055,C17orf95|124512,C17orf95,124512
gene_2056,C17orf96|100170841,C17orf96,100170841
gene_2057,C17orf97|400566,C17orf97,400566
gene_2058,C17orf98|388381,C17orf98,388381
gene_2059,C17orf99|100141515,C17orf99,100141515
gene_2060,C18orf10|25941,C18orf10,25941
gene_2061,C18orf16|147429,C18orf16,147429
gene_2062,C18orf18|147525,C18orf18,147525
gene_2063,C18orf19|125228,C18orf19,125228
gene_2064,C18orf1|753,C18orf1,753
gene_2065,C18orf20|221241,C18orf20,221241
gene_2066,C18orf21|83608,C18orf21,83608
gene_2067,C18orf22|79863,C18orf22,79863
gene_2068,C18orf25|147339,C18orf25,147339
gene_2069,C18orf26|284254,C18orf26,284254
gene_2070,C18orf2|56651,C18orf2,56651
gene_2071,C18orf32|497661,C18orf32,497661
gene_2072,C18orf34|374864,C18orf34,374864
gene_2073,C18orf45|85019,C18orf45,85019
gene_2074,C18orf54|162681,C18orf54,162681
gene_2075,C18orf55|29090,C18orf55,29090
gene_2076,C18orf56|494514,C18orf56,494514
gene_2077,C18orf62|284274,C18orf62,284274
gene_2078,C18orf8|29919,C18orf8,29919
gene_2079,C19orf10|56005,C19orf10,56005
gene_2080,C19orf12|83636,C19orf12,83636
gene_2081,C19orf18|147685,C19orf18,147685
gene_2082,C19orf20|91978,C19orf20,91978
gene_2083,C19orf21|126353,C19orf21,126353
gene_2084,C19orf22|91300,C19orf22,91300
gene_2085,C19orf23|148046,C19orf23,148046
gene_2086,C19orf24|55009,C19orf24,55009
gene_2087,C19orf25|148223,C19orf25,148223
gene_2088,C19orf26|255057,C19orf26,255057
gene_2089,C19orf28|126321,C19orf28,126321
gene_2090,C19orf29|58509,C19orf29,58509
gene_2091,C19orf2|8725,C19orf2,8725
gene_2092,C19orf30|284424,C19orf30,284424
gene_2093,C19orf33|64073,C19orf33,64073
gene_2094,C19orf34|255193,C19orf34,255193
gene_2095,C19orf35|374872,C19orf35,374872
gene_2096,C19orf36|113177,C19orf36,113177
gene_2097,C19orf38|255809,C19orf38,255809
gene_2098,C19orf39|126074,C19orf39,126074
gene_2099,C19orf40|91442,C19orf40,91442
gene_2100,C19orf41|126123,C19orf41,126123
gene_2101,C19orf42|79086,C19orf42,79086
gene_2102,C19orf43|79002,C19orf43,79002
gene_2103,C19orf44|84167,C19orf44,84167
gene_2104,C19orf45|374877,C19orf45,374877
gene_2105,C19orf46|163183,C19orf46,163183
gene_2106,C19orf47|126526,C19orf47,126526
gene_2107,C19orf48|84798,C19orf48,84798
gene_2108,C19orf50|79036,C19orf50,79036
gene_2109,C19orf51|352909,C19orf51,352909
gene_2110,C19orf52|90580,C19orf52,90580
gene_2111,C19orf53|28974,C19orf53,28974
gene_2112,C19orf54|284325,C19orf54,284325
gene_2113,C19orf55|148137,C19orf55,148137
gene_2114,C19orf56|51398,C19orf56,51398
gene_2115,C19orf57|79173,C19orf57,79173
gene_2116,C19orf59|199675,C19orf59,199675
gene_2117,C19orf60|55049,C19orf60,55049
gene_2118,C19orf61|56006,C19orf61,56006
gene_2119,C19orf62|29086,C19orf62,29086
gene_2120,C19orf63|284361,C19orf63,284361
gene_2121,C19orf66|55337,C19orf66,55337
gene_2122,C19orf69|100170765,C19orf69,100170765
gene_2123,C19orf6|91304,C19orf6,91304
gene_2124,C19orf70|125988,C19orf70,125988
gene_2125,C19orf71|100128569,C19orf71,100128569
gene_2126,C19orf73|55150,C19orf73,55150
gene_2127,C19orf75|284369,C19orf75,284369
gene_2128,C19orf76|199800,C19orf76,199800
gene_2129,C19orf77|284422,C19orf77,284422
gene_2130,C1D|10438,C1D,10438
gene_2131,C1GALT1C1|29071,C1GALT1C1,29071
gene_2132,C1GALT1|56913,C1GALT1,56913
gene_2133,C1QA|712,C1QA,712
gene_2134,C1QBP|708,C1QBP,708
gene_2135,C1QB|713,C1QB,713
gene_2136,C1QC|714,C1QC,714
gene_2137,C1QL1|10882,C1QL1,10882
gene_2138,C1QL2|165257,C1QL2,165257
gene_2139,C1QL3|389941,C1QL3,389941
gene_2140,C1QL4|338761,C1QL4,338761
gene_2141,C1QTNF1|114897,C1QTNF1,114897
gene_2142,C1QTNF2|114898,C1QTNF2,114898
gene_2143,C1QTNF3|114899,C1QTNF3,114899
gene_2144,C1QTNF4|114900,C1QTNF4,114900
gene_2145,C1QTNF6|114904,C1QTNF6,114904
gene_2146,C1QTNF7|114905,C1QTNF7,114905
gene_2147,C1QTNF8|390664,C1QTNF8,390664
gene_2148,C1QTNF9B|387911,C1QTNF9B,387911
gene_2149,C1QTNF9|338872,C1QTNF9,338872
gene_2150,C1RL|51279,C1RL,51279
gene_2151,C1R|715,C1R,715
gene_2152,C1S|716,C1S,716
gene_2153,C1orf100|200159,C1orf100,200159
gene_2154,C1orf101|257044,C1orf101,257044
gene_2155,C1orf103|55791,C1orf103,55791
gene_2156,C1orf104|284618,C1orf104,284618
gene_2157,C1orf105|92346,C1orf105,92346
gene_2158,C1orf106|55765,C1orf106,55765
gene_2159,C1orf107|27042,C1orf107,27042
gene_2160,C1orf109|54955,C1orf109,54955
gene_2161,C1orf110|339512,C1orf110,339512
gene_2162,C1orf111|284680,C1orf111,284680
gene_2163,C1orf112|55732,C1orf112,55732
gene_2164,C1orf113|79729,C1orf113,79729
gene_2165,C1orf114|57821,C1orf114,57821
gene_2166,C1orf115|79762,C1orf115,79762
gene_2167,C1orf116|79098,C1orf116,79098
gene_2168,C1orf122|127687,C1orf122,127687
gene_2169,C1orf123|54987,C1orf123,54987
gene_2170,C1orf124|83932,C1orf124,83932
gene_2171,C1orf125|126859,C1orf125,126859
gene_2172,C1orf126|200197,C1orf126,200197
gene_2173,C1orf127|148345,C1orf127,148345
gene_2174,C1orf128|57095,C1orf128,57095
gene_2175,C1orf129|80133,C1orf129,80133
gene_2176,C1orf130|400746,C1orf130,400746
gene_2177,C1orf131|128061,C1orf131,128061
gene_2178,C1orf133|574036,C1orf133,574036
gene_2179,C1orf135|79000,C1orf135,79000
gene_2180,C1orf141|400757,C1orf141,400757
gene_2181,C1orf144|26099,C1orf144,26099
gene_2182,C1orf146|388649,C1orf146,388649
gene_2183,C1orf14|81626,C1orf14,81626
gene_2184,C1orf150|148823,C1orf150,148823
gene_2185,C1orf151|440574,C1orf151,440574
gene_2186,C1orf152|767846,C1orf152,767846
gene_2187,C1orf156|92342,C1orf156,92342
gene_2188,C1orf157|284573,C1orf157,284573
gene_2189,C1orf158|93190,C1orf158,93190
gene_2190,C1orf159|54991,C1orf159,54991
gene_2191,C1orf161|126868,C1orf161,126868
gene_2192,C1orf162|128346,C1orf162,128346
gene_2193,C1orf163|65260,C1orf163,65260
gene_2194,C1orf168|199920,C1orf168,199920
gene_2195,C1orf170|84808,C1orf170,84808
gene_2196,C1orf172|126695,C1orf172,126695
gene_2197,C1orf173|127254,C1orf173,127254
gene_2198,C1orf174|339448,C1orf174,339448
gene_2199,C1orf175|374977,C1orf175,374977
gene_2200,C1orf177|163747,C1orf177,163747
gene_2201,C1orf180|439927,C1orf180,439927
gene_2202,C1orf182|128229,C1orf182,128229
gene_2203,C1orf183|55924,C1orf183,55924
gene_2204,C1orf185|284546,C1orf185,284546
gene_2205,C1orf186|440712,C1orf186,440712
gene_2206,C1orf187|374946,C1orf187,374946
gene_2207,C1orf189|388701,C1orf189,388701
gene_2208,C1orf190|541468,C1orf190,541468
gene_2209,C1orf192|257177,C1orf192,257177
gene_2210,C1orf194|127003,C1orf194,127003
gene_2211,C1orf198|84886,C1orf198,84886
gene_2212,C1orf200|644997,C1orf200,644997
gene_2213,C1orf201|90529,C1orf201,90529
gene_2214,C1orf203|84852,C1orf203,84852
gene_2215,C1orf204|284677,C1orf204,284677
gene_2216,C1orf210|149466,C1orf210,149466
gene_2217,C1orf212|113444,C1orf212,113444
gene_2218,C1orf213|148898,C1orf213,148898
gene_2219,C1orf216|127703,C1orf216,127703
gene_2220,C1orf21|81563,C1orf21,81563
gene_2221,C1orf220|400798,C1orf220,400798
gene_2222,C1orf223|374973,C1orf223,374973
gene_2223,C1orf226|400793,C1orf226,400793
gene_2224,C1orf227|149643,C1orf227,149643
gene_2225,C1orf228|339541,C1orf228,339541
gene_2226,C1orf229|388759,C1orf229,388759
gene_2227,C1orf230|284485,C1orf230,284485
gene_2228,C1orf25|81627,C1orf25,81627
gene_2229,C1orf26|54823,C1orf26,54823
gene_2230,C1orf27|54953,C1orf27,54953
gene_2231,C1orf31|388753,C1orf31,388753
gene_2232,C1orf35|79169,C1orf35,79169
gene_2233,C1orf38|9473,C1orf38,9473
gene_2234,C1orf43|25912,C1orf43,25912
gene_2235,C1orf49|84066,C1orf49,84066
gene_2236,C1orf50|79078,C1orf50,79078
gene_2237,C1orf51|148523,C1orf51,148523
gene_2238,C1orf52|148423,C1orf52,148423
gene_2239,C1orf53|388722,C1orf53,388722
gene_2240,C1orf54|79630,C1orf54,79630
gene_2241,C1orf55|163859,C1orf55,163859
gene_2242,C1orf56|54964,C1orf56,54964
gene_2243,C1orf57|84284,C1orf57,84284
gene_2244,C1orf58|148362,C1orf58,148362
gene_2245,C1orf59|113802,C1orf59,113802
gene_2246,C1orf61|10485,C1orf61,10485
gene_2247,C1orf63|57035,C1orf63,57035
gene_2248,C1orf64|149563,C1orf64,149563
gene_2249,C1orf65|164127,C1orf65,164127
gene_2250,C1orf66|51093,C1orf66,51093
gene_2251,C1orf68|100129271,C1orf68,100129271
gene_2252,C1orf69|200205,C1orf69,200205
gene_2253,C1orf70|339453,C1orf70,339453
gene_2254,C1orf74|148304,C1orf74,148304
gene_2255,C1orf77|26097,C1orf77,26097
gene_2256,C1orf83|127428,C1orf83,127428
gene_2257,C1orf84|149469,C1orf84,149469
gene_2258,C1orf85|112770,C1orf85,112770
gene_2259,C1orf86|199990,C1orf86,199990
gene_2260,C1orf87|127795,C1orf87,127795
gene_2261,C1orf88|128344,C1orf88,128344
gene_2262,C1orf89|79363,C1orf89,79363
gene_2263,C1orf91|56063,C1orf91,56063
gene_2264,C1orf92|149499,C1orf92,149499
gene_2265,C1orf93|127281,C1orf93,127281
gene_2266,C1orf94|84970,C1orf94,84970
gene_2267,C1orf95|375057,C1orf95,375057
gene_2268,C1orf96|126731,C1orf96,126731
gene_2269,C1orf97|84791,C1orf97,84791
gene_2270,C1orf9|51430,C1orf9,51430
gene_2271,C20orf103|24141,C20orf103,24141
gene_2272,C20orf106|200232,C20orf106,200232
gene_2273,C20orf107|388799,C20orf107,388799
gene_2274,C20orf108|116151,C20orf108,116151
gene_2275,C20orf111|51526,C20orf111,51526
gene_2276,C20orf112|140688,C20orf112,140688
gene_2277,C20orf114|92747,C20orf114,92747
gene_2278,C20orf117|140710,C20orf117,140710
gene_2279,C20orf118|140711,C20orf118,140711
gene_2280,C20orf11|54994,C20orf11,54994
gene_2281,C20orf123|128506,C20orf123,128506
gene_2282,C20orf12|55184,C20orf12,55184
gene_2283,C20orf132|140699,C20orf132,140699
gene_2284,C20orf134|170487,C20orf134,170487
gene_2285,C20orf135|140701,C20orf135,140701
gene_2286,C20orf141|128653,C20orf141,128653
gene_2287,C20orf144|128864,C20orf144,128864
gene_2288,C20orf151|140893,C20orf151,140893
gene_2289,C20orf152|140894,C20orf152,140894
gene_2290,C20orf160|140706,C20orf160,140706
gene_2291,C20orf165|128497,C20orf165,128497
gene_2292,C20orf166|128826,C20orf166,128826
gene_2293,C20orf173|140873,C20orf173,140873
gene_2294,C20orf177|63939,C20orf177,63939
gene_2295,C20orf185|359710,C20orf185,359710
gene_2296,C20orf186|149954,C20orf186,149954
gene_2297,C20orf191|149934,C20orf191,149934
gene_2298,C20orf194|25943,C20orf194,25943
gene_2299,C20orf195|79025,C20orf195,79025
gene_2300,C20orf196|149840,C20orf196,149840
gene_2301,C20orf197|284756,C20orf197,284756
gene_2302,C20orf199|441951,C20orf199,441951
gene_2303,C20orf200|253868,C20orf200,253868
gene_2304,C20orf201|198437,C20orf201,198437
gene_2305,C20orf202|400831,C20orf202,400831
gene_2306,C20orf203|284805,C20orf203,284805
gene_2307,C20orf20|55257,C20orf20,55257
gene_2308,C20orf24|55969,C20orf24,55969
gene_2309,C20orf26|26074,C20orf26,26074
gene_2310,C20orf27|54976,C20orf27,54976
gene_2311,C20orf29|55317,C20orf29,55317
gene_2312,C20orf30|29058,C20orf30,29058
gene_2313,C20orf3|57136,C20orf3,57136
gene_2314,C20orf43|51507,C20orf43,51507
gene_2315,C20orf46|55321,C20orf46,55321
gene_2316,C20orf4|25980,C20orf4,25980
gene_2317,C20orf54|113278,C20orf54,113278
gene_2318,C20orf56|140828,C20orf56,140828
gene_2319,C20orf70|140683,C20orf70,140683
gene_2320,C20orf71|128861,C20orf71,128861
gene_2321,C20orf72|92667,C20orf72,92667
gene_2322,C20orf79|140856,C20orf79,140856
gene_2323,C20orf7|79133,C20orf7,79133
gene_2324,C20orf85|128602,C20orf85,128602
gene_2325,C20orf94|128710,C20orf94,128710
gene_2326,C20orf96|140680,C20orf96,140680
gene_2327,C21orf119|84996,C21orf119,84996
gene_2328,C21orf121|150142,C21orf121,150142
gene_2329,C21orf122|728039,C21orf122,728039
gene_2330,C21orf125|284836,C21orf125,284836
gene_2331,C21orf128|150147,C21orf128,150147
gene_2332,C21orf129|150135,C21orf129,150135
gene_2333,C21orf130|284835,C21orf130,284835
gene_2334,C21orf131|387486,C21orf131,387486
gene_2335,C21orf15|54094,C21orf15,54094
gene_2336,C21orf29|54084,C21orf29,54084
gene_2337,C21orf2|755,C21orf2,755
gene_2338,C21orf33|8209,C21orf33,8209
gene_2339,C21orf34|388815,C21orf34,388815
gene_2340,C21orf45|54069,C21orf45,54069
gene_2341,C21orf49|54067,C21orf49,54067
gene_2342,C21orf54|728409,C21orf54,728409
gene_2343,C21orf56|84221,C21orf56,84221
gene_2344,C21orf57|54059,C21orf57,54059
gene_2345,C21orf58|54058,C21orf58,54058
gene_2346,C21orf59|56683,C21orf59,56683
gene_2347,C21orf62|56245,C21orf62,56245
gene_2348,C21orf63|59271,C21orf63,59271
gene_2349,C21orf67|84536,C21orf67,84536
gene_2350,C21orf70|85395,C21orf70,85395
gene_2351,C21orf71|282566,C21orf71,282566
gene_2352,C21orf7|56911,C21orf7,56911
gene_2353,C21orf81|391267,C21orf81,391267
gene_2354,C21orf82|114036,C21orf82,114036
gene_2355,C21orf84|114038,C21orf84,114038
gene_2356,C21orf88|114041,C21orf88,114041
gene_2357,C21orf90|114043,C21orf90,114043
gene_2358,C21orf91|54149,C21orf91,54149
gene_2359,C21orf94|246705,C21orf94,246705
gene_2360,C21orf96|80215,C21orf96,80215
gene_2361,C21orf99|149992,C21orf99,149992
gene_2362,C22orf13|83606,C22orf13,83606
gene_2363,C22orf15|150248,C22orf15,150248
gene_2364,C22orf23|84645,C22orf23,84645
gene_2365,C22orf24|25775,C22orf24,25775
gene_2366,C22orf25|128989,C22orf25,128989
gene_2367,C22orf26|55267,C22orf26,55267
gene_2368,C22orf27|150291,C22orf27,150291
gene_2369,C22orf28|51493,C22orf28,51493
gene_2370,C22orf29|79680,C22orf29,79680
gene_2371,C22orf30|253143,C22orf30,253143
gene_2372,C22orf31|25770,C22orf31,25770
gene_2373,C22orf32|91689,C22orf32,91689
gene_2374,C22orf33|339669,C22orf33,339669
gene_2375,C22orf34|348645,C22orf34,348645
gene_2376,C22orf36|388886,C22orf36,388886
gene_2377,C22orf39|128977,C22orf39,128977
gene_2378,C22orf40|150383,C22orf40,150383
gene_2379,C22orf41|644186,C22orf41,644186
gene_2380,C22orf42|150297,C22orf42,150297
gene_2381,C22orf43|51233,C22orf43,51233
gene_2382,C22orf45|646023,C22orf45,646023
gene_2383,C22orf46|79640,C22orf46,79640
gene_2384,C22orf9|23313,C22orf9,23313
gene_2385,C2CD2L|9854,C2CD2L,9854
gene_2386,C2CD2|25966,C2CD2,25966
gene_2387,C2CD3|26005,C2CD3,26005
gene_2388,C2CD4A|145741,C2CD4A,145741
gene_2389,C2CD4B|388125,C2CD4B,388125
gene_2390,C2CD4C|126567,C2CD4C,126567
gene_2391,C2CD4D|100191040,C2CD4D,100191040
gene_2392,C2orf14|100132708,C2orf14,100132708
gene_2393,C2orf15|150590,C2orf15,150590
gene_2394,C2orf16|84226,C2orf16,84226
gene_2395,C2orf18|54978,C2orf18,54978
gene_2396,C2orf24|27013,C2orf24,27013
gene_2397,C2orf27A|29798,C2orf27A,29798
gene_2398,C2orf27B|408029,C2orf27B,408029
gene_2399,C2orf28|51374,C2orf28,51374
gene_2400,C2orf29|55571,C2orf29,55571
gene_2401,C2orf34|79823,C2orf34,79823
gene_2402,C2orf39|92749,C2orf39,92749
gene_2403,C2orf3|6936,C2orf3,6936
gene_2404,C2orf40|84417,C2orf40,84417
gene_2405,C2orf42|54980,C2orf42,54980
gene_2406,C2orf43|60526,C2orf43,60526
gene_2407,C2orf44|80304,C2orf44,80304
gene_2408,C2orf47|79568,C2orf47,79568
gene_2409,C2orf48|348738,C2orf48,348738
gene_2410,C2orf49|79074,C2orf49,79074
gene_2411,C2orf50|130813,C2orf50,130813
gene_2412,C2orf51|200523,C2orf51,200523
gene_2413,C2orf52|151477,C2orf52,151477
gene_2414,C2orf53|339779,C2orf53,339779
gene_2415,C2orf54|79919,C2orf54,79919
gene_2416,C2orf55|343990,C2orf55,343990
gene_2417,C2orf56|55471,C2orf56,55471
gene_2418,C2orf57|165100,C2orf57,165100
gene_2419,C2orf58|285154,C2orf58,285154
gene_2420,C2orf60|129450,C2orf60,129450
gene_2421,C2orf61|285051,C2orf61,285051
gene_2422,C2orf62|375307,C2orf62,375307
gene_2423,C2orf63|130162,C2orf63,130162
gene_2424,C2orf64|493753,C2orf64,493753
gene_2425,C2orf65|130951,C2orf65,130951
gene_2426,C2orf66|401027,C2orf66,401027
gene_2427,C2orf67|151050,C2orf67,151050
gene_2428,C2orf68|388969,C2orf68,388969
gene_2429,C2orf69|205327,C2orf69,205327
gene_2430,C2orf70|339778,C2orf70,339778
gene_2431,C2orf71|388939,C2orf71,388939
gene_2432,C2orf72|257407,C2orf72,257407
gene_2433,C2orf73|129852,C2orf73,129852
gene_2434,C2orf74|339804,C2orf74,339804
gene_2435,C2orf76|130355,C2orf76,130355
gene_2436,C2orf77|129881,C2orf77,129881
gene_2437,C2orf78|388960,C2orf78,388960
gene_2438,C2orf79|391356,C2orf79,391356
gene_2439,C2orf7|84279,C2orf7,84279
gene_2440,C2orf80|389073,C2orf80,389073
gene_2441,C2orf81|388963,C2orf81,388963
gene_2442,C2orf82|389084,C2orf82,389084
gene_2443,C2orf83|56918,C2orf83,56918
gene_2444,C2orf84|653140,C2orf84,653140
gene_2445,C2orf85|285093,C2orf85,285093
gene_2446,C2orf86|51057,C2orf86,51057
gene_2447,C2orf88|84281,C2orf88,84281
gene_2448,C2orf89|129293,C2orf89,129293
gene_2449,C2|717,C2,717
gene_2450,C3AR1|719,C3AR1,719
gene_2451,C3P1|388503,C3P1,388503
gene_2452,C3orf10|55845,C3orf10,55845
gene_2453,C3orf14|57415,C3orf14,57415
gene_2454,C3orf15|89876,C3orf15,89876
gene_2455,C3orf16|389161,C3orf16,389161
gene_2456,C3orf17|25871,C3orf17,25871
gene_2457,C3orf18|51161,C3orf18,51161
gene_2458,C3orf19|51244,C3orf19,51244
gene_2459,C3orf1|51300,C3orf1,51300
gene_2460,C3orf20|84077,C3orf20,84077
gene_2461,C3orf21|152002,C3orf21,152002
gene_2462,C3orf22|152065,C3orf22,152065
gene_2463,C3orf23|285343,C3orf23,285343
gene_2464,C3orf24|115795,C3orf24,115795
gene_2465,C3orf26|84319,C3orf26,84319
gene_2466,C3orf27|23434,C3orf27,23434
gene_2467,C3orf30|152405,C3orf30,152405
gene_2468,C3orf31|132001,C3orf31,132001
gene_2469,C3orf32|51066,C3orf32,51066
gene_2470,C3orf33|285315,C3orf33,285315
gene_2471,C3orf34|84984,C3orf34,84984
gene_2472,C3orf35|339883,C3orf35,339883
gene_2473,C3orf36|80111,C3orf36,80111
gene_2474,C3orf37|56941,C3orf37,56941
gene_2475,C3orf38|285237,C3orf38,285237
gene_2476,C3orf39|84892,C3orf39,84892
gene_2477,C3orf42|84657,C3orf42,84657
gene_2478,C3orf43|255798,C3orf43,255798
gene_2479,C3orf45|132228,C3orf45,132228
gene_2480,C3orf47|339942,C3orf47,339942
gene_2481,C3orf48|151649,C3orf48,151649
gene_2482,C3orf49|132200,C3orf49,132200
gene_2483,C3orf50|93556,C3orf50,93556
gene_2484,C3orf51|711,C3orf51,711
gene_2485,C3orf52|79669,C3orf52,79669
gene_2486,C3orf54|389119,C3orf54,389119
gene_2487,C3orf55|152078,C3orf55,152078
gene_2488,C3orf57|165679,C3orf57,165679
gene_2489,C3orf58|205428,C3orf58,205428
gene_2490,C3orf59|151963,C3orf59,151963
gene_2491,C3orf62|375341,C3orf62,375341
gene_2492,C3orf63|23272,C3orf63,23272
gene_2493,C3orf64|285203,C3orf64,285203
gene_2494,C3orf65|646600,C3orf65,646600
gene_2495,C3orf66|677779,C3orf66,677779
gene_2496,C3orf67|200844,C3orf67,200844
gene_2497,C3orf70|285382,C3orf70,285382
gene_2498,C3orf71|646450,C3orf71,646450
gene_2499,C3orf72|401089,C3orf72,401089
gene_2500,C3orf74|100128378,C3orf74,100128378
gene_2501,C3orf75|54859,C3orf75,54859
gene_2502,C3orf77|375337,C3orf77,375337
gene_2503,C3orf79|152118,C3orf79,152118
gene_2504,C3|718,C3,718
gene_2505,C4A|720,C4A,720
gene_2506,C4BPA|722,C4BPA,722
gene_2507,C4BPB|725,C4BPB,725
gene_2508,C4orf10|317648,C4orf10,317648
gene_2509,C4orf11|439934,C4orf11,439934
gene_2510,C4orf12|404201,C4orf12,404201
gene_2511,C4orf14|84273,C4orf14,84273
gene_2512,C4orf17|84103,C4orf17,84103
gene_2513,C4orf19|55286,C4orf19,55286
gene_2514,C4orf21|55345,C4orf21,55345
gene_2515,C4orf22|255119,C4orf22,255119
gene_2516,C4orf23|152992,C4orf23,152992
gene_2517,C4orf26|152816,C4orf26,152816
gene_2518,C4orf27|54969,C4orf27,54969
gene_2519,C4orf29|80167,C4orf29,80167
gene_2520,C4orf31|79625,C4orf31,79625
gene_2521,C4orf32|132720,C4orf32,132720
gene_2522,C4orf33|132321,C4orf33,132321
gene_2523,C4orf34|201895,C4orf34,201895
gene_2524,C4orf35|85438,C4orf35,85438
gene_2525,C4orf36|132989,C4orf36,132989
gene_2526,C4orf37|285555,C4orf37,285555
gene_2527,C4orf38|152641,C4orf38,152641
gene_2528,C4orf39|152756,C4orf39,152756
gene_2529,C4orf3|401152,C4orf3,401152
gene_2530,C4orf40|401137,C4orf40,401137
gene_2531,C4orf41|60684,C4orf41,60684
gene_2532,C4orf42|92070,C4orf42,92070
gene_2533,C4orf43|55319,C4orf43,55319
gene_2534,C4orf44|345222,C4orf44,345222
gene_2535,C4orf45|152940,C4orf45,152940
gene_2536,C4orf46|201725,C4orf46,201725
gene_2537,C4orf47|441054,C4orf47,441054
gene_2538,C4orf48|401115,C4orf48,401115
gene_2539,C4orf49|84709,C4orf49,84709
gene_2540,C4orf50|389197,C4orf50,389197
gene_2541,C4orf51|646603,C4orf51,646603
gene_2542,C4orf52|389203,C4orf52,389203
gene_2543,C4orf6|10141,C4orf6,10141
gene_2544,C4orf7|260436,C4orf7,260436
gene_2545,C5AR1|728,C5AR1,728
gene_2546,C5orf13|9315,C5orf13,9315
gene_2547,C5orf15|56951,C5orf15,56951
gene_2548,C5orf20|140947,C5orf20,140947
gene_2549,C5orf22|55322,C5orf22,55322
gene_2550,C5orf23|79614,C5orf23,79614
gene_2551,C5orf24|134553,C5orf24,134553
gene_2552,C5orf25|375484,C5orf25,375484
gene_2553,C5orf27|202299,C5orf27,202299
gene_2554,C5orf28|64417,C5orf28,64417
gene_2555,C5orf30|90355,C5orf30,90355
gene_2556,C5orf32|84418,C5orf32,84418
gene_2557,C5orf33|133686,C5orf33,133686
gene_2558,C5orf34|375444,C5orf34,375444
gene_2559,C5orf35|133383,C5orf35,133383
gene_2560,C5orf36|285600,C5orf36,285600
gene_2561,C5orf38|153571,C5orf38,153571
gene_2562,C5orf39|389289,C5orf39,389289
gene_2563,C5orf40|408263,C5orf40,408263
gene_2564,C5orf41|153222,C5orf41,153222
gene_2565,C5orf42|65250,C5orf42,65250
gene_2566,C5orf43|643155,C5orf43,643155
gene_2567,C5orf44|80006,C5orf44,80006
gene_2568,C5orf45|51149,C5orf45,51149
gene_2569,C5orf46|389336,C5orf46,389336
gene_2570,C5orf47|133491,C5orf47,133491
gene_2571,C5orf48|389320,C5orf48,389320
gene_2572,C5orf49|134121,C5orf49,134121
gene_2573,C5orf4|10826,C5orf4,10826
gene_2574,C5orf51|285636,C5orf51,285636
gene_2575,C5orf52|100190949,C5orf52,100190949
gene_2576,C5orf53|492311,C5orf53,492311
gene_2577,C5orf54|63920,C5orf54,63920
gene_2578,C5orf55|116349,C5orf55,116349
gene_2579,C5orf56|441108,C5orf56,441108
gene_2580,C5orf58|133874,C5orf58,133874
gene_2581,C5orf60|285679,C5orf60,285679
gene_2582,C5orf62|85027,C5orf62,85027
gene_2583,C5|727,C5,727
gene_2584,C6orf103|79747,C6orf103,79747
gene_2585,C6orf105|84830,C6orf105,84830
gene_2586,C6orf106|64771,C6orf106,64771
gene_2587,C6orf108|10591,C6orf108,10591
gene_2588,C6orf10|10665,C6orf10,10665
gene_2589,C6orf114|85411,C6orf114,85411
gene_2590,C6orf115|58527,C6orf115,58527
gene_2591,C6orf118|168090,C6orf118,168090
gene_2592,C6orf120|387263,C6orf120,387263
gene_2593,C6orf122|401288,C6orf122,401288
gene_2594,C6orf123|26238,C6orf123,26238
gene_2595,C6orf124|653483,C6orf124,653483
gene_2596,C6orf125|84300,C6orf125,84300
gene_2597,C6orf126|389383,C6orf126,389383
gene_2598,C6orf127|340204,C6orf127,340204
gene_2599,C6orf129|154467,C6orf129,154467
gene_2600,C6orf130|221443,C6orf130,221443
gene_2601,C6orf132|647024,C6orf132,647024
gene_2602,C6orf134|79969,C6orf134,79969
gene_2603,C6orf136|221545,C6orf136,221545
gene_2604,C6orf138|442213,C6orf138,442213
gene_2605,C6orf141|135398,C6orf141,135398
gene_2606,C6orf142|90523,C6orf142,90523
gene_2607,C6orf145|221749,C6orf145,221749
gene_2608,C6orf146|222826,C6orf146,222826
gene_2609,C6orf147|387097,C6orf147,387097
gene_2610,C6orf150|115004,C6orf150,115004
gene_2611,C6orf153|88745,C6orf153,88745
gene_2612,C6orf154|221424,C6orf154,221424
gene_2613,C6orf155|79940,C6orf155,79940
gene_2614,C6orf15|29113,C6orf15,29113
gene_2615,C6orf162|57150,C6orf162,57150
gene_2616,C6orf163|206412,C6orf163,206412
gene_2617,C6orf164|63914,C6orf164,63914
gene_2618,C6orf165|154313,C6orf165,154313
gene_2619,C6orf167|253714,C6orf167,253714
gene_2620,C6orf168|84553,C6orf168,84553
gene_2621,C6orf170|221322,C6orf170,221322
gene_2622,C6orf174|387104,C6orf174,387104
gene_2623,C6orf176|90632,C6orf176,90632
gene_2624,C6orf182|285753,C6orf182,285753
gene_2625,C6orf186|728464,C6orf186,728464
gene_2626,C6orf191|253582,C6orf191,253582
gene_2627,C6orf192|116843,C6orf192,116843
gene_2628,C6orf195|154386,C6orf195,154386
gene_2629,C6orf1|221491,C6orf1,221491
gene_2630,C6orf201|404220,C6orf201,404220
gene_2631,C6orf203|51250,C6orf203,51250
gene_2632,C6orf204|387119,C6orf204,387119
gene_2633,C6orf208|80069,C6orf208,80069
gene_2634,C6orf211|79624,C6orf211,79624
gene_2635,C6orf217|100131814,C6orf217,100131814
gene_2636,C6orf218|221718,C6orf218,221718
gene_2637,C6orf221|154288,C6orf221,154288
gene_2638,C6orf222|389384,C6orf222,389384
gene_2639,C6orf223|221416,C6orf223,221416
gene_2640,C6orf225|619208,C6orf225,619208
gene_2641,C6orf226|441150,C6orf226,441150
gene_2642,C6orf227|401253,C6orf227,401253
gene_2643,C6orf25|80739,C6orf25,80739
gene_2644,C6orf26|401251,C6orf26,401251
gene_2645,C6orf27|80737,C6orf27,80737
gene_2646,C6orf35|729515,C6orf35,729515
gene_2647,C6orf41|100133205,C6orf41,100133205
gene_2648,C6orf47|57827,C6orf47,57827
gene_2649,C6orf48|50854,C6orf48,50854
gene_2650,C6orf52|347744,C6orf52,347744
gene_2651,C6orf57|135154,C6orf57,135154
gene_2652,C6orf58|352999,C6orf58,352999
gene_2653,C6orf59|79992,C6orf59,79992
gene_2654,C6orf62|81688,C6orf62,81688
gene_2655,C6orf64|55776,C6orf64,55776
gene_2656,C6orf70|55780,C6orf70,55780
gene_2657,C6orf72|116254,C6orf72,116254
gene_2658,C6orf81|221481,C6orf81,221481
gene_2659,C6orf89|221477,C6orf89,221477
gene_2660,C6orf94|153918,C6orf94,153918
gene_2661,C6orf97|80129,C6orf97,80129
gene_2662,C6|729,C6,729
gene_2663,C7orf10|79783,C7orf10,79783
gene_2664,C7orf11|136647,C7orf11,136647
gene_2665,C7orf13|129790,C7orf13,129790
gene_2666,C7orf16|10842,C7orf16,10842
gene_2667,C7orf23|79161,C7orf23,79161
gene_2668,C7orf25|79020,C7orf25,79020
gene_2669,C7orf26|79034,C7orf26,79034
gene_2670,C7orf27|221927,C7orf27,221927
gene_2671,C7orf28A|51622,C7orf28A,51622
gene_2672,C7orf28B|221960,C7orf28B,221960
gene_2673,C7orf29|113763,C7orf29,113763
gene_2674,C7orf30|115416,C7orf30,115416
gene_2675,C7orf31|136895,C7orf31,136895
gene_2676,C7orf33|202865,C7orf33,202865
gene_2677,C7orf34|135927,C7orf34,135927
gene_2678,C7orf36|57002,C7orf36,57002
gene_2679,C7orf40|285958,C7orf40,285958
gene_2680,C7orf41|222166,C7orf41,222166
gene_2681,C7orf42|55069,C7orf42,55069
gene_2682,C7orf43|55262,C7orf43,55262
gene_2683,C7orf44|55744,C7orf44,55744
gene_2684,C7orf45|136263,C7orf45,136263
gene_2685,C7orf46|340277,C7orf46,340277
gene_2686,C7orf47|221908,C7orf47,221908
gene_2687,C7orf49|78996,C7orf49,78996
gene_2688,C7orf4|64433,C7orf4,64433
gene_2689,C7orf50|84310,C7orf50,84310
gene_2690,C7orf51|222950,C7orf51,222950
gene_2691,C7orf52|375607,C7orf52,375607
gene_2692,C7orf53|286006,C7orf53,286006
gene_2693,C7orf54|27099,C7orf54,27099
gene_2694,C7orf55|154791,C7orf55,154791
gene_2695,C7orf57|136288,C7orf57,136288
gene_2696,C7orf58|79974,C7orf58,79974
gene_2697,C7orf59|389541,C7orf59,389541
gene_2698,C7orf60|154743,C7orf60,154743
gene_2699,C7orf61|402573,C7orf61,402573
gene_2700,C7orf63|79846,C7orf63,79846
gene_2701,C7orf64|84060,C7orf64,84060
gene_2702,C7orf65|401335,C7orf65,401335
gene_2703,C7orf66|154907,C7orf66,154907
gene_2704,C7orf68|29923,C7orf68,29923
gene_2705,C7orf69|80099,C7orf69,80099
gene_2706,C7orf70|84792,C7orf70,84792
gene_2707,C7orf71|285941,C7orf71,285941
gene_2708,C7orf72|100130988,C7orf72,100130988
gene_2709,C7|730,C7,730
gene_2710,C8A|731,C8A,731
gene_2711,C8B|732,C8B,732
gene_2712,C8G|733,C8G,733
gene_2713,C8ORFK29|340393,C8ORFK29,340393
gene_2714,C8orf12|83656,C8orf12,83656
gene_2715,C8orf22|492307,C8orf22,492307
gene_2716,C8orf30A|51236,C8orf30A,51236
gene_2717,C8orf31|286122,C8orf31,286122
gene_2718,C8orf33|65265,C8orf33,65265
gene_2719,C8orf34|116328,C8orf34,116328
gene_2720,C8orf37|157657,C8orf37,157657
gene_2721,C8orf38|137682,C8orf38,137682
gene_2722,C8orf39|55472,C8orf39,55472
gene_2723,C8orf40|114926,C8orf40,114926
gene_2724,C8orf41|80185,C8orf41,80185
gene_2725,C8orf42|157695,C8orf42,157695
gene_2726,C8orf44|56260,C8orf44,56260
gene_2727,C8orf45|157777,C8orf45,157777
gene_2728,C8orf46|254778,C8orf46,254778
gene_2729,C8orf47|203111,C8orf47,203111
gene_2730,C8orf48|157773,C8orf48,157773
gene_2731,C8orf4|56892,C8orf4,56892
gene_2732,C8orf51|78998,C8orf51,78998
gene_2733,C8orf55|51337,C8orf55,51337
gene_2734,C8orf56|157556,C8orf56,157556
gene_2735,C8orf58|541565,C8orf58,541565
gene_2736,C8orf59|401466,C8orf59,401466
gene_2737,C8orf71|26138,C8orf71,26138
gene_2738,C8orf73|642475,C8orf73,642475
gene_2739,C8orf74|203076,C8orf74,203076
gene_2740,C8orf75|619351,C8orf75,619351
gene_2741,C8orf76|84933,C8orf76,84933
gene_2742,C8orf77|286103,C8orf77,286103
gene_2743,C8orf79|57604,C8orf79,57604
gene_2744,C8orf80|389643,C8orf80,389643
gene_2745,C8orf83|286144,C8orf83,286144
gene_2746,C8orf84|157869,C8orf84,157869
gene_2747,C8orf85|441376,C8orf85,441376
gene_2748,C8orf86|389649,C8orf86,389649
gene_2749,C9orf100|84904,C9orf100,84904
gene_2750,C9orf102|375748,C9orf102,375748
gene_2751,C9orf103|414328,C9orf103,414328
gene_2752,C9orf106|414318,C9orf106,414318
gene_2753,C9orf109|286333,C9orf109,286333
gene_2754,C9orf110|100128385,C9orf110,100128385
gene_2755,C9orf114|51490,C9orf114,51490
gene_2756,C9orf116|138162,C9orf116,138162
gene_2757,C9orf117|286207,C9orf117,286207
gene_2758,C9orf119|375757,C9orf119,375757
gene_2759,C9orf11|54586,C9orf11,54586
gene_2760,C9orf122|158228,C9orf122,158228
gene_2761,C9orf123|90871,C9orf123,90871
gene_2762,C9orf125|84302,C9orf125,84302
gene_2763,C9orf128|392307,C9orf128,392307
gene_2764,C9orf129|445577,C9orf129,445577
gene_2765,C9orf130|100128782,C9orf130,100128782
gene_2766,C9orf131|138724,C9orf131,138724
gene_2767,C9orf135|138255,C9orf135,138255
gene_2768,C9orf139|401563,C9orf139,401563
gene_2769,C9orf140|89958,C9orf140,89958
gene_2770,C9orf142|286257,C9orf142,286257
gene_2771,C9orf144B|259308,C9orf144B,259308
gene_2772,C9orf144|389715,C9orf144,389715
gene_2773,C9orf150|286343,C9orf150,286343
gene_2774,C9orf152|401546,C9orf152,401546
gene_2775,C9orf153|389766,C9orf153,389766
gene_2776,C9orf156|51531,C9orf156,51531
gene_2777,C9orf163|158055,C9orf163,158055
gene_2778,C9orf167|54863,C9orf167,54863
gene_2779,C9orf169|375791,C9orf169,375791
gene_2780,C9orf16|79095,C9orf16,79095
gene_2781,C9orf170|401535,C9orf170,401535
gene_2782,C9orf171|389799,C9orf171,389799
gene_2783,C9orf172|389813,C9orf172,389813
gene_2784,C9orf173|441476,C9orf173,441476
gene_2785,C9orf21|195827,C9orf21,195827
gene_2786,C9orf23|138716,C9orf23,138716
gene_2787,C9orf24|84688,C9orf24,84688
gene_2788,C9orf25|203259,C9orf25,203259
gene_2789,C9orf27|58483,C9orf27,58483
gene_2790,C9orf30|91283,C9orf30,91283
gene_2791,C9orf37|85026,C9orf37,85026
gene_2792,C9orf3|84909,C9orf3,84909
gene_2793,C9orf40|55071,C9orf40,55071
gene_2794,C9orf41|138199,C9orf41,138199
gene_2795,C9orf43|257169,C9orf43,257169
gene_2796,C9orf44|158314,C9orf44,158314
gene_2797,C9orf45|81571,C9orf45,81571
gene_2798,C9orf46|55848,C9orf46,55848
gene_2799,C9orf47|286223,C9orf47,286223
gene_2800,C9orf4|23732,C9orf4,23732
gene_2801,C9orf50|375759,C9orf50,375759
gene_2802,C9orf53|51198,C9orf53,51198
gene_2803,C9orf57|138240,C9orf57,138240
gene_2804,C9orf5|23731,C9orf5,23731
gene_2805,C9orf64|84267,C9orf64,84267
gene_2806,C9orf66|157983,C9orf66,157983
gene_2807,C9orf68|55064,C9orf68,55064
gene_2808,C9orf69|90120,C9orf69,90120
gene_2809,C9orf6|54942,C9orf6,54942
gene_2810,C9orf70|84850,C9orf70,84850
gene_2811,C9orf71|169693,C9orf71,169693
gene_2812,C9orf72|203228,C9orf72,203228
gene_2813,C9orf78|51759,C9orf78,51759
gene_2814,C9orf79|286234,C9orf79,286234
gene_2815,C9orf7|11094,C9orf7,11094
gene_2816,C9orf80|58493,C9orf80,58493
gene_2817,C9orf82|79886,C9orf82,79886
gene_2818,C9orf84|158401,C9orf84,158401
gene_2819,C9orf85|138241,C9orf85,138241
gene_2820,C9orf86|55684,C9orf86,55684
gene_2821,C9orf89|84270,C9orf89,84270
gene_2822,C9orf91|203197,C9orf91,203197
gene_2823,C9orf93|203238,C9orf93,203238
gene_2824,C9orf95|54981,C9orf95,54981
gene_2825,C9orf96|169436,C9orf96,169436
gene_2826,C9orf98|158067,C9orf98,158067
gene_2827,C9orf9|11092,C9orf9,11092
gene_2828,C9|735,C9,735
gene_2829,CA10|56934,CA10,56934
gene_2830,CA11|770,CA11,770
gene_2831,CA12|771,CA12,771
gene_2832,CA13|377677,CA13,377677
gene_2833,CA14|23632,CA14,23632
gene_2834,CA1|759,CA1,759
gene_2835,CA2|760,CA2,760
gene_2836,CA3|761,CA3,761
gene_2837,CA4|762,CA4,762
gene_2838,CA5A|763,CA5A,763
gene_2839,CA5BP|340591,CA5BP,340591
gene_2840,CA5B|11238,CA5B,11238
gene_2841,CA6|765,CA6,765
gene_2842,CA7|766,CA7,766
gene_2843,CA8|767,CA8,767
gene_2844,CA9|768,CA9,768
gene_2845,CAB39L|81617,CAB39L,81617
gene_2846,CAB39|51719,CAB39,51719
gene_2847,CABC1|56997,CABC1,56997
gene_2848,CABIN1|23523,CABIN1,23523
gene_2849,CABLES1|91768,CABLES1,91768
gene_2850,CABLES2|81928,CABLES2,81928
gene_2851,CABP1|9478,CABP1,9478
gene_2852,CABP2|51475,CABP2,51475
gene_2853,CABP4|57010,CABP4,57010
gene_2854,CABP5|56344,CABP5,56344
gene_2855,CABP7|164633,CABP7,164633
gene_2856,CABYR|26256,CABYR,26256
gene_2857,CACHD1|57685,CACHD1,57685
gene_2858,CACNA1A|773,CACNA1A,773
gene_2859,CACNA1B|774,CACNA1B,774
gene_2860,CACNA1C|775,CACNA1C,775
gene_2861,CACNA1D|776,CACNA1D,776
gene_2862,CACNA1E|777,CACNA1E,777
gene_2863,CACNA1F|778,CACNA1F,778
gene_2864,CACNA1G|8913,CACNA1G,8913
gene_2865,CACNA1H|8912,CACNA1H,8912
gene_2866,CACNA1I|8911,CACNA1I,8911
gene_2867,CACNA1S|779,CACNA1S,779
gene_2868,CACNA2D1|781,CACNA2D1,781
gene_2869,CACNA2D2|9254,CACNA2D2,9254
gene_2870,CACNA2D3|55799,CACNA2D3,55799
gene_2871,CACNA2D4|93589,CACNA2D4,93589
gene_2872,CACNB1|782,CACNB1,782
gene_2873,CACNB2|783,CACNB2,783
gene_2874,CACNB3|784,CACNB3,784
gene_2875,CACNB4|785,CACNB4,785
gene_2876,CACNG1|786,CACNG1,786
gene_2877,CACNG2|10369,CACNG2,10369
gene_2878,CACNG3|10368,CACNG3,10368
gene_2879,CACNG4|27092,CACNG4,27092
gene_2880,CACNG5|27091,CACNG5,27091
gene_2881,CACNG6|59285,CACNG6,59285
gene_2882,CACNG7|59284,CACNG7,59284
gene_2883,CACNG8|59283,CACNG8,59283
gene_2884,CACYBP|27101,CACYBP,27101
gene_2885,CADM1|23705,CADM1,23705
gene_2886,CADM2|253559,CADM2,253559
gene_2887,CADM3|57863,CADM3,57863
gene_2888,CADM4|199731,CADM4,199731
gene_2889,CADPS2|93664,CADPS2,93664
gene_2890,CADPS|8618,CADPS,8618
gene_2891,CAD|790,CAD,790
gene_2892,CAGE1|285782,CAGE1,285782
gene_2893,CALB1|793,CALB1,793
gene_2894,CALB2|794,CALB2,794
gene_2895,CALCA|796,CALCA,796
gene_2896,CALCB|797,CALCB,797
gene_2897,CALCOCO1|57658,CALCOCO1,57658
gene_2898,CALCOCO2|10241,CALCOCO2,10241
gene_2899,CALCRL|10203,CALCRL,10203
gene_2900,CALCR|799,CALCR,799
gene_2901,CALD1|800,CALD1,800
gene_2902,CALHM1|255022,CALHM1,255022
gene_2903,CALHM2|51063,CALHM2,51063
gene_2904,CALHM3|119395,CALHM3,119395
gene_2905,CALM1|801,CALM1,801
gene_2906,CALM2|805,CALM2,805
gene_2907,CALM3|808,CALM3,808
gene_2908,CALML3|810,CALML3,810
gene_2909,CALML4|91860,CALML4,91860
gene_2910,CALML5|51806,CALML5,51806
gene_2911,CALML6|163688,CALML6,163688
gene_2912,CALN1|83698,CALN1,83698
gene_2913,CALR3|125972,CALR3,125972
gene_2914,CALR|811,CALR,811
gene_2915,CALU|813,CALU,813
gene_2916,CALY|50632,CALY,50632
gene_2917,CAMK1D|57118,CAMK1D,57118
gene_2918,CAMK1G|57172,CAMK1G,57172
gene_2919,CAMK1|8536,CAMK1,8536
gene_2920,CAMK2A|815,CAMK2A,815
gene_2921,CAMK2B|816,CAMK2B,816
gene_2922,CAMK2D|817,CAMK2D,817
gene_2923,CAMK2G|818,CAMK2G,818
gene_2924,CAMK2N1|55450,CAMK2N1,55450
gene_2925,CAMK2N2|94032,CAMK2N2,94032
gene_2926,CAMK4|814,CAMK4,814
gene_2927,CAMKK1|84254,CAMKK1,84254
gene_2928,CAMKK2|10645,CAMKK2,10645
gene_2929,CAMKV|79012,CAMKV,79012
gene_2930,CAMLG|819,CAMLG,819
gene_2931,CAMP|820,CAMP,820
gene_2932,CAMSAP1L1|23271,CAMSAP1L1,23271
gene_2933,CAMSAP1|157922,CAMSAP1,157922
gene_2934,CAMTA1|23261,CAMTA1,23261
gene_2935,CAMTA2|23125,CAMTA2,23125
gene_2936,CAND1|55832,CAND1,55832
gene_2937,CAND2|23066,CAND2,23066
gene_2938,CANT1|124583,CANT1,124583
gene_2939,CANX|821,CANX,821
gene_2940,CAP1|10487,CAP1,10487
gene_2941,CAP2|10486,CAP2,10486
gene_2942,CAPG|822,CAPG,822
gene_2943,CAPN10|11132,CAPN10,11132
gene_2944,CAPN11|11131,CAPN11,11131
gene_2945,CAPN12|147968,CAPN12,147968
gene_2946,CAPN13|92291,CAPN13,92291
gene_2947,CAPN14|440854,CAPN14,440854
gene_2948,CAPN1|823,CAPN1,823
gene_2949,CAPN2|824,CAPN2,824
gene_2950,CAPN3|825,CAPN3,825
gene_2951,CAPN5|726,CAPN5,726
gene_2952,CAPN6|827,CAPN6,827
gene_2953,CAPN7|23473,CAPN7,23473
gene_2954,CAPN8|388743,CAPN8,388743
gene_2955,CAPN9|10753,CAPN9,10753
gene_2956,CAPNS1|826,CAPNS1,826
gene_2957,CAPNS2|84290,CAPNS2,84290
gene_2958,CAPRIN1|4076,CAPRIN1,4076
gene_2959,CAPRIN2|65981,CAPRIN2,65981
gene_2960,CAPS2|84698,CAPS2,84698
gene_2961,CAPSL|133690,CAPSL,133690
gene_2962,CAPS|828,CAPS,828
gene_2963,CAPZA1|829,CAPZA1,829
gene_2964,CAPZA2|830,CAPZA2,830
gene_2965,CAPZA3|93661,CAPZA3,93661
gene_2966,CAPZB|832,CAPZB,832
gene_2967,CARD10|29775,CARD10,29775
gene_2968,CARD11|84433,CARD11,84433
gene_2969,CARD14|79092,CARD14,79092
gene_2970,CARD16|114769,CARD16,114769
gene_2971,CARD17|440068,CARD17,440068
gene_2972,CARD18|59082,CARD18,59082
gene_2973,CARD6|84674,CARD6,84674
gene_2974,CARD8|22900,CARD8,22900
gene_2975,CARD9|64170,CARD9,64170
gene_2976,CARHSP1|23589,CARHSP1,23589
gene_2977,CARKD|55739,CARKD,55739
gene_2978,CARM1|10498,CARM1,10498
gene_2979,CARNS1|57571,CARNS1,57571
gene_2980,CARS2|79587,CARS2,79587
gene_2981,CARS|833,CARS,833
gene_2982,CARTPT|9607,CARTPT,9607
gene_2983,CASC1|55259,CASC1,55259
gene_2984,CASC2|255082,CASC2,255082
gene_2985,CASC3|22794,CASC3,22794
gene_2986,CASC4|113201,CASC4,113201
gene_2987,CASC5|57082,CASC5,57082
gene_2988,CASD1|64921,CASD1,64921
gene_2989,CASKIN1|57524,CASKIN1,57524
gene_2990,CASKIN2|57513,CASKIN2,57513
gene_2991,CASK|8573,CASK,8573
gene_2992,CASP10|843,CASP10,843
gene_2993,CASP12|120329,CASP12,120329
gene_2994,CASP14|23581,CASP14,23581
gene_2995,CASP1|834,CASP1,834
gene_2996,CASP2|835,CASP2,835
gene_2997,CASP3|836,CASP3,836
gene_2998,CASP4|837,CASP4,837
gene_2999,CASP5|838,CASP5,838
gene_3000,CASP6|839,CASP6,839
gene_3001,CASP7|840,CASP7,840
gene_3002,CASP8AP2|9994,CASP8AP2,9994
gene_3003,CASP8|841,CASP8,841
gene_3004,CASP9|842,CASP9,842
gene_3005,CASQ1|844,CASQ1,844
gene_3006,CASQ2|845,CASQ2,845
gene_3007,CASR|846,CASR,846
gene_3008,CASS4|57091,CASS4,57091
gene_3009,CAST|831,CAST,831
gene_3010,CASZ1|54897,CASZ1,54897
gene_3011,CATSPER1|117144,CATSPER1,117144
gene_3012,CATSPER2P1|440278,CATSPER2P1,440278
gene_3013,CATSPER2|117155,CATSPER2,117155
gene_3014,CATSPER3|347732,CATSPER3,347732
gene_3015,CATSPER4|378807,CATSPER4,378807
gene_3016,CATSPERB|79820,CATSPERB,79820
gene_3017,CATSPERG|57828,CATSPERG,57828
gene_3018,CAT|847,CAT,847
gene_3019,CAV1|857,CAV1,857
gene_3020,CAV2|858,CAV2,858
gene_3021,CAV3|859,CAV3,859
gene_3022,CBARA1|10367,CBARA1,10367
gene_3023,CBFA2T2|9139,CBFA2T2,9139
gene_3024,CBFA2T3|863,CBFA2T3,863
gene_3025,CBFB|865,CBFB,865
gene_3026,CBLB|868,CBLB,868
gene_3027,CBLC|23624,CBLC,23624
gene_3028,CBLL1|79872,CBLL1,79872
gene_3029,CBLN1|869,CBLN1,869
gene_3030,CBLN2|147381,CBLN2,147381
gene_3031,CBLN3|643866,CBLN3,643866
gene_3032,CBLN4|140689,CBLN4,140689
gene_3033,CBL|867,CBL,867
gene_3034,CBR1|873,CBR1,873
gene_3035,CBR3|874,CBR3,874
gene_3036,CBR4|84869,CBR4,84869
gene_3037,CBS|875,CBS,875
gene_3038,CBWD1|55871,CBWD1,55871
gene_3039,CBWD2|150472,CBWD2,150472
gene_3040,CBWD3|445571,CBWD3,445571
gene_3041,CBWD5|220869,CBWD5,220869
gene_3042,CBWD6|644019,CBWD6,644019
gene_3043,CBX1|10951,CBX1,10951
gene_3044,CBX2|84733,CBX2,84733
gene_3045,CBX3|11335,CBX3,11335
gene_3046,CBX4|8535,CBX4,8535
gene_3047,CBX5|23468,CBX5,23468
gene_3048,CBX6|23466,CBX6,23466
gene_3049,CBX7|23492,CBX7,23492
gene_3050,CBX8|57332,CBX8,57332
gene_3051,CBY1|25776,CBY1,25776
gene_3052,CC2D1A|54862,CC2D1A,54862
gene_3053,CC2D1B|200014,CC2D1B,200014
gene_3054,CC2D2A|57545,CC2D2A,57545
gene_3055,CC2D2B|387707,CC2D2B,387707
gene_3056,CCAR1|55749,CCAR1,55749
gene_3057,CCBE1|147372,CCBE1,147372
gene_3058,CCBL1|883,CCBL1,883
gene_3059,CCBL2|56267,CCBL2,56267
gene_3060,CCBP2|1238,CCBP2,1238
gene_3061,CCDC101|112869,CCDC101,112869
gene_3062,CCDC102A|92922,CCDC102A,92922
gene_3063,CCDC102B|79839,CCDC102B,79839
gene_3064,CCDC103|388389,CCDC103,388389
gene_3065,CCDC104|112942,CCDC104,112942
gene_3066,CCDC105|126402,CCDC105,126402
gene_3067,CCDC106|29903,CCDC106,29903
gene_3068,CCDC107|203260,CCDC107,203260
gene_3069,CCDC108|255101,CCDC108,255101
gene_3070,CCDC109A|90550,CCDC109A,90550
gene_3071,CCDC109B|55013,CCDC109B,55013
gene_3072,CCDC110|256309,CCDC110,256309
gene_3073,CCDC111|201973,CCDC111,201973
gene_3074,CCDC112|153733,CCDC112,153733
gene_3075,CCDC113|29070,CCDC113,29070
gene_3076,CCDC114|93233,CCDC114,93233
gene_3077,CCDC115|84317,CCDC115,84317
gene_3078,CCDC116|164592,CCDC116,164592
gene_3079,CCDC117|150275,CCDC117,150275
gene_3080,CCDC11|220136,CCDC11,220136
gene_3081,CCDC120|90060,CCDC120,90060
gene_3082,CCDC121|79635,CCDC121,79635
gene_3083,CCDC122|160857,CCDC122,160857
gene_3084,CCDC123|84902,CCDC123,84902
gene_3085,CCDC124|115098,CCDC124,115098
gene_3086,CCDC125|202243,CCDC125,202243
gene_3087,CCDC126|90693,CCDC126,90693
gene_3088,CCDC127|133957,CCDC127,133957
gene_3089,CCDC129|223075,CCDC129,223075
gene_3090,CCDC12|151903,CCDC12,151903
gene_3091,CCDC130|81576,CCDC130,81576
gene_3092,CCDC132|55610,CCDC132,55610
gene_3093,CCDC134|79879,CCDC134,79879
gene_3094,CCDC135|84229,CCDC135,84229
gene_3095,CCDC136|64753,CCDC136,64753
gene_3096,CCDC137|339230,CCDC137,339230
gene_3097,CCDC138|165055,CCDC138,165055
gene_3098,CCDC13|152206,CCDC13,152206
gene_3099,CCDC140|151278,CCDC140,151278
gene_3100,CCDC141|285025,CCDC141,285025
gene_3101,CCDC142|84865,CCDC142,84865
gene_3102,CCDC144A|9720,CCDC144A,9720
gene_3103,CCDC144B|284047,CCDC144B,284047
gene_3104,CCDC144C|348254,CCDC144C,348254
gene_3105,CCDC144NL|339184,CCDC144NL,339184
gene_3106,CCDC146|57639,CCDC146,57639
gene_3107,CCDC147|159686,CCDC147,159686
gene_3108,CCDC148|130940,CCDC148,130940
gene_3109,CCDC149|91050,CCDC149,91050
gene_3110,CCDC14|64770,CCDC14,64770
gene_3111,CCDC150|284992,CCDC150,284992
gene_3112,CCDC151|115948,CCDC151,115948
gene_3113,CCDC152|100129792,CCDC152,100129792
gene_3114,CCDC153|283152,CCDC153,283152
gene_3115,CCDC154|645811,CCDC154,645811
gene_3116,CCDC155|147872,CCDC155,147872
gene_3117,CCDC157|550631,CCDC157,550631
gene_3118,CCDC158|339965,CCDC158,339965
gene_3119,CCDC159|126075,CCDC159,126075
gene_3120,CCDC15|80071,CCDC15,80071
gene_3121,CCDC160|347475,CCDC160,347475
gene_3122,CCDC163P|126661,CCDC163P,126661
gene_3123,CCDC17|149483,CCDC17,149483
gene_3124,CCDC18|343099,CCDC18,343099
gene_3125,CCDC19|25790,CCDC19,25790
gene_3126,CCDC21|64793,CCDC21,64793
gene_3127,CCDC22|28952,CCDC22,28952
gene_3128,CCDC23|374969,CCDC23,374969
gene_3129,CCDC24|149473,CCDC24,149473
gene_3130,CCDC25|55246,CCDC25,55246
gene_3131,CCDC27|148870,CCDC27,148870
gene_3132,CCDC28A|25901,CCDC28A,25901
gene_3133,CCDC28B|79140,CCDC28B,79140
gene_3134,CCDC30|728621,CCDC30,728621
gene_3135,CCDC33|80125,CCDC33,80125
gene_3136,CCDC34|91057,CCDC34,91057
gene_3137,CCDC36|339834,CCDC36,339834
gene_3138,CCDC37|348807,CCDC37,348807
gene_3139,CCDC38|120935,CCDC38,120935
gene_3140,CCDC39|339829,CCDC39,339829
gene_3141,CCDC3|83643,CCDC3,83643
gene_3142,CCDC40|55036,CCDC40,55036
gene_3143,CCDC41|51134,CCDC41,51134
gene_3144,CCDC42B|387885,CCDC42B,387885
gene_3145,CCDC42|146849,CCDC42,146849
gene_3146,CCDC43|124808,CCDC43,124808
gene_3147,CCDC45|90799,CCDC45,90799
gene_3148,CCDC46|201134,CCDC46,201134
gene_3149,CCDC47|57003,CCDC47,57003
gene_3150,CCDC48|79825,CCDC48,79825
gene_3151,CCDC50|152137,CCDC50,152137
gene_3152,CCDC51|79714,CCDC51,79714
gene_3153,CCDC52|152185,CCDC52,152185
gene_3154,CCDC53|51019,CCDC53,51019
gene_3155,CCDC54|84692,CCDC54,84692
gene_3156,CCDC55|84081,CCDC55,84081
gene_3157,CCDC56|28958,CCDC56,28958
gene_3158,CCDC57|284001,CCDC57,284001
gene_3159,CCDC58|131076,CCDC58,131076
gene_3160,CCDC59|29080,CCDC59,29080
gene_3161,CCDC60|160777,CCDC60,160777
gene_3162,CCDC61|729440,CCDC61,729440
gene_3163,CCDC62|84660,CCDC62,84660
gene_3164,CCDC63|160762,CCDC63,160762
gene_3165,CCDC64B|146439,CCDC64B,146439
gene_3166,CCDC64|92558,CCDC64,92558
gene_3167,CCDC65|85478,CCDC65,85478
gene_3168,CCDC66|285331,CCDC66,285331
gene_3169,CCDC67|159989,CCDC67,159989
gene_3170,CCDC68|80323,CCDC68,80323
gene_3171,CCDC69|26112,CCDC69,26112
gene_3172,CCDC6|8030,CCDC6,8030
gene_3173,CCDC70|83446,CCDC70,83446
gene_3174,CCDC71|64925,CCDC71,64925
gene_3175,CCDC72|51372,CCDC72,51372
gene_3176,CCDC73|493860,CCDC73,493860
gene_3177,CCDC74A|90557,CCDC74A,90557
gene_3178,CCDC74B|91409,CCDC74B,91409
gene_3179,CCDC75|253635,CCDC75,253635
gene_3180,CCDC76|54482,CCDC76,54482
gene_3181,CCDC77|84318,CCDC77,84318
gene_3182,CCDC78|124093,CCDC78,124093
gene_3183,CCDC79|283847,CCDC79,283847
gene_3184,CCDC7|221016,CCDC7,221016
gene_3185,CCDC80|151887,CCDC80,151887
gene_3186,CCDC81|60494,CCDC81,60494
gene_3187,CCDC82|79780,CCDC82,79780
gene_3188,CCDC83|220047,CCDC83,220047
gene_3189,CCDC84|338657,CCDC84,338657
gene_3190,CCDC85A|114800,CCDC85A,114800
gene_3191,CCDC85B|11007,CCDC85B,11007
gene_3192,CCDC85C|317762,CCDC85C,317762
gene_3193,CCDC86|79080,CCDC86,79080
gene_3194,CCDC87|55231,CCDC87,55231
gene_3195,CCDC88A|55704,CCDC88A,55704
gene_3196,CCDC88B|283234,CCDC88B,283234
gene_3197,CCDC88C|440193,CCDC88C,440193
gene_3198,CCDC89|220388,CCDC89,220388
gene_3199,CCDC8|83987,CCDC8,83987
gene_3200,CCDC90A|63933,CCDC90A,63933
gene_3201,CCDC90B|60492,CCDC90B,60492
gene_3202,CCDC91|55297,CCDC91,55297
gene_3203,CCDC92|80212,CCDC92,80212
gene_3204,CCDC93|54520,CCDC93,54520
gene_3205,CCDC94|55702,CCDC94,55702
gene_3206,CCDC96|257236,CCDC96,257236
gene_3207,CCDC97|90324,CCDC97,90324
gene_3208,CCDC99|54908,CCDC99,54908
gene_3209,CCDC9|26093,CCDC9,26093
gene_3210,CCHCR1|54535,CCHCR1,54535
gene_3211,CCIN|881,CCIN,881
gene_3212,CCKAR|886,CCKAR,886
gene_3213,CCKBR|887,CCKBR,887
gene_3214,CCK|885,CCK,885
gene_3215,CCL11|6356,CCL11,6356
gene_3216,CCL13|6357,CCL13,6357
gene_3217,CCL14-CCL15|348249,CCL14-CCL15,348249
gene_3218,CCL14|6358,CCL14,6358
gene_3219,CCL15|6359,CCL15,6359
gene_3220,CCL16|6360,CCL16,6360
gene_3221,CCL17|6361,CCL17,6361
gene_3222,CCL18|6362,CCL18,6362
gene_3223,CCL19|6363,CCL19,6363
gene_3224,CCL1|6346,CCL1,6346
gene_3225,CCL20|6364,CCL20,6364
gene_3226,CCL21|6366,CCL21,6366
gene_3227,CCL22|6367,CCL22,6367
gene_3228,CCL23|6368,CCL23,6368
gene_3229,CCL24|6369,CCL24,6369
gene_3230,CCL25|6370,CCL25,6370
gene_3231,CCL26|10344,CCL26,10344
gene_3232,CCL27|10850,CCL27,10850
gene_3233,CCL28|56477,CCL28,56477
gene_3234,CCL2|6347,CCL2,6347
gene_3235,CCL3L1|6349,CCL3L1,6349
gene_3236,CCL3L3|414062,CCL3L3,414062
gene_3237,CCL3|6348,CCL3,6348
gene_3238,CCL4L2|388372,CCL4L2,388372
gene_3239,CCL4|6351,CCL4,6351
gene_3240,CCL5|6352,CCL5,6352
gene_3241,CCL7|6354,CCL7,6354
gene_3242,CCL8|6355,CCL8,6355
gene_3243,CCM2|83605,CCM2,83605
gene_3244,CCNA1|8900,CCNA1,8900
gene_3245,CCNA2|890,CCNA2,890
gene_3246,CCNB1IP1|57820,CCNB1IP1,57820
gene_3247,CCNB1|891,CCNB1,891
gene_3248,CCNB2|9133,CCNB2,9133
gene_3249,CCNB3|85417,CCNB3,85417
gene_3250,CCNC|892,CCNC,892
gene_3251,CCND1|595,CCND1,595
gene_3252,CCND2|894,CCND2,894
gene_3253,CCND3|896,CCND3,896
gene_3254,CCNDBP1|23582,CCNDBP1,23582
gene_3255,CCNE1|898,CCNE1,898
gene_3256,CCNE2|9134,CCNE2,9134
gene_3257,CCNF|899,CCNF,899
gene_3258,CCNG1|900,CCNG1,900
gene_3259,CCNG2|901,CCNG2,901
gene_3260,CCNH|902,CCNH,902
gene_3261,CCNI2|645121,CCNI2,645121
gene_3262,CCNI|10983,CCNI,10983
gene_3263,CCNJL|79616,CCNJL,79616
gene_3264,CCNJ|54619,CCNJ,54619
gene_3265,CCNK|8812,CCNK,8812
gene_3266,CCNL1|57018,CCNL1,57018
gene_3267,CCNL2|81669,CCNL2,81669
gene_3268,CCNO|10309,CCNO,10309
gene_3269,CCNT1|904,CCNT1,904
gene_3270,CCNT2|905,CCNT2,905
gene_3271,CCNYL1|151195,CCNYL1,151195
gene_3272,CCNY|219771,CCNY,219771
gene_3273,CCPG1|9236,CCPG1,9236
gene_3274,CCR10|2826,CCR10,2826
gene_3275,CCR1|1230,CCR1,1230
gene_3276,CCR2|729230,CCR2,729230
gene_3277,CCR3|1232,CCR3,1232
gene_3278,CCR4|1233,CCR4,1233
gene_3279,CCR5|1234,CCR5,1234
gene_3280,CCR6|1235,CCR6,1235
gene_3281,CCR7|1236,CCR7,1236
gene_3282,CCR8|1237,CCR8,1237
gene_3283,CCR9|10803,CCR9,10803
gene_3284,CCRL1|51554,CCRL1,51554
gene_3285,CCRL2|9034,CCRL2,9034
gene_3286,CCRN4L|25819,CCRN4L,25819
gene_3287,CCS|9973,CCS,9973
gene_3288,CCT2|10576,CCT2,10576
gene_3289,CCT3|7203,CCT3,7203
gene_3290,CCT4|10575,CCT4,10575
gene_3291,CCT5|22948,CCT5,22948
gene_3292,CCT6A|908,CCT6A,908
gene_3293,CCT6B|10693,CCT6B,10693
gene_3294,CCT6P1|643253,CCT6P1,643253
gene_3295,CCT7|10574,CCT7,10574
gene_3296,CCT8L2|150160,CCT8L2,150160
gene_3297,CCT8|10694,CCT8,10694
gene_3298,CD101|9398,CD101,9398
gene_3299,CD109|135228,CD109,135228
gene_3300,CD14|929,CD14,929
gene_3301,CD151|977,CD151,977
gene_3302,CD160|11126,CD160,11126
gene_3303,CD163L1|283316,CD163L1,283316
gene_3304,CD163|9332,CD163,9332
gene_3305,CD164L2|388611,CD164L2,388611
gene_3306,CD164|8763,CD164,8763
gene_3307,CD177|57126,CD177,57126
gene_3308,CD180|4064,CD180,4064
gene_3309,CD19|930,CD19,930
gene_3310,CD1A|909,CD1A,909
gene_3311,CD1B|910,CD1B,910
gene_3312,CD1C|911,CD1C,911
gene_3313,CD1D|912,CD1D,912
gene_3314,CD1E|913,CD1E,913
gene_3315,CD200R1L|344807,CD200R1L,344807
gene_3316,CD200R1|131450,CD200R1,131450
gene_3317,CD200|4345,CD200,4345
gene_3318,CD207|50489,CD207,50489
gene_3319,CD209|30835,CD209,30835
gene_3320,CD226|10666,CD226,10666
gene_3321,CD22|933,CD22,933
gene_3322,CD244|51744,CD244,51744
gene_3323,CD247|919,CD247,919
gene_3324,CD248|57124,CD248,57124
gene_3325,CD24|100133941,CD24,100133941
gene_3326,CD274|29126,CD274,29126
gene_3327,CD276|80381,CD276,80381
gene_3328,CD27|939,CD27,939
gene_3329,CD28|940,CD28,940
gene_3330,CD2AP|23607,CD2AP,23607
gene_3331,CD2BP2|10421,CD2BP2,10421
gene_3332,CD2|914,CD2,914
gene_3333,CD300A|11314,CD300A,11314
gene_3334,CD300C|10871,CD300C,10871
gene_3335,CD300E|342510,CD300E,342510
gene_3336,CD300LB|124599,CD300LB,124599
gene_3337,CD300LD|100131439,CD300LD,100131439
gene_3338,CD300LF|146722,CD300LF,146722
gene_3339,CD300LG|146894,CD300LG,146894
gene_3340,CD302|9936,CD302,9936
gene_3341,CD320|51293,CD320,51293
gene_3342,CD33|945,CD33,945
gene_3343,CD34|947,CD34,947
gene_3344,CD36|948,CD36,948
gene_3345,CD37|951,CD37,951
gene_3346,CD38|952,CD38,952
gene_3347,CD3D|915,CD3D,915
gene_3348,CD3EAP|10849,CD3EAP,10849
gene_3349,CD3E|916,CD3E,916
gene_3350,CD3G|917,CD3G,917
gene_3351,CD40LG|959,CD40LG,959
gene_3352,CD40|958,CD40,958
gene_3353,CD44|960,CD44,960
gene_3354,CD46|4179,CD46,4179
gene_3355,CD47|961,CD47,961
gene_3356,CD48|962,CD48,962
gene_3357,CD4|920,CD4,920
gene_3358,CD52|1043,CD52,1043
gene_3359,CD53|963,CD53,963
gene_3360,CD55|1604,CD55,1604
gene_3361,CD58|965,CD58,965
gene_3362,CD59|966,CD59,966
gene_3363,CD5L|922,CD5L,922
gene_3364,CD5|921,CD5,921
gene_3365,CD63|967,CD63,967
gene_3366,CD68|968,CD68,968
gene_3367,CD69|969,CD69,969
gene_3368,CD6|923,CD6,923
gene_3369,CD70|970,CD70,970
gene_3370,CD72|971,CD72,971
gene_3371,CD74|972,CD74,972
gene_3372,CD79A|973,CD79A,973
gene_3373,CD79B|974,CD79B,974
gene_3374,CD7|924,CD7,924
gene_3375,CD80|941,CD80,941
gene_3376,CD81|975,CD81,975
gene_3377,CD82|3732,CD82,3732
gene_3378,CD83|9308,CD83,9308
gene_3379,CD84|8832,CD84,8832
gene_3380,CD86|942,CD86,942
gene_3381,CD8A|925,CD8A,925
gene_3382,CD8B|926,CD8B,926
gene_3383,CD93|22918,CD93,22918
gene_3384,CD96|10225,CD96,10225
gene_3385,CD97|976,CD97,976
gene_3386,CD99L2|83692,CD99L2,83692
gene_3387,CD99|4267,CD99,4267
gene_3388,CD9|928,CD9,928
gene_3389,CDADC1|81602,CDADC1,81602
gene_3390,CDAN1|146059,CDAN1,146059
gene_3391,CDA|978,CDA,978
gene_3392,CDC123|8872,CDC123,8872
gene_3393,CDC14A|8556,CDC14A,8556
gene_3394,CDC14B|8555,CDC14B,8555
gene_3395,CDC14C|168448,CDC14C,168448
gene_3396,CDC16|8881,CDC16,8881
gene_3397,CDC20B|166979,CDC20B,166979
gene_3398,CDC20|991,CDC20,991
gene_3399,CDC23|8697,CDC23,8697
gene_3400,CDC25A|993,CDC25A,993
gene_3401,CDC25B|994,CDC25B,994
gene_3402,CDC25C|995,CDC25C,995
gene_3403,CDC26|246184,CDC26,246184
gene_3404,CDC27|996,CDC27,996
gene_3405,CDC34|997,CDC34,997
gene_3406,CDC37L1|55664,CDC37L1,55664
gene_3407,CDC37|11140,CDC37,11140
gene_3408,CDC40|51362,CDC40,51362
gene_3409,CDC42BPA|8476,CDC42BPA,8476
gene_3410,CDC42BPB|9578,CDC42BPB,9578
gene_3411,CDC42BPG|55561,CDC42BPG,55561
gene_3412,CDC42EP1|11135,CDC42EP1,11135
gene_3413,CDC42EP2|10435,CDC42EP2,10435
gene_3414,CDC42EP3|10602,CDC42EP3,10602
gene_3415,CDC42EP4|23580,CDC42EP4,23580
gene_3416,CDC42EP5|148170,CDC42EP5,148170
gene_3417,CDC42SE1|56882,CDC42SE1,56882
gene_3418,CDC42SE2|56990,CDC42SE2,56990
gene_3419,CDC42|998,CDC42,998
gene_3420,CDC45|8318,CDC45,8318
gene_3421,CDC5L|988,CDC5L,988
gene_3422,CDC6|990,CDC6,990
gene_3423,CDC73|79577,CDC73,79577
gene_3424,CDC7|8317,CDC7,8317
gene_3425,CDCA2|157313,CDCA2,157313
gene_3426,CDCA3|83461,CDCA3,83461
gene_3427,CDCA4|55038,CDCA4,55038
gene_3428,CDCA5|113130,CDCA5,113130
gene_3429,CDCA7L|55536,CDCA7L,55536
gene_3430,CDCA7|83879,CDCA7,83879
gene_3431,CDCA8|55143,CDCA8,55143
gene_3432,CDCP1|64866,CDCP1,64866
gene_3433,CDCP2|200008,CDCP2,200008
gene_3434,CDH10|1008,CDH10,1008
gene_3435,CDH11|1009,CDH11,1009
gene_3436,CDH12|1010,CDH12,1010
gene_3437,CDH13|1012,CDH13,1012
gene_3438,CDH15|1013,CDH15,1013
gene_3439,CDH16|1014,CDH16,1014
gene_3440,CDH17|1015,CDH17,1015
gene_3441,CDH18|1016,CDH18,1016
gene_3442,CDH19|28513,CDH19,28513
gene_3443,CDH1|999,CDH1,999
gene_3444,CDH20|28316,CDH20,28316
gene_3445,CDH22|64405,CDH22,64405
gene_3446,CDH23|64072,CDH23,64072
gene_3447,CDH24|64403,CDH24,64403
gene_3448,CDH26|60437,CDH26,60437
gene_3449,CDH2|1000,CDH2,1000
gene_3450,CDH3|1001,CDH3,1001
gene_3451,CDH4|1002,CDH4,1002
gene_3452,CDH5|1003,CDH5,1003
gene_3453,CDH6|1004,CDH6,1004
gene_3454,CDH7|1005,CDH7,1005
gene_3455,CDH8|1006,CDH8,1006
gene_3456,CDH9|1007,CDH9,1007
gene_3457,CDHR1|92211,CDHR1,92211
gene_3458,CDHR2|54825,CDHR2,54825
gene_3459,CDHR3|222256,CDHR3,222256
gene_3460,CDHR4|389118,CDHR4,389118
gene_3461,CDHR5|53841,CDHR5,53841
gene_3462,CDIPT|10423,CDIPT,10423
gene_3463,CDK10|8558,CDK10,8558
gene_3464,CDK11A|728642,CDK11A,728642
gene_3465,CDK11B|984,CDK11B,984
gene_3466,CDK12|51755,CDK12,51755
gene_3467,CDK13|8621,CDK13,8621
gene_3468,CDK14|5218,CDK14,5218
gene_3469,CDK15|65061,CDK15,65061
gene_3470,CDK16|5127,CDK16,5127
gene_3471,CDK17|5128,CDK17,5128
gene_3472,CDK18|5129,CDK18,5129
gene_3473,CDK19|23097,CDK19,23097
gene_3474,CDK1|983,CDK1,983
gene_3475,CDK20|23552,CDK20,23552
gene_3476,CDK2AP1|8099,CDK2AP1,8099
gene_3477,CDK2AP2|10263,CDK2AP2,10263
gene_3478,CDK2|1017,CDK2,1017
gene_3479,CDK3|1018,CDK3,1018
gene_3480,CDK4|1019,CDK4,1019
gene_3481,CDK5R1|8851,CDK5R1,8851
gene_3482,CDK5R2|8941,CDK5R2,8941
gene_3483,CDK5RAP1|51654,CDK5RAP1,51654
gene_3484,CDK5RAP2|55755,CDK5RAP2,55755
gene_3485,CDK5RAP3|80279,CDK5RAP3,80279
gene_3486,CDK5|1020,CDK5,1020
gene_3487,CDK6|1021,CDK6,1021
gene_3488,CDK7|1022,CDK7,1022
gene_3489,CDK8|1024,CDK8,1024
gene_3490,CDK9|1025,CDK9,1025
gene_3491,CDKAL1|54901,CDKAL1,54901
gene_3492,CDKL1|8814,CDKL1,8814
gene_3493,CDKL2|8999,CDKL2,8999
gene_3494,CDKL3|51265,CDKL3,51265
gene_3495,CDKL4|344387,CDKL4,344387
gene_3496,CDKL5|6792,CDKL5,6792
gene_3497,CDKN1A|1026,CDKN1A,1026
gene_3498,CDKN1B|1027,CDKN1B,1027
gene_3499,CDKN1C|1028,CDKN1C,1028
gene_3500,CDKN2AIPNL|91368,CDKN2AIPNL,91368
gene_3501,CDKN2AIP|55602,CDKN2AIP,55602
gene_3502,CDKN2A|1029,CDKN2A,1029
gene_3503,CDKN2BAS|100048912,CDKN2BAS,100048912
gene_3504,CDKN2B|1030,CDKN2B,1030
gene_3505,CDKN2C|1031,CDKN2C,1031
gene_3506,CDKN2D|1032,CDKN2D,1032
gene_3507,CDKN3|1033,CDKN3,1033
gene_3508,CDNF|441549,CDNF,441549
gene_3509,CDO1|1036,CDO1,1036
gene_3510,CDON|50937,CDON,50937
gene_3511,CDR1|1038,CDR1,1038
gene_3512,CDR2L|30850,CDR2L,30850
gene_3513,CDR2|1039,CDR2,1039
gene_3514,CDRT15P|94158,CDRT15P,94158
gene_3515,CDRT15|146822,CDRT15,146822
gene_3516,CDRT1|374286,CDRT1,374286
gene_3517,CDRT4|284040,CDRT4,284040
gene_3518,CDS1|1040,CDS1,1040
gene_3519,CDS2|8760,CDS2,8760
gene_3520,CDSN|1041,CDSN,1041
gene_3521,CDT1|81620,CDT1,81620
gene_3522,CDV3|55573,CDV3,55573
gene_3523,CDX1|1044,CDX1,1044
gene_3524,CDX2|1045,CDX2,1045
gene_3525,CDX4|1046,CDX4,1046
gene_3526,CDY1B|253175,CDY1B,253175
gene_3527,CDY1|9085,CDY1,9085
gene_3528,CDY2B|203611,CDY2B,203611
gene_3529,CDYL2|124359,CDYL2,124359
gene_3530,CDYL|9425,CDYL,9425
gene_3531,CEACAM16|388551,CEACAM16,388551
gene_3532,CEACAM18|729767,CEACAM18,729767
gene_3533,CEACAM19|56971,CEACAM19,56971
gene_3534,CEACAM1|634,CEACAM1,634
gene_3535,CEACAM20|125931,CEACAM20,125931
gene_3536,CEACAM21|90273,CEACAM21,90273
gene_3537,CEACAM22P|388550,CEACAM22P,388550
gene_3538,CEACAM3|1084,CEACAM3,1084
gene_3539,CEACAM4|1089,CEACAM4,1089
gene_3540,CEACAM5|1048,CEACAM5,1048
gene_3541,CEACAM6|4680,CEACAM6,4680
gene_3542,CEACAM7|1087,CEACAM7,1087
gene_3543,CEACAM8|1088,CEACAM8,1088
gene_3544,CEBPA|1050,CEBPA,1050
gene_3545,CEBPB|1051,CEBPB,1051
gene_3546,CEBPD|1052,CEBPD,1052
gene_3547,CEBPE|1053,CEBPE,1053
gene_3548,CEBPG|1054,CEBPG,1054
gene_3549,CEBPZ|10153,CEBPZ,10153
gene_3550,CECR1|51816,CECR1,51816
gene_3551,CECR2|27443,CECR2,27443
gene_3552,CECR4|100130717,CECR4,100130717
gene_3553,CECR5|27440,CECR5,27440
gene_3554,CECR6|27439,CECR6,27439
gene_3555,CECR7|100130418,CECR7,100130418
gene_3556,CELA1|1990,CELA1,1990
gene_3557,CELA2A|63036,CELA2A,63036
gene_3558,CELA2B|51032,CELA2B,51032
gene_3559,CELA3A|10136,CELA3A,10136
gene_3560,CELA3B|23436,CELA3B,23436
gene_3561,CELF1|10658,CELF1,10658
gene_3562,CELF2|10659,CELF2,10659
gene_3563,CELF3|11189,CELF3,11189
gene_3564,CELF4|56853,CELF4,56853
gene_3565,CELF5|60680,CELF5,60680
gene_3566,CELF6|60677,CELF6,60677
gene_3567,CELP|1057,CELP,1057
gene_3568,CELSR1|9620,CELSR1,9620
gene_3569,CELSR2|1952,CELSR2,1952
gene_3570,CELSR3|1951,CELSR3,1951
gene_3571,CEL|1056,CEL,1056
gene_3572,CEMP1|752014,CEMP1,752014
gene_3573,CEND1|51286,CEND1,51286
gene_3574,CENPA|1058,CENPA,1058
gene_3575,CENPBD1|92806,CENPBD1,92806
gene_3576,CENPB|1059,CENPB,1059
gene_3577,CENPC1|1060,CENPC1,1060
gene_3578,CENPE|1062,CENPE,1062
gene_3579,CENPF|1063,CENPF,1063
gene_3580,CENPH|64946,CENPH,64946
gene_3581,CENPI|2491,CENPI,2491
gene_3582,CENPJ|55835,CENPJ,55835
gene_3583,CENPK|64105,CENPK,64105
gene_3584,CENPL|91687,CENPL,91687
gene_3585,CENPM|79019,CENPM,79019
gene_3586,CENPN|55839,CENPN,55839
gene_3587,CENPO|79172,CENPO,79172
gene_3588,CENPP|401541,CENPP,401541
gene_3589,CENPQ|55166,CENPQ,55166
gene_3590,CENPT|80152,CENPT,80152
gene_3591,CENPV|201161,CENPV,201161
gene_3592,CENPW|387103,CENPW,387103
gene_3593,CEP110|11064,CEP110,11064
gene_3594,CEP120|153241,CEP120,153241
gene_3595,CEP135|9662,CEP135,9662
gene_3596,CEP152|22995,CEP152,22995
gene_3597,CEP164|22897,CEP164,22897
gene_3598,CEP170L|645455,CEP170L,645455
gene_3599,CEP170|9859,CEP170,9859
gene_3600,CEP192|55125,CEP192,55125
gene_3601,CEP250|11190,CEP250,11190
gene_3602,CEP290|80184,CEP290,80184
gene_3603,CEP350|9857,CEP350,9857
gene_3604,CEP55|55165,CEP55,55165
gene_3605,CEP57|9702,CEP57,9702
gene_3606,CEP63|80254,CEP63,80254
gene_3607,CEP68|23177,CEP68,23177
gene_3608,CEP70|80321,CEP70,80321
gene_3609,CEP72|55722,CEP72,55722
gene_3610,CEP76|79959,CEP76,79959
gene_3611,CEP78|84131,CEP78,84131
gene_3612,CEP97|79598,CEP97,79598
gene_3613,CEPT1|10390,CEPT1,10390
gene_3614,CER1|9350,CER1,9350
gene_3615,CERCAM|51148,CERCAM,51148
gene_3616,CERKL|375298,CERKL,375298
gene_3617,CERK|64781,CERK,64781
gene_3618,CES1|1066,CES1,1066
gene_3619,CES2|8824,CES2,8824
gene_3620,CES3|23491,CES3,23491
gene_3621,CES4|51716,CES4,51716
gene_3622,CES7|221223,CES7,221223
gene_3623,CES8|283848,CES8,283848
gene_3624,CETN1|1068,CETN1,1068
gene_3625,CETN2|1069,CETN2,1069
gene_3626,CETN3|1070,CETN3,1070
gene_3627,CETN4P|729338,CETN4P,729338
gene_3628,CETP|1071,CETP,1071
gene_3629,CFB|629,CFB,629
gene_3630,CFC1B|653275,CFC1B,653275
gene_3631,CFDP1|10428,CFDP1,10428
gene_3632,CFD|1675,CFD,1675
gene_3633,CFHR1|3078,CFHR1,3078
gene_3634,CFHR2|3080,CFHR2,3080
gene_3635,CFHR3|10878,CFHR3,10878
gene_3636,CFHR4|10877,CFHR4,10877
gene_3637,CFHR5|81494,CFHR5,81494
gene_3638,CFH|3075,CFH,3075
gene_3639,CFI|3426,CFI,3426
gene_3640,CFL1|1072,CFL1,1072
gene_3641,CFL2|1073,CFL2,1073
gene_3642,CFLAR|8837,CFLAR,8837
gene_3643,CFLP1|142913,CFLP1,142913
gene_3644,CFP|5199,CFP,5199
gene_3645,CFTR|1080,CFTR,1080
gene_3646,CG030|116828,CG030,116828
gene_3647,CGA|1081,CGA,1081
gene_3648,CGB1|114335,CGB1,114335
gene_3649,CGB2|114336,CGB2,114336
gene_3650,CGB5|93659,CGB5,93659
gene_3651,CGB7|94027,CGB7,94027
gene_3652,CGB8|94115,CGB8,94115
gene_3653,CGB|1082,CGB,1082
gene_3654,CGGBP1|8545,CGGBP1,8545
gene_3655,CGNL1|84952,CGNL1,84952
gene_3656,CGN|57530,CGN,57530
gene_3657,CGREF1|10669,CGREF1,10669
gene_3658,CGRRF1|10668,CGRRF1,10668
gene_3659,CH25H|9023,CH25H,9023
gene_3660,CHAC1|79094,CHAC1,79094
gene_3661,CHAC2|494143,CHAC2,494143
gene_3662,CHADL|150356,CHADL,150356
gene_3663,CHAD|1101,CHAD,1101
gene_3664,CHAF1A|10036,CHAF1A,10036
gene_3665,CHAF1B|8208,CHAF1B,8208
gene_3666,CHAT|1103,CHAT,1103
gene_3667,CHCHD10|400916,CHCHD10,400916
gene_3668,CHCHD1|118487,CHCHD1,118487
gene_3669,CHCHD2|51142,CHCHD2,51142
gene_3670,CHCHD3|54927,CHCHD3,54927
gene_3671,CHCHD4|131474,CHCHD4,131474
gene_3672,CHCHD5|84269,CHCHD5,84269
gene_3673,CHCHD6|84303,CHCHD6,84303
gene_3674,CHCHD7|79145,CHCHD7,79145
gene_3675,CHCHD8|51287,CHCHD8,51287
gene_3676,CHD1L|9557,CHD1L,9557
gene_3677,CHD1|1105,CHD1,1105
gene_3678,CHD2|1106,CHD2,1106
gene_3679,CHD3|1107,CHD3,1107
gene_3680,CHD4|1108,CHD4,1108
gene_3681,CHD5|26038,CHD5,26038
gene_3682,CHD6|84181,CHD6,84181
gene_3683,CHD7|55636,CHD7,55636
gene_3684,CHD8|57680,CHD8,57680
gene_3685,CHD9|80205,CHD9,80205
gene_3686,CHDH|55349,CHDH,55349
gene_3687,CHEK1|1111,CHEK1,1111
gene_3688,CHEK2|11200,CHEK2,11200
gene_3689,CHERP|10523,CHERP,10523
gene_3690,CHFR|55743,CHFR,55743
gene_3691,CHGA|1113,CHGA,1113
gene_3692,CHGB|1114,CHGB,1114
gene_3693,CHI3L1|1116,CHI3L1,1116
gene_3694,CHI3L2|1117,CHI3L2,1117
gene_3695,CHIA|27159,CHIA,27159
gene_3696,CHIC1|53344,CHIC1,53344
gene_3697,CHIC2|26511,CHIC2,26511
gene_3698,CHID1|66005,CHID1,66005
gene_3699,CHIT1|1118,CHIT1,1118
gene_3700,CHKA|1119,CHKA,1119
gene_3701,CHKB-CPT1B|386593,CHKB-CPT1B,386593
gene_3702,CHKB|1120,CHKB,1120
gene_3703,CHL1|10752,CHL1,10752
gene_3704,CHML|1122,CHML,1122
gene_3705,CHMP1A|5119,CHMP1A,5119
gene_3706,CHMP1B|57132,CHMP1B,57132
gene_3707,CHMP2A|27243,CHMP2A,27243
gene_3708,CHMP2B|25978,CHMP2B,25978
gene_3709,CHMP4A|29082,CHMP4A,29082
gene_3710,CHMP4B|128866,CHMP4B,128866
gene_3711,CHMP4C|92421,CHMP4C,92421
gene_3712,CHMP5|51510,CHMP5,51510
gene_3713,CHMP6|79643,CHMP6,79643
gene_3714,CHMP7|91782,CHMP7,91782
gene_3715,CHM|1121,CHM,1121
gene_3716,CHN1|1123,CHN1,1123
gene_3717,CHN2|1124,CHN2,1124
gene_3718,CHODL|140578,CHODL,140578
gene_3719,CHORDC1|26973,CHORDC1,26973
gene_3720,CHP2|63928,CHP2,63928
gene_3721,CHPF2|54480,CHPF2,54480
gene_3722,CHPF|79586,CHPF,79586
gene_3723,CHPT1|56994,CHPT1,56994
gene_3724,CHP|11261,CHP,11261
gene_3725,CHRAC1|54108,CHRAC1,54108
gene_3726,CHRDL1|91851,CHRDL1,91851
gene_3727,CHRDL2|25884,CHRDL2,25884
gene_3728,CHRD|8646,CHRD,8646
gene_3729,CHRFAM7A|89832,CHRFAM7A,89832
gene_3730,CHRM1|1128,CHRM1,1128
gene_3731,CHRM2|1129,CHRM2,1129
gene_3732,CHRM3|1131,CHRM3,1131
gene_3733,CHRM4|1132,CHRM4,1132
gene_3734,CHRM5|1133,CHRM5,1133
gene_3735,CHRNA10|57053,CHRNA10,57053
gene_3736,CHRNA1|1134,CHRNA1,1134
gene_3737,CHRNA2|1135,CHRNA2,1135
gene_3738,CHRNA3|1136,CHRNA3,1136
gene_3739,CHRNA4|1137,CHRNA4,1137
gene_3740,CHRNA5|1138,CHRNA5,1138
gene_3741,CHRNA6|8973,CHRNA6,8973
gene_3742,CHRNA7|1139,CHRNA7,1139
gene_3743,CHRNA9|55584,CHRNA9,55584
gene_3744,CHRNB1|1140,CHRNB1,1140
gene_3745,CHRNB2|1141,CHRNB2,1141
gene_3746,CHRNB3|1142,CHRNB3,1142
gene_3747,CHRNB4|1143,CHRNB4,1143
gene_3748,CHRND|1144,CHRND,1144
gene_3749,CHRNE|1145,CHRNE,1145
gene_3750,CHRNG|1146,CHRNG,1146
gene_3751,CHST10|9486,CHST10,9486
gene_3752,CHST11|50515,CHST11,50515
gene_3753,CHST12|55501,CHST12,55501
gene_3754,CHST13|166012,CHST13,166012
gene_3755,CHST14|113189,CHST14,113189
gene_3756,CHST15|51363,CHST15,51363
gene_3757,CHST1|8534,CHST1,8534
gene_3758,CHST2|9435,CHST2,9435
gene_3759,CHST3|9469,CHST3,9469
gene_3760,CHST4|10164,CHST4,10164
gene_3761,CHST5|23563,CHST5,23563
gene_3762,CHST6|4166,CHST6,4166
gene_3763,CHST7|56548,CHST7,56548
gene_3764,CHST8|64377,CHST8,64377
gene_3765,CHST9|83539,CHST9,83539
gene_3766,CHSY1|22856,CHSY1,22856
gene_3767,CHSY3|337876,CHSY3,337876
gene_3768,CHTF18|63922,CHTF18,63922
gene_3769,CHTF8|54921,CHTF8,54921
gene_3770,CHUK|1147,CHUK,1147
gene_3771,CHURC1|91612,CHURC1,91612
gene_3772,CIAO1|9391,CIAO1,9391
gene_3773,CIAPIN1|57019,CIAPIN1,57019
gene_3774,CIB1|10519,CIB1,10519
gene_3775,CIB2|10518,CIB2,10518
gene_3776,CIB3|117286,CIB3,117286
gene_3777,CIB4|130106,CIB4,130106
gene_3778,CIC|23152,CIC,23152
gene_3779,CIDEA|1149,CIDEA,1149
gene_3780,CIDEB|27141,CIDEB,27141
gene_3781,CIDECP|152302,CIDECP,152302
gene_3782,CIDEC|63924,CIDEC,63924
gene_3783,CIITA|4261,CIITA,4261
gene_3784,CILP2|148113,CILP2,148113
gene_3785,CILP|8483,CILP,8483
gene_3786,CINP|51550,CINP,51550
gene_3787,CIR1|9541,CIR1,9541
gene_3788,CIRBP|1153,CIRBP,1153
gene_3789,CIRH1A|84916,CIRH1A,84916
gene_3790,CISD1|55847,CISD1,55847
gene_3791,CISD2|493856,CISD2,493856
gene_3792,CISD3|284106,CISD3,284106
gene_3793,CISH|1154,CISH,1154
gene_3794,CITED1|4435,CITED1,4435
gene_3795,CITED2|10370,CITED2,10370
gene_3796,CITED4|163732,CITED4,163732
gene_3797,CIT|11113,CIT,11113
gene_3798,CIZ1|25792,CIZ1,25792
gene_3799,CKAP2L|150468,CKAP2L,150468
gene_3800,CKAP2|26586,CKAP2,26586
gene_3801,CKAP4|10970,CKAP4,10970
gene_3802,CKAP5|9793,CKAP5,9793
gene_3803,CKB|1152,CKB,1152
gene_3804,CKLF|51192,CKLF,51192
gene_3805,CKMT1A|548596,CKMT1A,548596
gene_3806,CKMT1B|1159,CKMT1B,1159
gene_3807,CKMT2|1160,CKMT2,1160
gene_3808,CKM|1158,CKM,1158
gene_3809,CKS1B|1163,CKS1B,1163
gene_3810,CKS2|1164,CKS2,1164
gene_3811,CLASP1|23332,CLASP1,23332
gene_3812,CLASP2|23122,CLASP2,23122
gene_3813,CLCA1|1179,CLCA1,1179
gene_3814,CLCA2|9635,CLCA2,9635
gene_3815,CLCA3P|9629,CLCA3P,9629
gene_3816,CLCA4|22802,CLCA4,22802
gene_3817,CLCC1|23155,CLCC1,23155
gene_3818,CLCF1|23529,CLCF1,23529
gene_3819,CLCN1|1180,CLCN1,1180
gene_3820,CLCN2|1181,CLCN2,1181
gene_3821,CLCN3|1182,CLCN3,1182
gene_3822,CLCN4|1183,CLCN4,1183
gene_3823,CLCN5|1184,CLCN5,1184
gene_3824,CLCN6|1185,CLCN6,1185
gene_3825,CLCN7|1186,CLCN7,1186
gene_3826,CLCNKA|1187,CLCNKA,1187
gene_3827,CLCNKB|1188,CLCNKB,1188
gene_3828,CLC|1178,CLC,1178
gene_3829,CLDN10|9071,CLDN10,9071
gene_3830,CLDN11|5010,CLDN11,5010
gene_3831,CLDN12|9069,CLDN12,9069
gene_3832,CLDN14|23562,CLDN14,23562
gene_3833,CLDN15|24146,CLDN15,24146
gene_3834,CLDN16|10686,CLDN16,10686
gene_3835,CLDN17|26285,CLDN17,26285
gene_3836,CLDN18|51208,CLDN18,51208
gene_3837,CLDN19|149461,CLDN19,149461
gene_3838,CLDN1|9076,CLDN1,9076
gene_3839,CLDN20|49861,CLDN20,49861
gene_3840,CLDN22|53842,CLDN22,53842
gene_3841,CLDN23|137075,CLDN23,137075
gene_3842,CLDN25|644672,CLDN25,644672
gene_3843,CLDN2|9075,CLDN2,9075
gene_3844,CLDN3|1365,CLDN3,1365
gene_3845,CLDN4|1364,CLDN4,1364
gene_3846,CLDN5|7122,CLDN5,7122
gene_3847,CLDN6|9074,CLDN6,9074
gene_3848,CLDN7|1366,CLDN7,1366
gene_3849,CLDN8|9073,CLDN8,9073
gene_3850,CLDN9|9080,CLDN9,9080
gene_3851,CLDND1|56650,CLDND1,56650
gene_3852,CLDND2|125875,CLDND2,125875
gene_3853,CLEC10A|10462,CLEC10A,10462
gene_3854,CLEC11A|6320,CLEC11A,6320
gene_3855,CLEC12A|160364,CLEC12A,160364
gene_3856,CLEC12B|387837,CLEC12B,387837
gene_3857,CLEC14A|161198,CLEC14A,161198
gene_3858,CLEC16A|23274,CLEC16A,23274
gene_3859,CLEC17A|388512,CLEC17A,388512
gene_3860,CLEC18A|348174,CLEC18A,348174
gene_3861,CLEC18B|497190,CLEC18B,497190
gene_3862,CLEC18C|283971,CLEC18C,283971
gene_3863,CLEC1A|51267,CLEC1A,51267
gene_3864,CLEC1B|51266,CLEC1B,51266
gene_3865,CLEC2A|387836,CLEC2A,387836
gene_3866,CLEC2B|9976,CLEC2B,9976
gene_3867,CLEC2D|29121,CLEC2D,29121
gene_3868,CLEC2L|154790,CLEC2L,154790
gene_3869,CLEC3A|10143,CLEC3A,10143
gene_3870,CLEC3B|7123,CLEC3B,7123
gene_3871,CLEC4A|50856,CLEC4A,50856
gene_3872,CLEC4C|170482,CLEC4C,170482
gene_3873,CLEC4D|338339,CLEC4D,338339
gene_3874,CLEC4E|26253,CLEC4E,26253
gene_3875,CLEC4F|165530,CLEC4F,165530
gene_3876,CLEC4GP1|440508,CLEC4GP1,440508
gene_3877,CLEC4G|339390,CLEC4G,339390
gene_3878,CLEC4M|10332,CLEC4M,10332
gene_3879,CLEC5A|23601,CLEC5A,23601
gene_3880,CLEC6A|93978,CLEC6A,93978
gene_3881,CLEC7A|64581,CLEC7A,64581
gene_3882,CLEC9A|283420,CLEC9A,283420
gene_3883,CLECL1|160365,CLECL1,160365
gene_3884,CLGN|1047,CLGN,1047
gene_3885,CLIC1|1192,CLIC1,1192
gene_3886,CLIC2|1193,CLIC2,1193
gene_3887,CLIC3|9022,CLIC3,9022
gene_3888,CLIC4|25932,CLIC4,25932
gene_3889,CLIC5|53405,CLIC5,53405
gene_3890,CLIC6|54102,CLIC6,54102
gene_3891,CLINT1|9685,CLINT1,9685
gene_3892,CLIP1|6249,CLIP1,6249
gene_3893,CLIP2|7461,CLIP2,7461
gene_3894,CLIP3|25999,CLIP3,25999
gene_3895,CLIP4|79745,CLIP4,79745
gene_3896,CLK1|1195,CLK1,1195
gene_3897,CLK2P|1197,CLK2P,1197
gene_3898,CLK2|1196,CLK2,1196
gene_3899,CLK3|1198,CLK3,1198
gene_3900,CLK4|57396,CLK4,57396
gene_3901,CLLU1OS|574016,CLLU1OS,574016
gene_3902,CLLU1|574028,CLLU1,574028
gene_3903,CLMN|79789,CLMN,79789
gene_3904,CLN3|1201,CLN3,1201
gene_3905,CLN5|1203,CLN5,1203
gene_3906,CLN6|54982,CLN6,54982
gene_3907,CLN8|2055,CLN8,2055
gene_3908,CLNK|116449,CLNK,116449
gene_3909,CLNS1A|1207,CLNS1A,1207
gene_3910,CLOCK|9575,CLOCK,9575
gene_3911,CLP1|10978,CLP1,10978
gene_3912,CLPB|81570,CLPB,81570
gene_3913,CLPP|8192,CLPP,8192
gene_3914,CLPS|1208,CLPS,1208
gene_3915,CLPTM1L|81037,CLPTM1L,81037
gene_3916,CLPTM1|1209,CLPTM1,1209
gene_3917,CLPX|10845,CLPX,10845
gene_3918,CLRN1OS|116933,CLRN1OS,116933
gene_3919,CLRN1|7401,CLRN1,7401
gene_3920,CLRN2|645104,CLRN2,645104
gene_3921,CLRN3|119467,CLRN3,119467
gene_3922,CLSPN|63967,CLSPN,63967
gene_3923,CLSTN1|22883,CLSTN1,22883
gene_3924,CLSTN2|64084,CLSTN2,64084
gene_3925,CLSTN3|9746,CLSTN3,9746
gene_3926,CLTA|1211,CLTA,1211
gene_3927,CLTB|1212,CLTB,1212
gene_3928,CLTCL1|8218,CLTCL1,8218
gene_3929,CLTC|1213,CLTC,1213
gene_3930,CLUAP1|23059,CLUAP1,23059
gene_3931,CLUL1|27098,CLUL1,27098
gene_3932,CLU|1191,CLU,1191
gene_3933,CLVS1|157807,CLVS1,157807
gene_3934,CLVS2|134829,CLVS2,134829
gene_3935,CLYBL|171425,CLYBL,171425
gene_3936,CMA1|1215,CMA1,1215
gene_3937,CMAH|8418,CMAH,8418
gene_3938,CMAS|55907,CMAS,55907
gene_3939,CMBL|134147,CMBL,134147
gene_3940,CMC1|152100,CMC1,152100
gene_3941,CMIP|80790,CMIP,80790
gene_3942,CMKLR1|1240,CMKLR1,1240
gene_3943,CMPK1|51727,CMPK1,51727
gene_3944,CMPK2|129607,CMPK2,129607
gene_3945,CMTM1|113540,CMTM1,113540
gene_3946,CMTM2|146225,CMTM2,146225
gene_3947,CMTM3|123920,CMTM3,123920
gene_3948,CMTM4|146223,CMTM4,146223
gene_3949,CMTM5|116173,CMTM5,116173
gene_3950,CMTM6|54918,CMTM6,54918
gene_3951,CMTM7|112616,CMTM7,112616
gene_3952,CMTM8|152189,CMTM8,152189
gene_3953,CMYA5|202333,CMYA5,202333
gene_3954,CN5H6.4|150384,CN5H6.4,150384
gene_3955,CNBD1|168975,CNBD1,168975
gene_3956,CNBP|7555,CNBP,7555
gene_3957,CNDP1|84735,CNDP1,84735
gene_3958,CNDP2|55748,CNDP2,55748
gene_3959,CNFN|84518,CNFN,84518
gene_3960,CNGA1|1259,CNGA1,1259
gene_3961,CNGA2|1260,CNGA2,1260
gene_3962,CNGA3|1261,CNGA3,1261
gene_3963,CNGA4|1262,CNGA4,1262
gene_3964,CNGB1|1258,CNGB1,1258
gene_3965,CNGB3|54714,CNGB3,54714
gene_3966,CNIH2|254263,CNIH2,254263
gene_3967,CNIH3|149111,CNIH3,149111
gene_3968,CNIH4|29097,CNIH4,29097
gene_3969,CNIH|10175,CNIH,10175
gene_3970,CNKSR1|10256,CNKSR1,10256
gene_3971,CNKSR2|22866,CNKSR2,22866
gene_3972,CNKSR3|154043,CNKSR3,154043
gene_3973,CNN1|1264,CNN1,1264
gene_3974,CNN2|1265,CNN2,1265
gene_3975,CNN3|1266,CNN3,1266
gene_3976,CNNM1|26507,CNNM1,26507
gene_3977,CNNM2|54805,CNNM2,54805
gene_3978,CNNM3|26505,CNNM3,26505
gene_3979,CNNM4|26504,CNNM4,26504
gene_3980,CNOT10|25904,CNOT10,25904
gene_3981,CNOT1|23019,CNOT1,23019
gene_3982,CNOT2|4848,CNOT2,4848
gene_3983,CNOT3|4849,CNOT3,4849
gene_3984,CNOT4|4850,CNOT4,4850
gene_3985,CNOT6L|246175,CNOT6L,246175
gene_3986,CNOT6|57472,CNOT6,57472
gene_3987,CNOT7|29883,CNOT7,29883
gene_3988,CNOT8|9337,CNOT8,9337
gene_3989,CNO|55330,CNO,55330
gene_3990,CNPY1|285888,CNPY1,285888
gene_3991,CNPY2|10330,CNPY2,10330
gene_3992,CNPY3|10695,CNPY3,10695
gene_3993,CNPY4|245812,CNPY4,245812
gene_3994,CNP|1267,CNP,1267
gene_3995,CNR1|1268,CNR1,1268
gene_3996,CNR2|1269,CNR2,1269
gene_3997,CNRIP1|25927,CNRIP1,25927
gene_3998,CNST|163882,CNST,163882
gene_3999,CNTD1|124817,CNTD1,124817
gene_4000,CNTD2|79935,CNTD2,79935
gene_4001,CNTFR|1271,CNTFR,1271
gene_4002,CNTF|1270,CNTF,1270
gene_4003,CNTLN|54875,CNTLN,54875
gene_4004,CNTN1|1272,CNTN1,1272
gene_4005,CNTN2|6900,CNTN2,6900
gene_4006,CNTN3|5067,CNTN3,5067
gene_4007,CNTN4|152330,CNTN4,152330
gene_4008,CNTN5|53942,CNTN5,53942
gene_4009,CNTN6|27255,CNTN6,27255
gene_4010,CNTNAP1|8506,CNTNAP1,8506
gene_4011,CNTNAP2|26047,CNTNAP2,26047
gene_4012,CNTNAP3|79937,CNTNAP3,79937
gene_4013,CNTNAP4|85445,CNTNAP4,85445
gene_4014,CNTNAP5|129684,CNTNAP5,129684
gene_4015,CNTROB|116840,CNTROB,116840
gene_4016,COASY|80347,COASY,80347
gene_4017,COBLL1|22837,COBLL1,22837
gene_4018,COBL|23242,COBL,23242
gene_4019,COBRA1|25920,COBRA1,25920
gene_4020,COCH|1690,COCH,1690
gene_4021,COG1|9382,COG1,9382
gene_4022,COG2|22796,COG2,22796
gene_4023,COG3|83548,COG3,83548
gene_4024,COG4|25839,COG4,25839
gene_4025,COG5|10466,COG5,10466
gene_4026,COG6|57511,COG6,57511
gene_4027,COG7|91949,COG7,91949
gene_4028,COG8|84342,COG8,84342
gene_4029,COIL|8161,COIL,8161
gene_4030,COL10A1|1300,COL10A1,1300
gene_4031,COL11A1|1301,COL11A1,1301
gene_4032,COL11A2|1302,COL11A2,1302
gene_4033,COL12A1|1303,COL12A1,1303
gene_4034,COL13A1|1305,COL13A1,1305
gene_4035,COL14A1|7373,COL14A1,7373
gene_4036,COL15A1|1306,COL15A1,1306
gene_4037,COL16A1|1307,COL16A1,1307
gene_4038,COL17A1|1308,COL17A1,1308
gene_4039,COL18A1|80781,COL18A1,80781
gene_4040,COL19A1|1310,COL19A1,1310
gene_4041,COL1A1|1277,COL1A1,1277
gene_4042,COL1A2|1278,COL1A2,1278
gene_4043,COL20A1|57642,COL20A1,57642
gene_4044,COL21A1|81578,COL21A1,81578
gene_4045,COL22A1|169044,COL22A1,169044
gene_4046,COL23A1|91522,COL23A1,91522
gene_4047,COL24A1|255631,COL24A1,255631
gene_4048,COL25A1|84570,COL25A1,84570
gene_4049,COL27A1|85301,COL27A1,85301
gene_4050,COL28A1|340267,COL28A1,340267
gene_4051,COL29A1|256076,COL29A1,256076
gene_4052,COL2A1|1280,COL2A1,1280
gene_4053,COL3A1|1281,COL3A1,1281
gene_4054,COL4A1|1282,COL4A1,1282
gene_4055,COL4A2|1284,COL4A2,1284
gene_4056,COL4A3BP|10087,COL4A3BP,10087
gene_4057,COL4A3|1285,COL4A3,1285
gene_4058,COL4A4|1286,COL4A4,1286
gene_4059,COL4A5|1287,COL4A5,1287
gene_4060,COL4A6|1288,COL4A6,1288
gene_4061,COL5A1|1289,COL5A1,1289
gene_4062,COL5A2|1290,COL5A2,1290
gene_4063,COL5A3|50509,COL5A3,50509
gene_4064,COL6A1|1291,COL6A1,1291
gene_4065,COL6A2|1292,COL6A2,1292
gene_4066,COL6A3|1293,COL6A3,1293
gene_4067,COL6A4P2|646300,COL6A4P2,646300
gene_4068,COL6A6|131873,COL6A6,131873
gene_4069,COL7A1|1294,COL7A1,1294
gene_4070,COL8A1|1295,COL8A1,1295
gene_4071,COL8A2|1296,COL8A2,1296
gene_4072,COL9A1|1297,COL9A1,1297
gene_4073,COL9A2|1298,COL9A2,1298
gene_4074,COL9A3|1299,COL9A3,1299
gene_4075,COLEC10|10584,COLEC10,10584
gene_4076,COLEC11|78989,COLEC11,78989
gene_4077,COLEC12|81035,COLEC12,81035
gene_4078,COLQ|8292,COLQ,8292
gene_4079,COMMD10|51397,COMMD10,51397
gene_4080,COMMD1|150684,COMMD1,150684
gene_4081,COMMD2|51122,COMMD2,51122
gene_4082,COMMD3|23412,COMMD3,23412
gene_4083,COMMD4|54939,COMMD4,54939
gene_4084,COMMD5|28991,COMMD5,28991
gene_4085,COMMD6|170622,COMMD6,170622
gene_4086,COMMD7|149951,COMMD7,149951
gene_4087,COMMD8|54951,COMMD8,54951
gene_4088,COMMD9|29099,COMMD9,29099
gene_4089,COMP|1311,COMP,1311
gene_4090,COMTD1|118881,COMTD1,118881
gene_4091,COMT|1312,COMT,1312
gene_4092,COPA|1314,COPA,1314
gene_4093,COPB1|1315,COPB1,1315
gene_4094,COPB2|9276,COPB2,9276
gene_4095,COPE|11316,COPE,11316
gene_4096,COPG2|26958,COPG2,26958
gene_4097,COPG|22820,COPG,22820
gene_4098,COPS2|9318,COPS2,9318
gene_4099,COPS3|8533,COPS3,8533
gene_4100,COPS4|51138,COPS4,51138
gene_4101,COPS5|10987,COPS5,10987
gene_4102,COPS6|10980,COPS6,10980
gene_4103,COPS7A|50813,COPS7A,50813
gene_4104,COPS7B|64708,COPS7B,64708
gene_4105,COPS8|10920,COPS8,10920
gene_4106,COPZ1|22818,COPZ1,22818
gene_4107,COPZ2|51226,COPZ2,51226
gene_4108,COQ10A|93058,COQ10A,93058
gene_4109,COQ10B|80219,COQ10B,80219
gene_4110,COQ2|27235,COQ2,27235
gene_4111,COQ3|51805,COQ3,51805
gene_4112,COQ4|51117,COQ4,51117
gene_4113,COQ5|84274,COQ5,84274
gene_4114,COQ6|51004,COQ6,51004
gene_4115,COQ7|10229,COQ7,10229
gene_4116,COQ9|57017,COQ9,57017
gene_4117,CORIN|10699,CORIN,10699
gene_4118,CORO1A|11151,CORO1A,11151
gene_4119,CORO1B|57175,CORO1B,57175
gene_4120,CORO1C|23603,CORO1C,23603
gene_4121,CORO2A|7464,CORO2A,7464
gene_4122,CORO2B|10391,CORO2B,10391
gene_4123,CORO6|84940,CORO6,84940
gene_4124,CORO7|79585,CORO7,79585
gene_4125,CORT|1325,CORT,1325
gene_4126,COTL1|23406,COTL1,23406
gene_4127,COX10|1352,COX10,1352
gene_4128,COX11|1353,COX11,1353
gene_4129,COX15|1355,COX15,1355
gene_4130,COX16|51241,COX16,51241
gene_4131,COX17|10063,COX17,10063
gene_4132,COX18|285521,COX18,285521
gene_4133,COX19|90639,COX19,90639
gene_4134,COX4I1|1327,COX4I1,1327
gene_4135,COX4I2|84701,COX4I2,84701
gene_4136,COX4NB|10328,COX4NB,10328
gene_4137,COX5A|9377,COX5A,9377
gene_4138,COX5B|1329,COX5B,1329
gene_4139,COX6A1|1337,COX6A1,1337
gene_4140,COX6A2|1339,COX6A2,1339
gene_4141,COX6B1|1340,COX6B1,1340
gene_4142,COX6B2|125965,COX6B2,125965
gene_4143,COX6C|1345,COX6C,1345
gene_4144,COX7A1|1346,COX7A1,1346
gene_4145,COX7A2L|9167,COX7A2L,9167
gene_4146,COX7A2|1347,COX7A2,1347
gene_4147,COX7B2|170712,COX7B2,170712
gene_4148,COX7B|1349,COX7B,1349
gene_4149,COX7C|1350,COX7C,1350
gene_4150,COX8A|1351,COX8A,1351
gene_4151,COX8C|341947,COX8C,341947
gene_4152,CP110|9738,CP110,9738
gene_4153,CPA1|1357,CPA1,1357
gene_4154,CPA2|1358,CPA2,1358
gene_4155,CPA3|1359,CPA3,1359
gene_4156,CPA4|51200,CPA4,51200
gene_4157,CPA5|93979,CPA5,93979
gene_4158,CPA6|57094,CPA6,57094
gene_4159,CPAMD8|27151,CPAMD8,27151
gene_4160,CPB1|1360,CPB1,1360
gene_4161,CPB2|1361,CPB2,1361
gene_4162,CPD|1362,CPD,1362
gene_4163,CPEB1|64506,CPEB1,64506
gene_4164,CPEB2|132864,CPEB2,132864
gene_4165,CPEB3|22849,CPEB3,22849
gene_4166,CPEB4|80315,CPEB4,80315
gene_4167,CPE|1363,CPE,1363
gene_4168,CPLX1|10815,CPLX1,10815
gene_4169,CPLX2|10814,CPLX2,10814
gene_4170,CPLX3|594855,CPLX3,594855
gene_4171,CPLX4|339302,CPLX4,339302
gene_4172,CPM|1368,CPM,1368
gene_4173,CPN1|1369,CPN1,1369
gene_4174,CPN2|1370,CPN2,1370
gene_4175,CPNE1|8904,CPNE1,8904
gene_4176,CPNE2|221184,CPNE2,221184
gene_4177,CPNE3|8895,CPNE3,8895
gene_4178,CPNE4|131034,CPNE4,131034
gene_4179,CPNE5|57699,CPNE5,57699
gene_4180,CPNE6|9362,CPNE6,9362
gene_4181,CPNE7|27132,CPNE7,27132
gene_4182,CPNE8|144402,CPNE8,144402
gene_4183,CPNE9|151835,CPNE9,151835
gene_4184,CPOX|1371,CPOX,1371
gene_4185,CPO|130749,CPO,130749
gene_4186,CPPED1|55313,CPPED1,55313
gene_4187,CPS1|1373,CPS1,1373
gene_4188,CPSF1|29894,CPSF1,29894
gene_4189,CPSF2|53981,CPSF2,53981
gene_4190,CPSF3L|54973,CPSF3L,54973
gene_4191,CPSF3|51692,CPSF3,51692
gene_4192,CPSF4L|642843,CPSF4L,642843
gene_4193,CPSF4|10898,CPSF4,10898
gene_4194,CPSF6|11052,CPSF6,11052
gene_4195,CPSF7|79869,CPSF7,79869
gene_4196,CPT1A|1374,CPT1A,1374
gene_4197,CPT1B|1375,CPT1B,1375
gene_4198,CPT1C|126129,CPT1C,126129
gene_4199,CPT2|1376,CPT2,1376
gene_4200,CPVL|54504,CPVL,54504
gene_4201,CPXCR1|53336,CPXCR1,53336
gene_4202,CPXM1|56265,CPXM1,56265
gene_4203,CPXM2|119587,CPXM2,119587
gene_4204,CPZ|8532,CPZ,8532
gene_4205,CP|1356,CP,1356
gene_4206,CR1L|1379,CR1L,1379
gene_4207,CR1|1378,CR1,1378
gene_4208,CR2|1380,CR2,1380
gene_4209,CRABP1|1381,CRABP1,1381
gene_4210,CRABP2|1382,CRABP2,1382
gene_4211,CRADD|8738,CRADD,8738
gene_4212,CRAMP1L|57585,CRAMP1L,57585
gene_4213,CRAT|1384,CRAT,1384
gene_4214,CRB1|23418,CRB1,23418
gene_4215,CRB2|286204,CRB2,286204
gene_4216,CRB3|92359,CRB3,92359
gene_4217,CRBN|51185,CRBN,51185
gene_4218,CRCP|27297,CRCP,27297
gene_4219,CRCT1|54544,CRCT1,54544
gene_4220,CREB1|1385,CREB1,1385
gene_4221,CREB3L1|90993,CREB3L1,90993
gene_4222,CREB3L2|64764,CREB3L2,64764
gene_4223,CREB3L3|84699,CREB3L3,84699
gene_4224,CREB3L4|148327,CREB3L4,148327
gene_4225,CREB3|10488,CREB3,10488
gene_4226,CREB5|9586,CREB5,9586
gene_4227,CREBBP|1387,CREBBP,1387
gene_4228,CREBL2|1389,CREBL2,1389
gene_4229,CREBZF|58487,CREBZF,58487
gene_4230,CREG1|8804,CREG1,8804
gene_4231,CREG2|200407,CREG2,200407
gene_4232,CRELD1|78987,CRELD1,78987
gene_4233,CRELD2|79174,CRELD2,79174
gene_4234,CREM|1390,CREM,1390
gene_4235,CRHBP|1393,CRHBP,1393
gene_4236,CRHR1|1394,CRHR1,1394
gene_4237,CRHR2|1395,CRHR2,1395
gene_4238,CRH|1392,CRH,1392
gene_4239,CRIM1|51232,CRIM1,51232
gene_4240,CRIP1|1396,CRIP1,1396
gene_4241,CRIP2|1397,CRIP2,1397
gene_4242,CRIP3|401262,CRIP3,401262
gene_4243,CRIPAK|285464,CRIPAK,285464
gene_4244,CRIPT|9419,CRIPT,9419
gene_4245,CRISP1|167,CRISP1,167
gene_4246,CRISP2|7180,CRISP2,7180
gene_4247,CRISP3|10321,CRISP3,10321
gene_4248,CRISPLD1|83690,CRISPLD1,83690
gene_4249,CRISPLD2|83716,CRISPLD2,83716
gene_4250,CRKL|1399,CRKL,1399
gene_4251,CRK|1398,CRK,1398
gene_4252,CRLF1|9244,CRLF1,9244
gene_4253,CRLF2|64109,CRLF2,64109
gene_4254,CRLF3|51379,CRLF3,51379
gene_4255,CRLS1|54675,CRLS1,54675
gene_4256,CRMP1|1400,CRMP1,1400
gene_4257,CRNKL1|51340,CRNKL1,51340
gene_4258,CRNN|49860,CRNN,49860
gene_4259,CROCCL1|84809,CROCCL1,84809
gene_4260,CROCCL2|114819,CROCCL2,114819
gene_4261,CROCC|9696,CROCC,9696
gene_4262,CROT|54677,CROT,54677
gene_4263,CRP|1401,CRP,1401
gene_4264,CRTAC1|55118,CRTAC1,55118
gene_4265,CRTAM|56253,CRTAM,56253
gene_4266,CRTAP|10491,CRTAP,10491
gene_4267,CRTC1|23373,CRTC1,23373
gene_4268,CRTC2|200186,CRTC2,200186
gene_4269,CRTC3|64784,CRTC3,64784
gene_4270,CRX|1406,CRX,1406
gene_4271,CRY1|1407,CRY1,1407
gene_4272,CRY2|1408,CRY2,1408
gene_4273,CRYAA|1409,CRYAA,1409
gene_4274,CRYAB|1410,CRYAB,1410
gene_4275,CRYBA1|1411,CRYBA1,1411
gene_4276,CRYBA2|1412,CRYBA2,1412
gene_4277,CRYBA4|1413,CRYBA4,1413
gene_4278,CRYBB1|1414,CRYBB1,1414
gene_4279,CRYBB2|1415,CRYBB2,1415
gene_4280,CRYBB3|1417,CRYBB3,1417
gene_4281,CRYBG3|131544,CRYBG3,131544
gene_4282,CRYGA|1418,CRYGA,1418
gene_4283,CRYGB|1419,CRYGB,1419
gene_4284,CRYGC|1420,CRYGC,1420
gene_4285,CRYGD|1421,CRYGD,1421
gene_4286,CRYGN|155051,CRYGN,155051
gene_4287,CRYGS|1427,CRYGS,1427
gene_4288,CRYL1|51084,CRYL1,51084
gene_4289,CRYM|1428,CRYM,1428
gene_4290,CRYZL1|9946,CRYZL1,9946
gene_4291,CRYZ|1429,CRYZ,1429
gene_4292,CSAD|51380,CSAD,51380
gene_4293,CSAG1|158511,CSAG1,158511
gene_4294,CSAG2|728461,CSAG2,728461
gene_4295,CSAG3|389903,CSAG3,389903
gene_4296,CSDAP1|440359,CSDAP1,440359
gene_4297,CSDA|8531,CSDA,8531
gene_4298,CSDC2|27254,CSDC2,27254
gene_4299,CSDE1|7812,CSDE1,7812
gene_4300,CSE1L|1434,CSE1L,1434
gene_4301,CSF1R|1436,CSF1R,1436
gene_4302,CSF1|1435,CSF1,1435
gene_4303,CSF2RA|1438,CSF2RA,1438
gene_4304,CSF2RB|1439,CSF2RB,1439
gene_4305,CSF2|1437,CSF2,1437
gene_4306,CSF3R|1441,CSF3R,1441
gene_4307,CSF3|1440,CSF3,1440
gene_4308,CSGALNACT1|55790,CSGALNACT1,55790
gene_4309,CSGALNACT2|55454,CSGALNACT2,55454
gene_4310,CSH1|1442,CSH1,1442
gene_4311,CSH2|1443,CSH2,1443
gene_4312,CSHL1|1444,CSHL1,1444
gene_4313,CSK|1445,CSK,1445
gene_4314,CSMD1|64478,CSMD1,64478
gene_4315,CSMD2|114784,CSMD2,114784
gene_4316,CSMD3|114788,CSMD3,114788
gene_4317,CSN1S1|1446,CSN1S1,1446
gene_4318,CSN1S2A|286828,CSN1S2A,286828
gene_4319,CSN2|1447,CSN2,1447
gene_4320,CSN3|1448,CSN3,1448
gene_4321,CSNK1A1L|122011,CSNK1A1L,122011
gene_4322,CSNK1A1P|161635,CSNK1A1P,161635
gene_4323,CSNK1A1|1452,CSNK1A1,1452
gene_4324,CSNK1D|1453,CSNK1D,1453
gene_4325,CSNK1E|1454,CSNK1E,1454
gene_4326,CSNK1G1|53944,CSNK1G1,53944
gene_4327,CSNK1G2|1455,CSNK1G2,1455
gene_4328,CSNK1G3|1456,CSNK1G3,1456
gene_4329,CSNK2A1P|283106,CSNK2A1P,283106
gene_4330,CSNK2A1|1457,CSNK2A1,1457
gene_4331,CSNK2A2|1459,CSNK2A2,1459
gene_4332,CSNK2B|1460,CSNK2B,1460
gene_4333,CSPG4PY2|84664,CSPG4PY2,84664
gene_4334,CSPG4|1464,CSPG4,1464
gene_4335,CSPG5|10675,CSPG5,10675
gene_4336,CSPP1|79848,CSPP1,79848
gene_4337,CSRNP1|64651,CSRNP1,64651
gene_4338,CSRNP2|81566,CSRNP2,81566
gene_4339,CSRNP3|80034,CSRNP3,80034
gene_4340,CSRP1|1465,CSRP1,1465
gene_4341,CSRP2BP|57325,CSRP2BP,57325
gene_4342,CSRP2|1466,CSRP2,1466
gene_4343,CSRP3|8048,CSRP3,8048
gene_4344,CST11|140880,CST11,140880
gene_4345,CST1|1469,CST1,1469
gene_4346,CST2|1470,CST2,1470
gene_4347,CST3|1471,CST3,1471
gene_4348,CST4|1472,CST4,1472
gene_4349,CST5|1473,CST5,1473
gene_4350,CST6|1474,CST6,1474
gene_4351,CST7|8530,CST7,8530
gene_4352,CST8|10047,CST8,10047
gene_4353,CST9L|128821,CST9L,128821
gene_4354,CST9|128822,CST9,128822
gene_4355,CSTA|1475,CSTA,1475
gene_4356,CSTB|1476,CSTB,1476
gene_4357,CSTF1|1477,CSTF1,1477
gene_4358,CSTF2T|23283,CSTF2T,23283
gene_4359,CSTF2|1478,CSTF2,1478
gene_4360,CSTF3|1479,CSTF3,1479
gene_4361,CSTL1|128817,CSTL1,128817
gene_4362,CSTT|164380,CSTT,164380
gene_4363,CS|1431,CS,1431
gene_4364,CT45A1|541466,CT45A1,541466
gene_4365,CT45A2|728911,CT45A2,728911
gene_4366,CT45A3|441519,CT45A3,441519
gene_4367,CT45A4|441520,CT45A4,441520
gene_4368,CT45A5|441521,CT45A5,441521
gene_4369,CT45A6|541465,CT45A6,541465
gene_4370,CT47A10|728036,CT47A10,728036
gene_4371,CT47A11|255313,CT47A11,255313
gene_4372,CT47A1|728096,CT47A1,728096
gene_4373,CT47A2|728090,CT47A2,728090
gene_4374,CT47A6|728062,CT47A6,728062
gene_4375,CT47A7|653282,CT47A7,653282
gene_4376,CT47A9|728042,CT47A9,728042
gene_4377,CT47B1|643311,CT47B1,643311
gene_4378,CT62|196993,CT62,196993
gene_4379,CTAG1B|1485,CTAG1B,1485
gene_4380,CTAG2|30848,CTAG2,30848
gene_4381,CTAGE1|64693,CTAGE1,64693
gene_4382,CTAGE4|100128553,CTAGE4,100128553
gene_4383,CTAGE5|4253,CTAGE5,4253
gene_4384,CTAGE6|340307,CTAGE6,340307
gene_4385,CTAGE9|643854,CTAGE9,643854
gene_4386,CTBP1|1487,CTBP1,1487
gene_4387,CTBP2|1488,CTBP2,1488
gene_4388,CTBS|1486,CTBS,1486
gene_4389,CTCFL|140690,CTCFL,140690
gene_4390,CTCF|10664,CTCF,10664
gene_4391,CTDP1|9150,CTDP1,9150
gene_4392,CTDSP1|58190,CTDSP1,58190
gene_4393,CTDSP2|10106,CTDSP2,10106
gene_4394,CTDSPL2|51496,CTDSPL2,51496
gene_4395,CTDSPL|10217,CTDSPL,10217
gene_4396,CTF1|1489,CTF1,1489
gene_4397,CTGF|1490,CTGF,1490
gene_4398,CTHRC1|115908,CTHRC1,115908
gene_4399,CTH|1491,CTH,1491
gene_4400,CTLA4|1493,CTLA4,1493
gene_4401,CTNNA1|1495,CTNNA1,1495
gene_4402,CTNNA2|1496,CTNNA2,1496
gene_4403,CTNNA3|29119,CTNNA3,29119
gene_4404,CTNNAL1|8727,CTNNAL1,8727
gene_4405,CTNNB1|1499,CTNNB1,1499
gene_4406,CTNNBIP1|56998,CTNNBIP1,56998
gene_4407,CTNNBL1|56259,CTNNBL1,56259
gene_4408,CTNND1|1500,CTNND1,1500
gene_4409,CTNND2|1501,CTNND2,1501
gene_4410,CTNS|1497,CTNS,1497
gene_4411,CTPS2|56474,CTPS2,56474
gene_4412,CTPS|1503,CTPS,1503
gene_4413,CTR9|9646,CTR9,9646
gene_4414,CTRB1|1504,CTRB1,1504
gene_4415,CTRB2|440387,CTRB2,440387
gene_4416,CTRC|11330,CTRC,11330
gene_4417,CTRL|1506,CTRL,1506
gene_4418,CTSA|5476,CTSA,5476
gene_4419,CTSB|1508,CTSB,1508
gene_4420,CTSC|1075,CTSC,1075
gene_4421,CTSD|1509,CTSD,1509
gene_4422,CTSE|1510,CTSE,1510
gene_4423,CTSF|8722,CTSF,8722
gene_4424,CTSG|1511,CTSG,1511
gene_4425,CTSH|1512,CTSH,1512
gene_4426,CTSK|1513,CTSK,1513
gene_4427,CTSL1|1514,CTSL1,1514
gene_4428,CTSL2|1515,CTSL2,1515
gene_4429,CTSL3|392360,CTSL3,392360
gene_4430,CTSO|1519,CTSO,1519
gene_4431,CTSS|1520,CTSS,1520
gene_4432,CTSW|1521,CTSW,1521
gene_4433,CTSZ|1522,CTSZ,1522
gene_4434,CTTNBP2NL|55917,CTTNBP2NL,55917
gene_4435,CTTNBP2|83992,CTTNBP2,83992
gene_4436,CTTN|2017,CTTN,2017
gene_4437,CTU1|90353,CTU1,90353
gene_4438,CTU2|348180,CTU2,348180
gene_4439,CTXN1|404217,CTXN1,404217
gene_4440,CTXN2|399697,CTXN2,399697
gene_4441,CTXN3|613212,CTXN3,613212
gene_4442,CUBN|8029,CUBN,8029
gene_4443,CUEDC1|404093,CUEDC1,404093
gene_4444,CUEDC2|79004,CUEDC2,79004
gene_4445,CUL1|8454,CUL1,8454
gene_4446,CUL2|8453,CUL2,8453
gene_4447,CUL3|8452,CUL3,8452
gene_4448,CUL4A|8451,CUL4A,8451
gene_4449,CUL4B|8450,CUL4B,8450
gene_4450,CUL5|8065,CUL5,8065
gene_4451,CUL7|9820,CUL7,9820
gene_4452,CUL9|23113,CUL9,23113
gene_4453,CUTA|51596,CUTA,51596
gene_4454,CUTC|51076,CUTC,51076
gene_4455,CUX1|1523,CUX1,1523
gene_4456,CUX2|23316,CUX2,23316
gene_4457,CUZD1|50624,CUZD1,50624
gene_4458,CWC15|51503,CWC15,51503
gene_4459,CWC22|57703,CWC22,57703
gene_4460,CWC25|54883,CWC25,54883
gene_4461,CWC27|10283,CWC27,10283
gene_4462,CWF19L1|55280,CWF19L1,55280
gene_4463,CWF19L2|143884,CWF19L2,143884
gene_4464,CWH43|80157,CWH43,80157
gene_4465,CX3CL1|6376,CX3CL1,6376
gene_4466,CX3CR1|1524,CX3CR1,1524
gene_4467,CXADRP2|646243,CXADRP2,646243
gene_4468,CXADRP3|440224,CXADRP3,440224
gene_4469,CXADR|1525,CXADR,1525
gene_4470,CXCL10|3627,CXCL10,3627
gene_4471,CXCL11|6373,CXCL11,6373
gene_4472,CXCL12|6387,CXCL12,6387
gene_4473,CXCL13|10563,CXCL13,10563
gene_4474,CXCL14|9547,CXCL14,9547
gene_4475,CXCL16|58191,CXCL16,58191
gene_4476,CXCL17|284340,CXCL17,284340
gene_4477,CXCL1|2919,CXCL1,2919
gene_4478,CXCL2|2920,CXCL2,2920
gene_4479,CXCL3|2921,CXCL3,2921
gene_4480,CXCL5|6374,CXCL5,6374
gene_4481,CXCL6|6372,CXCL6,6372
gene_4482,CXCL9|4283,CXCL9,4283
gene_4483,CXCR1|3577,CXCR1,3577
gene_4484,CXCR2P1|3580,CXCR2P1,3580
gene_4485,CXCR2|3579,CXCR2,3579
gene_4486,CXCR3|2833,CXCR3,2833
gene_4487,CXCR4|7852,CXCR4,7852
gene_4488,CXCR5|643,CXCR5,643
gene_4489,CXCR6|10663,CXCR6,10663
gene_4490,CXCR7|57007,CXCR7,57007
gene_4491,CXXC1|30827,CXXC1,30827
gene_4492,CXXC4|80319,CXXC4,80319
gene_4493,CXXC5|51523,CXXC5,51523
gene_4494,CXorf1|9142,CXorf1,9142
gene_4495,CXorf21|80231,CXorf21,80231
gene_4496,CXorf22|170063,CXorf22,170063
gene_4497,CXorf23|256643,CXorf23,256643
gene_4498,CXorf26|51260,CXorf26,51260
gene_4499,CXorf27|25763,CXorf27,25763
gene_4500,CXorf30|645090,CXorf30,645090
gene_4501,CXorf36|79742,CXorf36,79742
gene_4502,CXorf38|159013,CXorf38,159013
gene_4503,CXorf40A|91966,CXorf40A,91966
gene_4504,CXorf40B|541578,CXorf40B,541578
gene_4505,CXorf41|139212,CXorf41,139212
gene_4506,CXorf42|158801,CXorf42,158801
gene_4507,CXorf48|54967,CXorf48,54967
gene_4508,CXorf49B|100132994,CXorf49B,100132994
gene_4509,CXorf50B|653687,CXorf50B,653687
gene_4510,CXorf51|100129239,CXorf51,100129239
gene_4511,CXorf56|63932,CXorf56,63932
gene_4512,CXorf57|55086,CXorf57,55086
gene_4513,CXorf58|254158,CXorf58,254158
gene_4514,CXorf59|286464,CXorf59,286464
gene_4515,CXorf61|203413,CXorf61,203413
gene_4516,CXorf64|100130613,CXorf64,100130613
gene_4517,CXorf65|158830,CXorf65,158830
gene_4518,CXorf66|347487,CXorf66,347487
gene_4519,CYB561D1|284613,CYB561D1,284613
gene_4520,CYB561D2|11068,CYB561D2,11068
gene_4521,CYB561|1534,CYB561,1534
gene_4522,CYB5A|1528,CYB5A,1528
gene_4523,CYB5B|80777,CYB5B,80777
gene_4524,CYB5D1|124637,CYB5D1,124637
gene_4525,CYB5D2|124936,CYB5D2,124936
gene_4526,CYB5R1|51706,CYB5R1,51706
gene_4527,CYB5R2|51700,CYB5R2,51700
gene_4528,CYB5R3|1727,CYB5R3,1727
gene_4529,CYB5R4|51167,CYB5R4,51167
gene_4530,CYB5RL|606495,CYB5RL,606495
gene_4531,CYBASC3|220002,CYBASC3,220002
gene_4532,CYBA|1535,CYBA,1535
gene_4533,CYBB|1536,CYBB,1536
gene_4534,CYBRD1|79901,CYBRD1,79901
gene_4535,CYC1|1537,CYC1,1537
gene_4536,CYCSP52|360155,CYCSP52,360155
gene_4537,CYCS|54205,CYCS,54205
gene_4538,CYFIP1|23191,CYFIP1,23191
gene_4539,CYFIP2|26999,CYFIP2,26999
gene_4540,CYGB|114757,CYGB,114757
gene_4541,CYHR1|50626,CYHR1,50626
gene_4542,CYLC1|1538,CYLC1,1538
gene_4543,CYLC2|1539,CYLC2,1539
gene_4544,CYLD|1540,CYLD,1540
gene_4545,CYMP|643160,CYMP,643160
gene_4546,CYP11A1|1583,CYP11A1,1583
gene_4547,CYP11B1|1584,CYP11B1,1584
gene_4548,CYP11B2|1585,CYP11B2,1585
gene_4549,CYP17A1|1586,CYP17A1,1586
gene_4550,CYP19A1|1588,CYP19A1,1588
gene_4551,CYP1A1|1543,CYP1A1,1543
gene_4552,CYP1A2|1544,CYP1A2,1544
gene_4553,CYP1B1|1545,CYP1B1,1545
gene_4554,CYP20A1|57404,CYP20A1,57404
gene_4555,CYP21A2|1589,CYP21A2,1589
gene_4556,CYP24A1|1591,CYP24A1,1591
gene_4557,CYP26A1|1592,CYP26A1,1592
gene_4558,CYP26B1|56603,CYP26B1,56603
gene_4559,CYP26C1|340665,CYP26C1,340665
gene_4560,CYP27A1|1593,CYP27A1,1593
gene_4561,CYP27B1|1594,CYP27B1,1594
gene_4562,CYP27C1|339761,CYP27C1,339761
gene_4563,CYP2A13|1553,CYP2A13,1553
gene_4564,CYP2A6|1548,CYP2A6,1548
gene_4565,CYP2A7|1549,CYP2A7,1549
gene_4566,CYP2B6|1555,CYP2B6,1555
gene_4567,CYP2B7P1|1556,CYP2B7P1,1556
gene_4568,CYP2C18|1562,CYP2C18,1562
gene_4569,CYP2C19|1557,CYP2C19,1557
gene_4570,CYP2C8|1558,CYP2C8,1558
gene_4571,CYP2C9|1559,CYP2C9,1559
gene_4572,CYP2D6|1565,CYP2D6,1565
gene_4573,CYP2D7P1|1564,CYP2D7P1,1564
gene_4574,CYP2E1|1571,CYP2E1,1571
gene_4575,CYP2F1|1572,CYP2F1,1572
gene_4576,CYP2J2|1573,CYP2J2,1573
gene_4577,CYP2R1|120227,CYP2R1,120227
gene_4578,CYP2S1|29785,CYP2S1,29785
gene_4579,CYP2U1|113612,CYP2U1,113612
gene_4580,CYP2W1|54905,CYP2W1,54905
gene_4581,CYP39A1|51302,CYP39A1,51302
gene_4582,CYP3A43|64816,CYP3A43,64816
gene_4583,CYP3A4|1576,CYP3A4,1576
gene_4584,CYP3A5|1577,CYP3A5,1577
gene_4585,CYP3A7|1551,CYP3A7,1551
gene_4586,CYP46A1|10858,CYP46A1,10858
gene_4587,CYP4A11|1579,CYP4A11,1579
gene_4588,CYP4A22|284541,CYP4A22,284541
gene_4589,CYP4B1|1580,CYP4B1,1580
gene_4590,CYP4F11|57834,CYP4F11,57834
gene_4591,CYP4F12|66002,CYP4F12,66002
gene_4592,CYP4F22|126410,CYP4F22,126410
gene_4593,CYP4F2|8529,CYP4F2,8529
gene_4594,CYP4F3|4051,CYP4F3,4051
gene_4595,CYP4F8|11283,CYP4F8,11283
gene_4596,CYP4V2|285440,CYP4V2,285440
gene_4597,CYP4X1|260293,CYP4X1,260293
gene_4598,CYP4Z1|199974,CYP4Z1,199974
gene_4599,CYP4Z2P|163720,CYP4Z2P,163720
gene_4600,CYP51A1|1595,CYP51A1,1595
gene_4601,CYP7A1|1581,CYP7A1,1581
gene_4602,CYP7B1|9420,CYP7B1,9420
gene_4603,CYP8B1|1582,CYP8B1,1582
gene_4604,CYR61|3491,CYR61,3491
gene_4605,CYS1|192668,CYS1,192668
gene_4606,CYSLTR1|10800,CYSLTR1,10800
gene_4607,CYSLTR2|57105,CYSLTR2,57105
gene_4608,CYTH1|9267,CYTH1,9267
gene_4609,CYTH2|9266,CYTH2,9266
gene_4610,CYTH3|9265,CYTH3,9265
gene_4611,CYTH4|27128,CYTH4,27128
gene_4612,CYTIP|9595,CYTIP,9595
gene_4613,CYTL1|54360,CYTL1,54360
gene_4614,CYTSA|23384,CYTSA,23384
gene_4615,CYTSB|92521,CYTSB,92521
gene_4616,CYYR1|116159,CYYR1,116159
gene_4617,CYorf15A|246126,CYorf15A,246126
gene_4618,CYorf15B|84663,CYorf15B,84663
gene_4619,D2HGDH|728294,D2HGDH,728294
gene_4620,D4S234E|27065,D4S234E,27065
gene_4621,DAAM1|23002,DAAM1,23002
gene_4622,DAAM2|23500,DAAM2,23500
gene_4623,DAB1|1600,DAB1,1600
gene_4624,DAB2IP|153090,DAB2IP,153090
gene_4625,DAB2|1601,DAB2,1601
gene_4626,DACH1|1602,DACH1,1602
gene_4627,DACH2|117154,DACH2,117154
gene_4628,DACT1|51339,DACT1,51339
gene_4629,DACT2|168002,DACT2,168002
gene_4630,DACT3|147906,DACT3,147906
gene_4631,DAD1L|56286,DAD1L,56286
gene_4632,DAD1|1603,DAD1,1603
gene_4633,DAG1|1605,DAG1,1605
gene_4634,DAGLA|747,DAGLA,747
gene_4635,DAGLB|221955,DAGLB,221955
gene_4636,DAK|26007,DAK,26007
gene_4637,DALRD3|55152,DALRD3,55152
gene_4638,DAND5|199699,DAND5,199699
gene_4639,DAOA|267012,DAOA,267012
gene_4640,DAO|1610,DAO,1610
gene_4641,DAP3|7818,DAP3,7818
gene_4642,DAPK1|1612,DAPK1,1612
gene_4643,DAPK2|23604,DAPK2,23604
gene_4644,DAPK3|1613,DAPK3,1613
gene_4645,DAPL1|92196,DAPL1,92196
gene_4646,DAPP1|27071,DAPP1,27071
gene_4647,DAP|1611,DAP,1611
gene_4648,DARC|2532,DARC,2532
gene_4649,DARS2|55157,DARS2,55157
gene_4650,DARS|1615,DARS,1615
gene_4651,DAXX|1616,DAXX,1616
gene_4652,DAZ1|1617,DAZ1,1617
gene_4653,DAZ2|57055,DAZ2,57055
gene_4654,DAZ3|57054,DAZ3,57054
gene_4655,DAZ4|57135,DAZ4,57135
gene_4656,DAZAP1|26528,DAZAP1,26528
gene_4657,DAZAP2|9802,DAZAP2,9802
gene_4658,DAZL|1618,DAZL,1618
gene_4659,DBC1|1620,DBC1,1620
gene_4660,DBF4B|80174,DBF4B,80174
gene_4661,DBF4|10926,DBF4,10926
gene_4662,DBH|1621,DBH,1621
gene_4663,DBI|1622,DBI,1622
gene_4664,DBN1|1627,DBN1,1627
gene_4665,DBNDD1|79007,DBNDD1,79007
gene_4666,DBNDD2|55861,DBNDD2,55861
gene_4667,DBNL|28988,DBNL,28988
gene_4668,DBP|1628,DBP,1628
gene_4669,DBR1|51163,DBR1,51163
gene_4670,DBT|1629,DBT,1629
gene_4671,DBX1|120237,DBX1,120237
gene_4672,DBX2|440097,DBX2,440097
gene_4673,DCAF10|79269,DCAF10,79269
gene_4674,DCAF11|80344,DCAF11,80344
gene_4675,DCAF12L1|139170,DCAF12L1,139170
gene_4676,DCAF12L2|340578,DCAF12L2,340578
gene_4677,DCAF12|25853,DCAF12,25853
gene_4678,DCAF13|25879,DCAF13,25879
gene_4679,DCAF15|90379,DCAF15,90379
gene_4680,DCAF16|54876,DCAF16,54876
gene_4681,DCAF17|80067,DCAF17,80067
gene_4682,DCAF4L1|285429,DCAF4L1,285429
gene_4683,DCAF4L2|138009,DCAF4L2,138009
gene_4684,DCAF4|26094,DCAF4,26094
gene_4685,DCAF5|8816,DCAF5,8816
gene_4686,DCAF6|55827,DCAF6,55827
gene_4687,DCAF7|10238,DCAF7,10238
gene_4688,DCAF8L1|139425,DCAF8L1,139425
gene_4689,DCAF8L2|347442,DCAF8L2,347442
gene_4690,DCAF8|50717,DCAF8,50717
gene_4691,DCAKD|79877,DCAKD,79877
gene_4692,DCBLD1|285761,DCBLD1,285761
gene_4693,DCBLD2|131566,DCBLD2,131566
gene_4694,DCC|1630,DCC,1630
gene_4695,DCDC1|341019,DCDC1,341019
gene_4696,DCDC2B|149069,DCDC2B,149069
gene_4697,DCDC2|51473,DCDC2,51473
gene_4698,DCD|117159,DCD,117159
gene_4699,DCHS1|8642,DCHS1,8642
gene_4700,DCHS2|54798,DCHS2,54798
gene_4701,DCI|1632,DCI,1632
gene_4702,DCK|1633,DCK,1633
gene_4703,DCLK1|9201,DCLK1,9201
gene_4704,DCLK2|166614,DCLK2,166614
gene_4705,DCLK3|85443,DCLK3,85443
gene_4706,DCLRE1A|9937,DCLRE1A,9937
gene_4707,DCLRE1B|64858,DCLRE1B,64858
gene_4708,DCLRE1C|64421,DCLRE1C,64421
gene_4709,DCN|1634,DCN,1634
gene_4710,DCP1A|55802,DCP1A,55802
gene_4711,DCP1B|196513,DCP1B,196513
gene_4712,DCP2|167227,DCP2,167227
gene_4713,DCPS|28960,DCPS,28960
gene_4714,DCST1|149095,DCST1,149095
gene_4715,DCST2|127579,DCST2,127579
gene_4716,DCTD|1635,DCTD,1635
gene_4717,DCTN1|1639,DCTN1,1639
gene_4718,DCTN2|10540,DCTN2,10540
gene_4719,DCTN3|11258,DCTN3,11258
gene_4720,DCTN4|51164,DCTN4,51164
gene_4721,DCTN5|84516,DCTN5,84516
gene_4722,DCTN6|10671,DCTN6,10671
gene_4723,DCTPP1|79077,DCTPP1,79077
gene_4724,DCT|1638,DCT,1638
gene_4725,DCUN1D1|54165,DCUN1D1,54165
gene_4726,DCUN1D2|55208,DCUN1D2,55208
gene_4727,DCUN1D3|123879,DCUN1D3,123879
gene_4728,DCUN1D4|23142,DCUN1D4,23142
gene_4729,DCUN1D5|84259,DCUN1D5,84259
gene_4730,DCXR|51181,DCXR,51181
gene_4731,DCX|1641,DCX,1641
gene_4732,DDA1|79016,DDA1,79016
gene_4733,DDAH1|23576,DDAH1,23576
gene_4734,DDAH2|23564,DDAH2,23564
gene_4735,DDB1|1642,DDB1,1642
gene_4736,DDB2|1643,DDB2,1643
gene_4737,DDC|1644,DDC,1644
gene_4738,DDHD1|80821,DDHD1,80821
gene_4739,DDHD2|23259,DDHD2,23259
gene_4740,DDI1|414301,DDI1,414301
gene_4741,DDI2|84301,DDI2,84301
gene_4742,DDIT3|1649,DDIT3,1649
gene_4743,DDIT4L|115265,DDIT4L,115265
gene_4744,DDIT4|54541,DDIT4,54541
gene_4745,DDN|23109,DDN,23109
gene_4746,DDOST|1650,DDOST,1650
gene_4747,DDO|8528,DDO,8528
gene_4748,DDR1|780,DDR1,780
gene_4749,DDR2|4921,DDR2,4921
gene_4750,DDRGK1|65992,DDRGK1,65992
gene_4751,DDTL|100037417,DDTL,100037417
gene_4752,DDT|1652,DDT,1652
gene_4753,DDX10|1662,DDX10,1662
gene_4754,DDX11L2|84771,DDX11L2,84771
gene_4755,DDX11|1663,DDX11,1663
gene_4756,DDX12|440081,DDX12,440081
gene_4757,DDX17|10521,DDX17,10521
gene_4758,DDX18|8886,DDX18,8886
gene_4759,DDX19A|55308,DDX19A,55308
gene_4760,DDX19B|11269,DDX19B,11269
gene_4761,DDX1|1653,DDX1,1653
gene_4762,DDX20|11218,DDX20,11218
gene_4763,DDX21|9188,DDX21,9188
gene_4764,DDX23|9416,DDX23,9416
gene_4765,DDX24|57062,DDX24,57062
gene_4766,DDX25|29118,DDX25,29118
gene_4767,DDX26B|203522,DDX26B,203522
gene_4768,DDX27|55661,DDX27,55661
gene_4769,DDX28|55794,DDX28,55794
gene_4770,DDX31|64794,DDX31,64794
gene_4771,DDX39|10212,DDX39,10212
gene_4772,DDX3X|1654,DDX3X,1654
gene_4773,DDX3Y|8653,DDX3Y,8653
gene_4774,DDX41|51428,DDX41,51428
gene_4775,DDX42|11325,DDX42,11325
gene_4776,DDX43|55510,DDX43,55510
gene_4777,DDX46|9879,DDX46,9879
gene_4778,DDX47|51202,DDX47,51202
gene_4779,DDX49|54555,DDX49,54555
gene_4780,DDX4|54514,DDX4,54514
gene_4781,DDX50|79009,DDX50,79009
gene_4782,DDX51|317781,DDX51,317781
gene_4783,DDX52|11056,DDX52,11056
gene_4784,DDX53|168400,DDX53,168400
gene_4785,DDX54|79039,DDX54,79039
gene_4786,DDX55|57696,DDX55,57696
gene_4787,DDX56|54606,DDX56,54606
gene_4788,DDX58|23586,DDX58,23586
gene_4789,DDX59|83479,DDX59,83479
gene_4790,DDX5|1655,DDX5,1655
gene_4791,DDX60L|91351,DDX60L,91351
gene_4792,DDX60|55601,DDX60,55601
gene_4793,DDX6|1656,DDX6,1656
gene_4794,DEAF1|10522,DEAF1,10522
gene_4795,DEC1|50514,DEC1,50514
gene_4796,DECR1|1666,DECR1,1666
gene_4797,DECR2|26063,DECR2,26063
gene_4798,DEDD2|162989,DEDD2,162989
gene_4799,DEDD|9191,DEDD,9191
gene_4800,DEF6|50619,DEF6,50619
gene_4801,DEF8|54849,DEF8,54849
gene_4802,DEFA1B|728358,DEFA1B,728358
gene_4803,DEFA4|1669,DEFA4,1669
gene_4804,DEFA5|1670,DEFA5,1670
gene_4805,DEFA6|1671,DEFA6,1671
gene_4806,DEFB103B|414325,DEFB103B,414325
gene_4807,DEFB104A|140596,DEFB104A,140596
gene_4808,DEFB105A|245908,DEFB105A,245908
gene_4809,DEFB106A|245909,DEFB106A,245909
gene_4810,DEFB107A|245910,DEFB107A,245910
gene_4811,DEFB108B|245911,DEFB108B,245911
gene_4812,DEFB109P1B|641517,DEFB109P1B,641517
gene_4813,DEFB109P1|245912,DEFB109P1,245912
gene_4814,DEFB110|245913,DEFB110,245913
gene_4815,DEFB112|245915,DEFB112,245915
gene_4816,DEFB113|245927,DEFB113,245927
gene_4817,DEFB114|245928,DEFB114,245928
gene_4818,DEFB115|245929,DEFB115,245929
gene_4819,DEFB116|245930,DEFB116,245930
gene_4820,DEFB118|117285,DEFB118,117285
gene_4821,DEFB119|245932,DEFB119,245932
gene_4822,DEFB121|245934,DEFB121,245934
gene_4823,DEFB122|245935,DEFB122,245935
gene_4824,DEFB123|245936,DEFB123,245936
gene_4825,DEFB124|245937,DEFB124,245937
gene_4826,DEFB125|245938,DEFB125,245938
gene_4827,DEFB126|81623,DEFB126,81623
gene_4828,DEFB127|140850,DEFB127,140850
gene_4829,DEFB128|245939,DEFB128,245939
gene_4830,DEFB129|140881,DEFB129,140881
gene_4831,DEFB130|245940,DEFB130,245940
gene_4832,DEFB131|644414,DEFB131,644414
gene_4833,DEFB132|400830,DEFB132,400830
gene_4834,DEFB134|613211,DEFB134,613211
gene_4835,DEFB135|613209,DEFB135,613209
gene_4836,DEFB136|613210,DEFB136,613210
gene_4837,DEFB1|1672,DEFB1,1672
gene_4838,DEFB4A|1673,DEFB4A,1673
gene_4839,DEGS1|8560,DEGS1,8560
gene_4840,DEGS2|123099,DEGS2,123099
gene_4841,DEK|7913,DEK,7913
gene_4842,DEM1|64789,DEM1,64789
gene_4843,DENND1A|57706,DENND1A,57706
gene_4844,DENND1B|163486,DENND1B,163486
gene_4845,DENND1C|79958,DENND1C,79958
gene_4846,DENND2A|27147,DENND2A,27147
gene_4847,DENND2C|163259,DENND2C,163259
gene_4848,DENND2D|79961,DENND2D,79961
gene_4849,DENND3|22898,DENND3,22898
gene_4850,DENND4A|10260,DENND4A,10260
gene_4851,DENND4B|9909,DENND4B,9909
gene_4852,DENND4C|55667,DENND4C,55667
gene_4853,DENND5A|23258,DENND5A,23258
gene_4854,DENND5B|160518,DENND5B,160518
gene_4855,DENR|8562,DENR,8562
gene_4856,DEPDC1B|55789,DEPDC1B,55789
gene_4857,DEPDC1|55635,DEPDC1,55635
gene_4858,DEPDC4|120863,DEPDC4,120863
gene_4859,DEPDC5|9681,DEPDC5,9681
gene_4860,DEPDC6|64798,DEPDC6,64798
gene_4861,DEPDC7|91614,DEPDC7,91614
gene_4862,DERA|51071,DERA,51071
gene_4863,DERL1|79139,DERL1,79139
gene_4864,DERL2|51009,DERL2,51009
gene_4865,DERL3|91319,DERL3,91319
gene_4866,DES|1674,DES,1674
gene_4867,DET1|55070,DET1,55070
gene_4868,DEXI|28955,DEXI,28955
gene_4869,DFFA|1676,DFFA,1676
gene_4870,DFFB|1677,DFFB,1677
gene_4871,DFNA5|1687,DFNA5,1687
gene_4872,DFNB31|25861,DFNB31,25861
gene_4873,DFNB59|494513,DFNB59,494513
gene_4874,DGAT1|8694,DGAT1,8694
gene_4875,DGAT2L6|347516,DGAT2L6,347516
gene_4876,DGAT2|84649,DGAT2,84649
gene_4877,DGCR10|26222,DGCR10,26222
gene_4878,DGCR11|25786,DGCR11,25786
gene_4879,DGCR14|8220,DGCR14,8220
gene_4880,DGCR2|9993,DGCR2,9993
gene_4881,DGCR5|26220,DGCR5,26220
gene_4882,DGCR6L|85359,DGCR6L,85359
gene_4883,DGCR6|8214,DGCR6,8214
gene_4884,DGCR8|54487,DGCR8,54487
gene_4885,DGCR9|25787,DGCR9,25787
gene_4886,DGKA|1606,DGKA,1606
gene_4887,DGKB|1607,DGKB,1607
gene_4888,DGKD|8527,DGKD,8527
gene_4889,DGKE|8526,DGKE,8526
gene_4890,DGKG|1608,DGKG,1608
gene_4891,DGKH|160851,DGKH,160851
gene_4892,DGKI|9162,DGKI,9162
gene_4893,DGKK|139189,DGKK,139189
gene_4894,DGKQ|1609,DGKQ,1609
gene_4895,DGKZ|8525,DGKZ,8525
gene_4896,DGUOK|1716,DGUOK,1716
gene_4897,DHCR24|1718,DHCR24,1718
gene_4898,DHCR7|1717,DHCR7,1717
gene_4899,DHDDS|79947,DHDDS,79947
gene_4900,DHDH|27294,DHDH,27294
gene_4901,DHDPSL|112817,DHDPSL,112817
gene_4902,DHFRL1|200895,DHFRL1,200895
gene_4903,DHFR|1719,DHFR,1719
gene_4904,DHH|50846,DHH,50846
gene_4905,DHODH|1723,DHODH,1723
gene_4906,DHPS|1725,DHPS,1725
gene_4907,DHRS11|79154,DHRS11,79154
gene_4908,DHRS12|79758,DHRS12,79758
gene_4909,DHRS13|147015,DHRS13,147015
gene_4910,DHRS1|115817,DHRS1,115817
gene_4911,DHRS2|10202,DHRS2,10202
gene_4912,DHRS3|9249,DHRS3,9249
gene_4913,DHRS4L1|728635,DHRS4L1,728635
gene_4914,DHRS4L2|317749,DHRS4L2,317749
gene_4915,DHRS4|10901,DHRS4,10901
gene_4916,DHRS7B|25979,DHRS7B,25979
gene_4917,DHRS7C|201140,DHRS7C,201140
gene_4918,DHRS7|51635,DHRS7,51635
gene_4919,DHRS9|10170,DHRS9,10170
gene_4920,DHRSX|207063,DHRSX,207063
gene_4921,DHTKD1|55526,DHTKD1,55526
gene_4922,DHX15|1665,DHX15,1665
gene_4923,DHX16|8449,DHX16,8449
gene_4924,DHX29|54505,DHX29,54505
gene_4925,DHX30|22907,DHX30,22907
gene_4926,DHX32|55760,DHX32,55760
gene_4927,DHX33|56919,DHX33,56919
gene_4928,DHX34|9704,DHX34,9704
gene_4929,DHX35|60625,DHX35,60625
gene_4930,DHX36|170506,DHX36,170506
gene_4931,DHX37|57647,DHX37,57647
gene_4932,DHX38|9785,DHX38,9785
gene_4933,DHX40P1|653645,DHX40P1,653645
gene_4934,DHX40|79665,DHX40,79665
gene_4935,DHX57|90957,DHX57,90957
gene_4936,DHX58|79132,DHX58,79132
gene_4937,DHX8|1659,DHX8,1659
gene_4938,DHX9|1660,DHX9,1660
gene_4939,DIABLO|56616,DIABLO,56616
gene_4940,DIAPH1|1729,DIAPH1,1729
gene_4941,DIAPH2|1730,DIAPH2,1730
gene_4942,DIAPH3|81624,DIAPH3,81624
gene_4943,DICER1|23405,DICER1,23405
gene_4944,DIDO1|11083,DIDO1,11083
gene_4945,DIMT1L|27292,DIMT1L,27292
gene_4946,DIO1|1733,DIO1,1733
gene_4947,DIO2|1734,DIO2,1734
gene_4948,DIO3OS|64150,DIO3OS,64150
gene_4949,DIO3|1735,DIO3,1735
gene_4950,DIP2A|23181,DIP2A,23181
gene_4951,DIP2B|57609,DIP2B,57609
gene_4952,DIP2C|22982,DIP2C,22982
gene_4953,DIRAS1|148252,DIRAS1,148252
gene_4954,DIRAS2|54769,DIRAS2,54769
gene_4955,DIRAS3|9077,DIRAS3,9077
gene_4956,DIRC1|116093,DIRC1,116093
gene_4957,DIRC2|84925,DIRC2,84925
gene_4958,DIRC3|729582,DIRC3,729582
gene_4959,DIS3L2|129563,DIS3L2,129563
gene_4960,DIS3L|115752,DIS3L,115752
gene_4961,DIS3|22894,DIS3,22894
gene_4962,DISC1|27185,DISC1,27185
gene_4963,DISC2|27184,DISC2,27184
gene_4964,DISP1|84976,DISP1,84976
gene_4965,DISP2|85455,DISP2,85455
gene_4966,DIXDC1|85458,DIXDC1,85458
gene_4967,DKC1|1736,DKC1,1736
gene_4968,DKFZP434H168|26077,DKFZP434H168,26077
gene_4969,DKFZP434K028|26070,DKFZP434K028,26070
gene_4970,DKFZP434L187|26082,DKFZP434L187,26082
gene_4971,DKFZP586I1420|222161,DKFZP586I1420,222161
gene_4972,DKFZP686I15217|401232,DKFZP686I15217,401232
gene_4973,DKFZp434J0226|93429,DKFZp434J0226,93429
gene_4974,DKFZp434L192|222029,DKFZp434L192,222029
gene_4975,DKFZp566F0947|94023,DKFZp566F0947,94023
gene_4976,DKFZp686A1627|266695,DKFZp686A1627,266695
gene_4977,DKFZp686O24166|374383,DKFZp686O24166,374383
gene_4978,DKFZp761E198|91056,DKFZp761E198,91056
gene_4979,DKFZp779M0652|374387,DKFZp779M0652,374387
gene_4980,DKK1|22943,DKK1,22943
gene_4981,DKK2|27123,DKK2,27123
gene_4982,DKK3|27122,DKK3,27122
gene_4983,DKK4|27121,DKK4,27121
gene_4984,DKKL1|27120,DKKL1,27120
gene_4985,DLAT|1737,DLAT,1737
gene_4986,DLC1|10395,DLC1,10395
gene_4987,DLD|1738,DLD,1738
gene_4988,DLEC1|9940,DLEC1,9940
gene_4989,DLEU1|10301,DLEU1,10301
gene_4990,DLEU2L|79469,DLEU2L,79469
gene_4991,DLEU2|8847,DLEU2,8847
gene_4992,DLEU7|220107,DLEU7,220107
gene_4993,DLG1|1739,DLG1,1739
gene_4994,DLG2|1740,DLG2,1740
gene_4995,DLG3|1741,DLG3,1741
gene_4996,DLG4|1742,DLG4,1742
gene_4997,DLG5|9231,DLG5,9231
gene_4998,DLGAP1|9229,DLGAP1,9229
gene_4999,DLGAP2|9228,DLGAP2,9228
gene_5000,DLGAP3|58512,DLGAP3,58512
gene_5001,DLGAP4|22839,DLGAP4,22839
gene_5002,DLGAP5|9787,DLGAP5,9787
gene_5003,DLK1|8788,DLK1,8788
gene_5004,DLK2|65989,DLK2,65989
gene_5005,DLL1|28514,DLL1,28514
gene_5006,DLL3|10683,DLL3,10683
gene_5007,DLL4|54567,DLL4,54567
gene_5008,DLST|1743,DLST,1743
gene_5009,DLX1|1745,DLX1,1745
gene_5010,DLX2|1746,DLX2,1746
gene_5011,DLX3|1747,DLX3,1747
gene_5012,DLX4|1748,DLX4,1748
gene_5013,DLX5|1749,DLX5,1749
gene_5014,DLX6AS|285987,DLX6AS,285987
gene_5015,DLX6|1750,DLX6,1750
gene_5016,DMAP1|55929,DMAP1,55929
gene_5017,DMBT1|1755,DMBT1,1755
gene_5018,DMBX1|127343,DMBX1,127343
gene_5019,DMC1|11144,DMC1,11144
gene_5020,DMD|1756,DMD,1756
gene_5021,DMGDH|29958,DMGDH,29958
gene_5022,DMKN|93099,DMKN,93099
gene_5023,DMP1|1758,DMP1,1758
gene_5024,DMPK|1760,DMPK,1760
gene_5025,DMRT1|1761,DMRT1,1761
gene_5026,DMRT2|10655,DMRT2,10655
gene_5027,DMRT3|58524,DMRT3,58524
gene_5028,DMRTA1|63951,DMRTA1,63951
gene_5029,DMRTA2|63950,DMRTA2,63950
gene_5030,DMRTB1|63948,DMRTB1,63948
gene_5031,DMRTC1B|728656,DMRTC1B,728656
gene_5032,DMRTC1|63947,DMRTC1,63947
gene_5033,DMRTC2|63946,DMRTC2,63946
gene_5034,DMTF1|9988,DMTF1,9988
gene_5035,DMWD|1762,DMWD,1762
gene_5036,DMXL1|1657,DMXL1,1657
gene_5037,DMXL2|23312,DMXL2,23312
gene_5038,DNA2|1763,DNA2,1763
gene_5039,DNAH10|196385,DNAH10,196385
gene_5040,DNAH11|8701,DNAH11,8701
gene_5041,DNAH12|201625,DNAH12,201625
gene_5042,DNAH14|127602,DNAH14,127602
gene_5043,DNAH17|8632,DNAH17,8632
gene_5044,DNAH1|25981,DNAH1,25981
gene_5045,DNAH2|146754,DNAH2,146754
gene_5046,DNAH3|55567,DNAH3,55567
gene_5047,DNAH5|1767,DNAH5,1767
gene_5048,DNAH6|1768,DNAH6,1768
gene_5049,DNAH7|56171,DNAH7,56171
gene_5050,DNAH8|1769,DNAH8,1769
gene_5051,DNAH9|1770,DNAH9,1770
gene_5052,DNAI1|27019,DNAI1,27019
gene_5053,DNAI2|64446,DNAI2,64446
gene_5054,DNAJA1|3301,DNAJA1,3301
gene_5055,DNAJA2|10294,DNAJA2,10294
gene_5056,DNAJA3|9093,DNAJA3,9093
gene_5057,DNAJA4|55466,DNAJA4,55466
gene_5058,DNAJB11|51726,DNAJB11,51726
gene_5059,DNAJB12|54788,DNAJB12,54788
gene_5060,DNAJB13|374407,DNAJB13,374407
gene_5061,DNAJB14|79982,DNAJB14,79982
gene_5062,DNAJB1|3337,DNAJB1,3337
gene_5063,DNAJB2|3300,DNAJB2,3300
gene_5064,DNAJB3|414061,DNAJB3,414061
gene_5065,DNAJB4|11080,DNAJB4,11080
gene_5066,DNAJB5|25822,DNAJB5,25822
gene_5067,DNAJB6|10049,DNAJB6,10049
gene_5068,DNAJB7|150353,DNAJB7,150353
gene_5069,DNAJB8|165721,DNAJB8,165721
gene_5070,DNAJB9|4189,DNAJB9,4189
gene_5071,DNAJC10|54431,DNAJC10,54431
gene_5072,DNAJC11|55735,DNAJC11,55735
gene_5073,DNAJC12|56521,DNAJC12,56521
gene_5074,DNAJC13|23317,DNAJC13,23317
gene_5075,DNAJC14|85406,DNAJC14,85406
gene_5076,DNAJC15|29103,DNAJC15,29103
gene_5077,DNAJC16|23341,DNAJC16,23341
gene_5078,DNAJC17|55192,DNAJC17,55192
gene_5079,DNAJC18|202052,DNAJC18,202052
gene_5080,DNAJC19|131118,DNAJC19,131118
gene_5081,DNAJC1|64215,DNAJC1,64215
gene_5082,DNAJC21|134218,DNAJC21,134218
gene_5083,DNAJC22|79962,DNAJC22,79962
gene_5084,DNAJC24|120526,DNAJC24,120526
gene_5085,DNAJC25-GNG10|552891,DNAJC25-GNG10,552891
gene_5086,DNAJC25|548645,DNAJC25,548645
gene_5087,DNAJC27|51277,DNAJC27,51277
gene_5088,DNAJC28|54943,DNAJC28,54943
gene_5089,DNAJC2|27000,DNAJC2,27000
gene_5090,DNAJC30|84277,DNAJC30,84277
gene_5091,DNAJC3|5611,DNAJC3,5611
gene_5092,DNAJC4|3338,DNAJC4,3338
gene_5093,DNAJC5B|85479,DNAJC5B,85479
gene_5094,DNAJC5G|285126,DNAJC5G,285126
gene_5095,DNAJC5|80331,DNAJC5,80331
gene_5096,DNAJC6|9829,DNAJC6,9829
gene_5097,DNAJC7|7266,DNAJC7,7266
gene_5098,DNAJC8|22826,DNAJC8,22826
gene_5099,DNAJC9|23234,DNAJC9,23234
gene_5100,DNAL1|83544,DNAL1,83544
gene_5101,DNAL4|10126,DNAL4,10126
gene_5102,DNALI1|7802,DNALI1,7802
gene_5103,DNASE1L1|1774,DNASE1L1,1774
gene_5104,DNASE1L2|1775,DNASE1L2,1775
gene_5105,DNASE1L3|1776,DNASE1L3,1776
gene_5106,DNASE1|1773,DNASE1,1773
gene_5107,DNASE2B|58511,DNASE2B,58511
gene_5108,DNASE2|1777,DNASE2,1777
gene_5109,DND1|373863,DND1,373863
gene_5110,DNER|92737,DNER,92737
gene_5111,DNHD1|144132,DNHD1,144132
gene_5112,DNLZ|728489,DNLZ,728489
gene_5113,DNM1L|10059,DNM1L,10059
gene_5114,DNM1P35|100128285,DNM1P35,100128285
gene_5115,DNM1|1759,DNM1,1759
gene_5116,DNM2|1785,DNM2,1785
gene_5117,DNM3|26052,DNM3,26052
gene_5118,DNMBP|23268,DNMBP,23268
gene_5119,DNMT1|1786,DNMT1,1786
gene_5120,DNMT3A|1788,DNMT3A,1788
gene_5121,DNMT3B|1789,DNMT3B,1789
gene_5122,DNMT3L|29947,DNMT3L,29947
gene_5123,DNPEP|23549,DNPEP,23549
gene_5124,DNTTIP1|116092,DNTTIP1,116092
gene_5125,DNTTIP2|30836,DNTTIP2,30836
gene_5126,DNTT|1791,DNTT,1791
gene_5127,DOC2A|8448,DOC2A,8448
gene_5128,DOC2B|8447,DOC2B,8447
gene_5129,DOCK10|55619,DOCK10,55619
gene_5130,DOCK11|139818,DOCK11,139818
gene_5131,DOCK1|1793,DOCK1,1793
gene_5132,DOCK2|1794,DOCK2,1794
gene_5133,DOCK3|1795,DOCK3,1795
gene_5134,DOCK4|9732,DOCK4,9732
gene_5135,DOCK5|80005,DOCK5,80005
gene_5136,DOCK6|57572,DOCK6,57572
gene_5137,DOCK7|85440,DOCK7,85440
gene_5138,DOCK8|81704,DOCK8,81704
gene_5139,DOCK9|23348,DOCK9,23348
gene_5140,DOHH|83475,DOHH,83475
gene_5141,DOK1|1796,DOK1,1796
gene_5142,DOK2|9046,DOK2,9046
gene_5143,DOK3|79930,DOK3,79930
gene_5144,DOK4|55715,DOK4,55715
gene_5145,DOK5|55816,DOK5,55816
gene_5146,DOK6|220164,DOK6,220164
gene_5147,DOK7|285489,DOK7,285489
gene_5148,DOLK|22845,DOLK,22845
gene_5149,DOLPP1|57171,DOLPP1,57171
gene_5150,DOM3Z|1797,DOM3Z,1797
gene_5151,DONSON|29980,DONSON,29980
gene_5152,DOPEY1|23033,DOPEY1,23033
gene_5153,DOPEY2|9980,DOPEY2,9980
gene_5154,DOT1L|84444,DOT1L,84444
gene_5155,DPAGT1|1798,DPAGT1,1798
gene_5156,DPCD|25911,DPCD,25911
gene_5157,DPCR1|135656,DPCR1,135656
gene_5158,DPEP1|1800,DPEP1,1800
gene_5159,DPEP2|64174,DPEP2,64174
gene_5160,DPEP3|64180,DPEP3,64180
gene_5161,DPF1|8193,DPF1,8193
gene_5162,DPF2|5977,DPF2,5977
gene_5163,DPF3|8110,DPF3,8110
gene_5164,DPH1|1801,DPH1,1801
gene_5165,DPH2|1802,DPH2,1802
gene_5166,DPH3B|100132911,DPH3B,100132911
gene_5167,DPH3|285381,DPH3,285381
gene_5168,DPH5|51611,DPH5,51611
gene_5169,DPM1|8813,DPM1,8813
gene_5170,DPM2|8818,DPM2,8818
gene_5171,DPM3|54344,DPM3,54344
gene_5172,DPP10|57628,DPP10,57628
gene_5173,DPP3|10072,DPP3,10072
gene_5174,DPP4|1803,DPP4,1803
gene_5175,DPP6|1804,DPP6,1804
gene_5176,DPP7|29952,DPP7,29952
gene_5177,DPP8|54878,DPP8,54878
gene_5178,DPP9|91039,DPP9,91039
gene_5179,DPPA2|151871,DPPA2,151871
gene_5180,DPPA3|359787,DPPA3,359787
gene_5181,DPPA4|55211,DPPA4,55211
gene_5182,DPPA5|340168,DPPA5,340168
gene_5183,DPRXP4|503645,DPRXP4,503645
gene_5184,DPRX|503834,DPRX,503834
gene_5185,DPT|1805,DPT,1805
gene_5186,DPY19L1|23333,DPY19L1,23333
gene_5187,DPY19L2P1|554236,DPY19L2P1,554236
gene_5188,DPY19L2P2|349152,DPY19L2P2,349152
gene_5189,DPY19L2P4|442523,DPY19L2P4,442523
gene_5190,DPY19L2|283417,DPY19L2,283417
gene_5191,DPY19L3|147991,DPY19L3,147991
gene_5192,DPY19L4|286148,DPY19L4,286148
gene_5193,DPY30|84661,DPY30,84661
gene_5194,DPYD|1806,DPYD,1806
gene_5195,DPYSL2|1808,DPYSL2,1808
gene_5196,DPYSL3|1809,DPYSL3,1809
gene_5197,DPYSL4|10570,DPYSL4,10570
gene_5198,DPYSL5|56896,DPYSL5,56896
gene_5199,DPYS|1807,DPYS,1807
gene_5200,DQX1|165545,DQX1,165545
gene_5201,DR1|1810,DR1,1810
gene_5202,DRAM1|55332,DRAM1,55332
gene_5203,DRAM2|128338,DRAM2,128338
gene_5204,DRAP1|10589,DRAP1,10589
gene_5205,DRD1|1812,DRD1,1812
gene_5206,DRD2|1813,DRD2,1813
gene_5207,DRD3|1814,DRD3,1814
gene_5208,DRD4|1815,DRD4,1815
gene_5209,DRD5|1816,DRD5,1816
gene_5210,DRG1|4733,DRG1,4733
gene_5211,DRG2|1819,DRG2,1819
gene_5212,DRGX|644168,DRGX,644168
gene_5213,DRP2|1821,DRP2,1821
gene_5214,DSC1|1823,DSC1,1823
gene_5215,DSC2|1824,DSC2,1824
gene_5216,DSC3|1825,DSC3,1825
gene_5217,DSCAML1|57453,DSCAML1,57453
gene_5218,DSCAM|1826,DSCAM,1826
gene_5219,DSCC1|79075,DSCC1,79075
gene_5220,DSCR10|259234,DSCR10,259234
gene_5221,DSCR3|10311,DSCR3,10311
gene_5222,DSCR4|10281,DSCR4,10281
gene_5223,DSCR6|53820,DSCR6,53820
gene_5224,DSCR8|84677,DSCR8,84677
gene_5225,DSCR9|257203,DSCR9,257203
gene_5226,DSEL|92126,DSEL,92126
gene_5227,DSE|29940,DSE,29940
gene_5228,DSG1|1828,DSG1,1828
gene_5229,DSG2|1829,DSG2,1829
gene_5230,DSG3|1830,DSG3,1830
gene_5231,DSG4|147409,DSG4,147409
gene_5232,DSN1|79980,DSN1,79980
gene_5233,DSPP|1834,DSPP,1834
gene_5234,DSP|1832,DSP,1832
gene_5235,DSTN|11034,DSTN,11034
gene_5236,DSTYK|25778,DSTYK,25778
gene_5237,DST|667,DST,667
gene_5238,DTD1|92675,DTD1,92675
gene_5239,DTHD1|401124,DTHD1,401124
gene_5240,DTL|51514,DTL,51514
gene_5241,DTNA|1837,DTNA,1837
gene_5242,DTNBP1|84062,DTNBP1,84062
gene_5243,DTNB|1838,DTNB,1838
gene_5244,DTWD1|56986,DTWD1,56986
gene_5245,DTWD2|285605,DTWD2,285605
gene_5246,DTX1|1840,DTX1,1840
gene_5247,DTX2|113878,DTX2,113878
gene_5248,DTX3L|151636,DTX3L,151636
gene_5249,DTX3|196403,DTX3,196403
gene_5250,DTX4|23220,DTX4,23220
gene_5251,DTYMK|1841,DTYMK,1841
gene_5252,DULLARD|23399,DULLARD,23399
gene_5253,DUOX1|53905,DUOX1,53905
gene_5254,DUOX2|50506,DUOX2,50506
gene_5255,DUOXA1|90527,DUOXA1,90527
gene_5256,DUOXA2|405753,DUOXA2,405753
gene_5257,DUPD1|338599,DUPD1,338599
gene_5258,DUS1L|64118,DUS1L,64118
gene_5259,DUS2L|54920,DUS2L,54920
gene_5260,DUS3L|56931,DUS3L,56931
gene_5261,DUS4L|11062,DUS4L,11062
gene_5262,DUSP10|11221,DUSP10,11221
gene_5263,DUSP11|8446,DUSP11,8446
gene_5264,DUSP12|11266,DUSP12,11266
gene_5265,DUSP13|51207,DUSP13,51207
gene_5266,DUSP14|11072,DUSP14,11072
gene_5267,DUSP15|128853,DUSP15,128853
gene_5268,DUSP16|80824,DUSP16,80824
gene_5269,DUSP18|150290,DUSP18,150290
gene_5270,DUSP19|142679,DUSP19,142679
gene_5271,DUSP1|1843,DUSP1,1843
gene_5272,DUSP21|63904,DUSP21,63904
gene_5273,DUSP22|56940,DUSP22,56940
gene_5274,DUSP23|54935,DUSP23,54935
gene_5275,DUSP26|78986,DUSP26,78986
gene_5276,DUSP27|92235,DUSP27,92235
gene_5277,DUSP28|285193,DUSP28,285193
gene_5278,DUSP2|1844,DUSP2,1844
gene_5279,DUSP3|1845,DUSP3,1845
gene_5280,DUSP4|1846,DUSP4,1846
gene_5281,DUSP5P|574029,DUSP5P,574029
gene_5282,DUSP5|1847,DUSP5,1847
gene_5283,DUSP6|1848,DUSP6,1848
gene_5284,DUSP7|1849,DUSP7,1849
gene_5285,DUSP8|1850,DUSP8,1850
gene_5286,DUSP9|1852,DUSP9,1852
gene_5287,DUT|1854,DUT,1854
gene_5288,DUX4|22947,DUX4,22947
gene_5289,DUXA|503835,DUXA,503835
gene_5290,DVL1|1855,DVL1,1855
gene_5291,DVL2|1856,DVL2,1856
gene_5292,DVL3|1857,DVL3,1857
gene_5293,DVWA|344875,DVWA,344875
gene_5294,DYDC1|143241,DYDC1,143241
gene_5295,DYDC2|84332,DYDC2,84332
gene_5296,DYM|54808,DYM,54808
gene_5297,DYNC1H1|1778,DYNC1H1,1778
gene_5298,DYNC1I1|1780,DYNC1I1,1780
gene_5299,DYNC1I2|1781,DYNC1I2,1781
gene_5300,DYNC1LI1|51143,DYNC1LI1,51143
gene_5301,DYNC1LI2|1783,DYNC1LI2,1783
gene_5302,DYNC2H1|79659,DYNC2H1,79659
gene_5303,DYNC2LI1|51626,DYNC2LI1,51626
gene_5304,DYNLL1|8655,DYNLL1,8655
gene_5305,DYNLL2|140735,DYNLL2,140735
gene_5306,DYNLRB1|83658,DYNLRB1,83658
gene_5307,DYNLRB2|83657,DYNLRB2,83657
gene_5308,DYNLT1|6993,DYNLT1,6993
gene_5309,DYNLT3|6990,DYNLT3,6990
gene_5310,DYRK1A|1859,DYRK1A,1859
gene_5311,DYRK1B|9149,DYRK1B,9149
gene_5312,DYRK2|8445,DYRK2,8445
gene_5313,DYRK3|8444,DYRK3,8444
gene_5314,DYRK4|8798,DYRK4,8798
gene_5315,DYSFIP1|116729,DYSFIP1,116729
gene_5316,DYSF|8291,DYSF,8291
gene_5317,DYTN|391475,DYTN,391475
gene_5318,DYX1C1|161582,DYX1C1,161582
gene_5319,DZIP1L|199221,DZIP1L,199221
gene_5320,DZIP1|22873,DZIP1,22873
gene_5321,DZIP3|9666,DZIP3,9666
gene_5322,E2F1|1869,E2F1,1869
gene_5323,E2F2|1870,E2F2,1870
gene_5324,E2F3|1871,E2F3,1871
gene_5325,E2F4|1874,E2F4,1874
gene_5326,E2F5|1875,E2F5,1875
gene_5327,E2F6|1876,E2F6,1876
gene_5328,E2F7|144455,E2F7,144455
gene_5329,E2F8|79733,E2F8,79733
gene_5330,E4F1|1877,E4F1,1877
gene_5331,EAF1|85403,EAF1,85403
gene_5332,EAF2|55840,EAF2,55840
gene_5333,EAPP|55837,EAPP,55837
gene_5334,EARS2|124454,EARS2,124454
gene_5335,EBAG9|9166,EBAG9,9166
gene_5336,EBF1|1879,EBF1,1879
gene_5337,EBF2|64641,EBF2,64641
gene_5338,EBF3|253738,EBF3,253738
gene_5339,EBF4|57593,EBF4,57593
gene_5340,EBI3|10148,EBI3,10148
gene_5341,EBNA1BP2|10969,EBNA1BP2,10969
gene_5342,EBPL|84650,EBPL,84650
gene_5343,EBP|10682,EBP,10682
gene_5344,ECD|11319,ECD,11319
gene_5345,ECE1|1889,ECE1,1889
gene_5346,ECE2|9718,ECE2,9718
gene_5347,ECEL1|9427,ECEL1,9427
gene_5348,ECH1|1891,ECH1,1891
gene_5349,ECHDC1|55862,ECHDC1,55862
gene_5350,ECHDC2|55268,ECHDC2,55268
gene_5351,ECHDC3|79746,ECHDC3,79746
gene_5352,ECHS1|1892,ECHS1,1892
gene_5353,ECM1|1893,ECM1,1893
gene_5354,ECM2|1842,ECM2,1842
gene_5355,ECSCR|641700,ECSCR,641700
gene_5356,ECSIT|51295,ECSIT,51295
gene_5357,ECT2L|345930,ECT2L,345930
gene_5358,ECT2|1894,ECT2,1894
gene_5359,EDA2R|60401,EDA2R,60401
gene_5360,EDARADD|128178,EDARADD,128178
gene_5361,EDAR|10913,EDAR,10913
gene_5362,EDA|1896,EDA,1896
gene_5363,EDC3|80153,EDC3,80153
gene_5364,EDC4|23644,EDC4,23644
gene_5365,EDDM3A|10876,EDDM3A,10876
gene_5366,EDDM3B|64184,EDDM3B,64184
gene_5367,EDEM1|9695,EDEM1,9695
gene_5368,EDEM2|55741,EDEM2,55741
gene_5369,EDEM3|80267,EDEM3,80267
gene_5370,EDF1|8721,EDF1,8721
gene_5371,EDIL3|10085,EDIL3,10085
gene_5372,EDN1|1906,EDN1,1906
gene_5373,EDN2|1907,EDN2,1907
gene_5374,EDN3|1908,EDN3,1908
gene_5375,EDNRA|1909,EDNRA,1909
gene_5376,EDNRB|1910,EDNRB,1910
gene_5377,EEA1|8411,EEA1,8411
gene_5378,EED|8726,EED,8726
gene_5379,EEF1A1P9|441032,EEF1A1P9,441032
gene_5380,EEF1A1|1915,EEF1A1,1915
gene_5381,EEF1A2|1917,EEF1A2,1917
gene_5382,EEF1B2|1933,EEF1B2,1933
gene_5383,EEF1DP3|196549,EEF1DP3,196549
gene_5384,EEF1D|1936,EEF1D,1936
gene_5385,EEF1E1|9521,EEF1E1,9521
gene_5386,EEF1G|1937,EEF1G,1937
gene_5387,EEF2K|29904,EEF2K,29904
gene_5388,EEF2|1938,EEF2,1938
gene_5389,EEFSEC|60678,EEFSEC,60678
gene_5390,EEPD1|80820,EEPD1,80820
gene_5391,EFCAB10|100130771,EFCAB10,100130771
gene_5392,EFCAB1|79645,EFCAB1,79645
gene_5393,EFCAB2|84288,EFCAB2,84288
gene_5394,EFCAB3|146779,EFCAB3,146779
gene_5395,EFCAB4A|283229,EFCAB4A,283229
gene_5396,EFCAB4B|84766,EFCAB4B,84766
gene_5397,EFCAB5|374786,EFCAB5,374786
gene_5398,EFCAB6|64800,EFCAB6,64800
gene_5399,EFCAB7|84455,EFCAB7,84455
gene_5400,EFEMP1|2202,EFEMP1,2202
gene_5401,EFEMP2|30008,EFEMP2,30008
gene_5402,EFHA1|221154,EFHA1,221154
gene_5403,EFHA2|286097,EFHA2,286097
gene_5404,EFHB|151651,EFHB,151651
gene_5405,EFHC1|114327,EFHC1,114327
gene_5406,EFHC2|80258,EFHC2,80258
gene_5407,EFHD1|80303,EFHD1,80303
gene_5408,EFHD2|79180,EFHD2,79180
gene_5409,EFNA1|1942,EFNA1,1942
gene_5410,EFNA2|1943,EFNA2,1943
gene_5411,EFNA3|1944,EFNA3,1944
gene_5412,EFNA4|1945,EFNA4,1945
gene_5413,EFNA5|1946,EFNA5,1946
gene_5414,EFNB1|1947,EFNB1,1947
gene_5415,EFNB2|1948,EFNB2,1948
gene_5416,EFNB3|1949,EFNB3,1949
gene_5417,EFR3A|23167,EFR3A,23167
gene_5418,EFR3B|22979,EFR3B,22979
gene_5419,EFS|10278,EFS,10278
gene_5420,EFTUD1|79631,EFTUD1,79631
gene_5421,EFTUD2|9343,EFTUD2,9343
gene_5422,EGFL6|25975,EGFL6,25975
gene_5423,EGFL7|51162,EGFL7,51162
gene_5424,EGFL8|80864,EGFL8,80864
gene_5425,EGFLAM|133584,EGFLAM,133584
gene_5426,EGFR|1956,EGFR,1956
gene_5427,EGF|1950,EGF,1950
gene_5428,EGLN1|54583,EGLN1,54583
gene_5429,EGLN2|112398,EGLN2,112398
gene_5430,EGLN3|112399,EGLN3,112399
gene_5431,EGOT|100126791,EGOT,100126791
gene_5432,EGR1|1958,EGR1,1958
gene_5433,EGR2|1959,EGR2,1959
gene_5434,EGR3|1960,EGR3,1960
gene_5435,EGR4|1961,EGR4,1961
gene_5436,EHBP1L1|254102,EHBP1L1,254102
gene_5437,EHBP1|23301,EHBP1,23301
gene_5438,EHD1|10938,EHD1,10938
gene_5439,EHD2|30846,EHD2,30846
gene_5440,EHD3|30845,EHD3,30845
gene_5441,EHD4|30844,EHD4,30844
gene_5442,EHF|26298,EHF,26298
gene_5443,EHHADH|1962,EHHADH,1962
gene_5444,EHMT1|79813,EHMT1,79813
gene_5445,EHMT2|10919,EHMT2,10919
gene_5446,EI24|9538,EI24,9538
gene_5447,EID1|23741,EID1,23741
gene_5448,EID2B|126272,EID2B,126272
gene_5449,EID2|163126,EID2,163126
gene_5450,EID3|493861,EID3,493861
gene_5451,EIF1AD|84285,EIF1AD,84285
gene_5452,EIF1AX|1964,EIF1AX,1964
gene_5453,EIF1AY|9086,EIF1AY,9086
gene_5454,EIF1B|10289,EIF1B,10289
gene_5455,EIF1|10209,EIF1,10209
gene_5456,EIF2AK1|27102,EIF2AK1,27102
gene_5457,EIF2AK2|5610,EIF2AK2,5610
gene_5458,EIF2AK3|9451,EIF2AK3,9451
gene_5459,EIF2AK4|440275,EIF2AK4,440275
gene_5460,EIF2A|83939,EIF2A,83939
gene_5461,EIF2B1|1967,EIF2B1,1967
gene_5462,EIF2B2|8892,EIF2B2,8892
gene_5463,EIF2B3|8891,EIF2B3,8891
gene_5464,EIF2B4|8890,EIF2B4,8890
gene_5465,EIF2B5|8893,EIF2B5,8893
gene_5466,EIF2C1|26523,EIF2C1,26523
gene_5467,EIF2C2|27161,EIF2C2,27161
gene_5468,EIF2C3|192669,EIF2C3,192669
gene_5469,EIF2C4|192670,EIF2C4,192670
gene_5470,EIF2S1|1965,EIF2S1,1965
gene_5471,EIF2S2|8894,EIF2S2,8894
gene_5472,EIF2S3|1968,EIF2S3,1968
gene_5473,EIF3A|8661,EIF3A,8661
gene_5474,EIF3B|8662,EIF3B,8662
gene_5475,EIF3CL|728689,EIF3CL,728689
gene_5476,EIF3C|8663,EIF3C,8663
gene_5477,EIF3D|8664,EIF3D,8664
gene_5478,EIF3E|3646,EIF3E,3646
gene_5479,EIF3F|8665,EIF3F,8665
gene_5480,EIF3G|8666,EIF3G,8666
gene_5481,EIF3H|8667,EIF3H,8667
gene_5482,EIF3IP1|442720,EIF3IP1,442720
gene_5483,EIF3I|8668,EIF3I,8668
gene_5484,EIF3J|8669,EIF3J,8669
gene_5485,EIF3K|27335,EIF3K,27335
gene_5486,EIF3L|51386,EIF3L,51386
gene_5487,EIF3M|10480,EIF3M,10480
gene_5488,EIF4A1|1973,EIF4A1,1973
gene_5489,EIF4A2|1974,EIF4A2,1974
gene_5490,EIF4A3|9775,EIF4A3,9775
gene_5491,EIF4B|1975,EIF4B,1975
gene_5492,EIF4E1B|253314,EIF4E1B,253314
gene_5493,EIF4E2|9470,EIF4E2,9470
gene_5494,EIF4E3|317649,EIF4E3,317649
gene_5495,EIF4EBP1|1978,EIF4EBP1,1978
gene_5496,EIF4EBP2|1979,EIF4EBP2,1979
gene_5497,EIF4EBP3|8637,EIF4EBP3,8637
gene_5498,EIF4ENIF1|56478,EIF4ENIF1,56478
gene_5499,EIF4E|1977,EIF4E,1977
gene_5500,EIF4G1|1981,EIF4G1,1981
gene_5501,EIF4G2|1982,EIF4G2,1982
gene_5502,EIF4G3|8672,EIF4G3,8672
gene_5503,EIF4H|7458,EIF4H,7458
gene_5504,EIF5A2|56648,EIF5A2,56648
gene_5505,EIF5AL1|143244,EIF5AL1,143244
gene_5506,EIF5A|1984,EIF5A,1984
gene_5507,EIF5B|9669,EIF5B,9669
gene_5508,EIF5|1983,EIF5,1983
gene_5509,EIF6|3692,EIF6,3692
gene_5510,ELAC1|55520,ELAC1,55520
gene_5511,ELAC2|60528,ELAC2,60528
gene_5512,ELANE|1991,ELANE,1991
gene_5513,ELAVL1|1994,ELAVL1,1994
gene_5514,ELAVL2|1993,ELAVL2,1993
gene_5515,ELAVL3|1995,ELAVL3,1995
gene_5516,ELAVL4|1996,ELAVL4,1996
gene_5517,ELF1|1997,ELF1,1997
gene_5518,ELF2|1998,ELF2,1998
gene_5519,ELF3|1999,ELF3,1999
gene_5520,ELF4|2000,ELF4,2000
gene_5521,ELF5|2001,ELF5,2001
gene_5522,ELFN1|392617,ELFN1,392617
gene_5523,ELFN2|114794,ELFN2,114794
gene_5524,ELK1|2002,ELK1,2002
gene_5525,ELK3|2004,ELK3,2004
gene_5526,ELK4|2005,ELK4,2005
gene_5527,ELL2|22936,ELL2,22936
gene_5528,ELL3|80237,ELL3,80237
gene_5529,ELL|8178,ELL,8178
gene_5530,ELMO1|9844,ELMO1,9844
gene_5531,ELMO2|63916,ELMO2,63916
gene_5532,ELMO3|79767,ELMO3,79767
gene_5533,ELMOD1|55531,ELMOD1,55531
gene_5534,ELMOD2|255520,ELMOD2,255520
gene_5535,ELMOD3|84173,ELMOD3,84173
gene_5536,ELN|2006,ELN,2006
gene_5537,ELOF1|84337,ELOF1,84337
gene_5538,ELOVL1|64834,ELOVL1,64834
gene_5539,ELOVL2|54898,ELOVL2,54898
gene_5540,ELOVL3|83401,ELOVL3,83401
gene_5541,ELOVL4|6785,ELOVL4,6785
gene_5542,ELOVL5|60481,ELOVL5,60481
gene_5543,ELOVL6|79071,ELOVL6,79071
gene_5544,ELOVL7|79993,ELOVL7,79993
gene_5545,ELP2P|100131454,ELP2P,100131454
gene_5546,ELP2|55250,ELP2,55250
gene_5547,ELP3|55140,ELP3,55140
gene_5548,ELP4|26610,ELP4,26610
gene_5549,ELSPBP1|64100,ELSPBP1,64100
gene_5550,ELTD1|64123,ELTD1,64123
gene_5551,EMB|133418,EMB,133418
gene_5552,EMCN|51705,EMCN,51705
gene_5553,EMD|2010,EMD,2010
gene_5554,EME1|146956,EME1,146956
gene_5555,EME2|197342,EME2,197342
gene_5556,EMG1|10436,EMG1,10436
gene_5557,EMID1|129080,EMID1,129080
gene_5558,EMID2|136227,EMID2,136227
gene_5559,EMILIN1|11117,EMILIN1,11117
gene_5560,EMILIN2|84034,EMILIN2,84034
gene_5561,EMILIN3|90187,EMILIN3,90187
gene_5562,EML1|2009,EML1,2009
gene_5563,EML2|24139,EML2,24139
gene_5564,EML3|256364,EML3,256364
gene_5565,EML4|27436,EML4,27436
gene_5566,EML5|161436,EML5,161436
gene_5567,EML6|400954,EML6,400954
gene_5568,EMP1|2012,EMP1,2012
gene_5569,EMP2|2013,EMP2,2013
gene_5570,EMP3|2014,EMP3,2014
gene_5571,EMR1|2015,EMR1,2015
gene_5572,EMR2|30817,EMR2,30817
gene_5573,EMR3|84658,EMR3,84658
gene_5574,EMR4P|326342,EMR4P,326342
gene_5575,EMX1|2016,EMX1,2016
gene_5576,EMX2OS|196047,EMX2OS,196047
gene_5577,EMX2|2018,EMX2,2018
gene_5578,EN1|2019,EN1,2019
gene_5579,EN2|2020,EN2,2020
gene_5580,ENAH|55740,ENAH,55740
gene_5581,ENAM|10117,ENAM,10117
gene_5582,ENC1|8507,ENC1,8507
gene_5583,ENDOD1|23052,ENDOD1,23052
gene_5584,ENDOG|2021,ENDOG,2021
gene_5585,ENDOU|8909,ENDOU,8909
gene_5586,ENGASE|64772,ENGASE,64772
gene_5587,ENG|2022,ENG,2022
gene_5588,ENHO|375704,ENHO,375704
gene_5589,ENKUR|219670,ENKUR,219670
gene_5590,ENO1|2023,ENO1,2023
gene_5591,ENO2|2026,ENO2,2026
gene_5592,ENO3|2027,ENO3,2027
gene_5593,ENOPH1|58478,ENOPH1,58478
gene_5594,ENOSF1|55556,ENOSF1,55556
gene_5595,ENOX1|55068,ENOX1,55068
gene_5596,ENOX2|10495,ENOX2,10495
gene_5597,ENPEP|2028,ENPEP,2028
gene_5598,ENPP1|5167,ENPP1,5167
gene_5599,ENPP2|5168,ENPP2,5168
gene_5600,ENPP3|5169,ENPP3,5169
gene_5601,ENPP4|22875,ENPP4,22875
gene_5602,ENPP5|59084,ENPP5,59084
gene_5603,ENPP6|133121,ENPP6,133121
gene_5604,ENPP7|339221,ENPP7,339221
gene_5605,ENSA|2029,ENSA,2029
gene_5606,ENTHD1|150350,ENTHD1,150350
gene_5607,ENTPD1|953,ENTPD1,953
gene_5608,ENTPD2|954,ENTPD2,954
gene_5609,ENTPD3|956,ENTPD3,956
gene_5610,ENTPD4|9583,ENTPD4,9583
gene_5611,ENTPD5|957,ENTPD5,957
gene_5612,ENTPD6|955,ENTPD6,955
gene_5613,ENTPD7|57089,ENTPD7,57089
gene_5614,ENTPD8|377841,ENTPD8,377841
gene_5615,ENY2|56943,ENY2,56943
gene_5616,EOMES|8320,EOMES,8320
gene_5617,EP300|2033,EP300,2033
gene_5618,EP400NL|347918,EP400NL,347918
gene_5619,EP400|57634,EP400,57634
gene_5620,EPAS1|2034,EPAS1,2034
gene_5621,EPB41L1|2036,EPB41L1,2036
gene_5622,EPB41L2|2037,EPB41L2,2037
gene_5623,EPB41L3|23136,EPB41L3,23136
gene_5624,EPB41L4A|64097,EPB41L4A,64097
gene_5625,EPB41L4B|54566,EPB41L4B,54566
gene_5626,EPB41L5|57669,EPB41L5,57669
gene_5627,EPB41|2035,EPB41,2035
gene_5628,EPB42|2038,EPB42,2038
gene_5629,EPB49|2039,EPB49,2039
gene_5630,EPC1|80314,EPC1,80314
gene_5631,EPC2|26122,EPC2,26122
gene_5632,EPCAM|4072,EPCAM,4072
gene_5633,EPDR1|54749,EPDR1,54749
gene_5634,EPGN|255324,EPGN,255324
gene_5635,EPHA10|284656,EPHA10,284656
gene_5636,EPHA1|2041,EPHA1,2041
gene_5637,EPHA2|1969,EPHA2,1969
gene_5638,EPHA3|2042,EPHA3,2042
gene_5639,EPHA4|2043,EPHA4,2043
gene_5640,EPHA5|2044,EPHA5,2044
gene_5641,EPHA6|285220,EPHA6,285220
gene_5642,EPHA7|2045,EPHA7,2045
gene_5643,EPHA8|2046,EPHA8,2046
gene_5644,EPHB1|2047,EPHB1,2047
gene_5645,EPHB2|2048,EPHB2,2048
gene_5646,EPHB3|2049,EPHB3,2049
gene_5647,EPHB4|2050,EPHB4,2050
gene_5648,EPHB6|2051,EPHB6,2051
gene_5649,EPHX1|2052,EPHX1,2052
gene_5650,EPHX2|2053,EPHX2,2053
gene_5651,EPHX3|79852,EPHX3,79852
gene_5652,EPHX4|253152,EPHX4,253152
gene_5653,EPM2AIP1|9852,EPM2AIP1,9852
gene_5654,EPM2A|7957,EPM2A,7957
gene_5655,EPN1|29924,EPN1,29924
gene_5656,EPN2|22905,EPN2,22905
gene_5657,EPN3|55040,EPN3,55040
gene_5658,EPOR|2057,EPOR,2057
gene_5659,EPO|2056,EPO,2056
gene_5660,EPPK1|83481,EPPK1,83481
gene_5661,EPR1|8475,EPR1,8475
gene_5662,EPRS|2058,EPRS,2058
gene_5663,EPS15L1|58513,EPS15L1,58513
gene_5664,EPS15|2060,EPS15,2060
gene_5665,EPS8L1|54869,EPS8L1,54869
gene_5666,EPS8L2|64787,EPS8L2,64787
gene_5667,EPS8L3|79574,EPS8L3,79574
gene_5668,EPS8|2059,EPS8,2059
gene_5669,EPSTI1|94240,EPSTI1,94240
gene_5670,EPT1|85465,EPT1,85465
gene_5671,EPX|8288,EPX,8288
gene_5672,EPYC|1833,EPYC,1833
gene_5673,ERAL1|26284,ERAL1,26284
gene_5674,ERAP1|51752,ERAP1,51752
gene_5675,ERAP2|64167,ERAP2,64167
gene_5676,ERAS|3266,ERAS,3266
gene_5677,ERBB2IP|55914,ERBB2IP,55914
gene_5678,ERBB2|2064,ERBB2,2064
gene_5679,ERBB3|2065,ERBB3,2065
gene_5680,ERBB4|2066,ERBB4,2066
gene_5681,ERC1|23085,ERC1,23085
gene_5682,ERC2|26059,ERC2,26059
gene_5683,ERCC1|2067,ERCC1,2067
gene_5684,ERCC2|2068,ERCC2,2068
gene_5685,ERCC3|2071,ERCC3,2071
gene_5686,ERCC4|2072,ERCC4,2072
gene_5687,ERCC5|2073,ERCC5,2073
gene_5688,ERCC6L|54821,ERCC6L,54821
gene_5689,ERCC6|2074,ERCC6,2074
gene_5690,ERCC8|1161,ERCC8,1161
gene_5691,EREG|2069,EREG,2069
gene_5692,ERF|2077,ERF,2077
gene_5693,ERGIC1|57222,ERGIC1,57222
gene_5694,ERGIC2|51290,ERGIC2,51290
gene_5695,ERGIC3|51614,ERGIC3,51614
gene_5696,ERG|2078,ERG,2078
gene_5697,ERH|2079,ERH,2079
gene_5698,ERI1|90459,ERI1,90459
gene_5699,ERI2|112479,ERI2,112479
gene_5700,ERI3|79033,ERI3,79033
gene_5701,ERICH1|157697,ERICH1,157697
gene_5702,ERLEC1|27248,ERLEC1,27248
gene_5703,ERLIN1|10613,ERLIN1,10613
gene_5704,ERLIN2|11160,ERLIN2,11160
gene_5705,ERMAP|114625,ERMAP,114625
gene_5706,ERMN|57471,ERMN,57471
gene_5707,ERMP1|79956,ERMP1,79956
gene_5708,ERN1|2081,ERN1,2081
gene_5709,ERN2|10595,ERN2,10595
gene_5710,ERO1LB|56605,ERO1LB,56605
gene_5711,ERO1L|30001,ERO1L,30001
gene_5712,ERP27|121506,ERP27,121506
gene_5713,ERP29|10961,ERP29,10961
gene_5714,ERP44|23071,ERP44,23071
gene_5715,ERRFI1|54206,ERRFI1,54206
gene_5716,ERVFRDE1|405754,ERVFRDE1,405754
gene_5717,ESAM|90952,ESAM,90952
gene_5718,ESCO1|114799,ESCO1,114799
gene_5719,ESCO2|157570,ESCO2,157570
gene_5720,ESD|2098,ESD,2098
gene_5721,ESF1|51575,ESF1,51575
gene_5722,ESM1|11082,ESM1,11082
gene_5723,ESPL1|9700,ESPL1,9700
gene_5724,ESPNL|339768,ESPNL,339768
gene_5725,ESPNP|284729,ESPNP,284729
gene_5726,ESPN|83715,ESPN,83715
gene_5727,ESR1|2099,ESR1,2099
gene_5728,ESR2|2100,ESR2,2100
gene_5729,ESRP1|54845,ESRP1,54845
gene_5730,ESRP2|80004,ESRP2,80004
gene_5731,ESRRA|2101,ESRRA,2101
gene_5732,ESRRB|2103,ESRRB,2103
gene_5733,ESRRG|2104,ESRRG,2104
gene_5734,ESX1|80712,ESX1,80712
gene_5735,ESYT1|23344,ESYT1,23344
gene_5736,ESYT2|57488,ESYT2,57488
gene_5737,ESYT3|83850,ESYT3,83850
gene_5738,ETAA1|54465,ETAA1,54465
gene_5739,ETF1|2107,ETF1,2107
gene_5740,ETFA|2108,ETFA,2108
gene_5741,ETFB|2109,ETFB,2109
gene_5742,ETFDH|2110,ETFDH,2110
gene_5743,ETHE1|23474,ETHE1,23474
gene_5744,ETNK1|55500,ETNK1,55500
gene_5745,ETNK2|55224,ETNK2,55224
gene_5746,ETS1|2113,ETS1,2113
gene_5747,ETS2|2114,ETS2,2114
gene_5748,ETV1|2115,ETV1,2115
gene_5749,ETV2|2116,ETV2,2116
gene_5750,ETV3L|440695,ETV3L,440695
gene_5751,ETV3|2117,ETV3,2117
gene_5752,ETV4|2118,ETV4,2118
gene_5753,ETV5|2119,ETV5,2119
gene_5754,ETV6|2120,ETV6,2120
gene_5755,ETV7|51513,ETV7,51513
gene_5756,EVC2|132884,EVC2,132884
gene_5757,EVC|2121,EVC,2121
gene_5758,EVI2A|2123,EVI2A,2123
gene_5759,EVI2B|2124,EVI2B,2124
gene_5760,EVI5L|115704,EVI5L,115704
gene_5761,EVI5|7813,EVI5,7813
gene_5762,EVL|51466,EVL,51466
gene_5763,EVPLL|645027,EVPLL,645027
gene_5764,EVPL|2125,EVPL,2125
gene_5765,EVX1|2128,EVX1,2128
gene_5766,EVX2|344191,EVX2,344191
gene_5767,EWSR1|2130,EWSR1,2130
gene_5768,EXD1|161829,EXD1,161829
gene_5769,EXD2|55218,EXD2,55218
gene_5770,EXD3|54932,EXD3,54932
gene_5771,EXO1|9156,EXO1,9156
gene_5772,EXOC1|55763,EXOC1,55763
gene_5773,EXOC2|55770,EXOC2,55770
gene_5774,EXOC3L2|90332,EXOC3L2,90332
gene_5775,EXOC3L|283849,EXOC3L,283849
gene_5776,EXOC3|11336,EXOC3,11336
gene_5777,EXOC4|60412,EXOC4,60412
gene_5778,EXOC5|10640,EXOC5,10640
gene_5779,EXOC6B|23233,EXOC6B,23233
gene_5780,EXOC6|54536,EXOC6,54536
gene_5781,EXOC7|23265,EXOC7,23265
gene_5782,EXOC8|149371,EXOC8,149371
gene_5783,EXOG|9941,EXOG,9941
gene_5784,EXOSC10|5394,EXOSC10,5394
gene_5785,EXOSC1|51013,EXOSC1,51013
gene_5786,EXOSC2|23404,EXOSC2,23404
gene_5787,EXOSC3|51010,EXOSC3,51010
gene_5788,EXOSC4|54512,EXOSC4,54512
gene_5789,EXOSC5|56915,EXOSC5,56915
gene_5790,EXOSC6|118460,EXOSC6,118460
gene_5791,EXOSC7|23016,EXOSC7,23016
gene_5792,EXOSC8|11340,EXOSC8,11340
gene_5793,EXOSC9|5393,EXOSC9,5393
gene_5794,EXPH5|23086,EXPH5,23086
gene_5795,EXT1|2131,EXT1,2131
gene_5796,EXT2|2132,EXT2,2132
gene_5797,EXTL1|2134,EXTL1,2134
gene_5798,EXTL2|2135,EXTL2,2135
gene_5799,EXTL3|2137,EXTL3,2137
gene_5800,EYA1|2138,EYA1,2138
gene_5801,EYA2|2139,EYA2,2139
gene_5802,EYA3|2140,EYA3,2140
gene_5803,EYA4|2070,EYA4,2070
gene_5804,EYS|346007,EYS,346007
gene_5805,EZH1|2145,EZH1,2145
gene_5806,EZH2|2146,EZH2,2146
gene_5807,EZR|7430,EZR,7430
gene_5808,F10|2159,F10,2159
gene_5809,F11R|50848,F11R,50848
gene_5810,F11|2160,F11,2160
gene_5811,F12|2161,F12,2161
gene_5812,F13A1|2162,F13A1,2162
gene_5813,F13B|2165,F13B,2165
gene_5814,F2RL1|2150,F2RL1,2150
gene_5815,F2RL2|2151,F2RL2,2151
gene_5816,F2RL3|9002,F2RL3,9002
gene_5817,F2R|2149,F2R,2149
gene_5818,F2|2147,F2,2147
gene_5819,F3|2152,F3,2152
gene_5820,F5|2153,F5,2153
gene_5821,F7|2155,F7,2155
gene_5822,F8A1|8263,F8A1,8263
gene_5823,F8|2157,F8,2157
gene_5824,F9|2158,F9,2158
gene_5825,FA2H|79152,FA2H,79152
gene_5826,FAAH2|158584,FAAH2,158584
gene_5827,FAAH|2166,FAAH,2166
gene_5828,FABP12|646486,FABP12,646486
gene_5829,FABP1|2168,FABP1,2168
gene_5830,FABP2|2169,FABP2,2169
gene_5831,FABP3|2170,FABP3,2170
gene_5832,FABP4|2167,FABP4,2167
gene_5833,FABP5L3|220832,FABP5L3,220832
gene_5834,FABP5|2171,FABP5,2171
gene_5835,FABP6|2172,FABP6,2172
gene_5836,FABP7|2173,FABP7,2173
gene_5837,FABP9|646480,FABP9,646480
gene_5838,FADD|8772,FADD,8772
gene_5839,FADS1|3992,FADS1,3992
gene_5840,FADS2|9415,FADS2,9415
gene_5841,FADS3|3995,FADS3,3995
gene_5842,FADS6|283985,FADS6,283985
gene_5843,FAF1|11124,FAF1,11124
gene_5844,FAF2|23197,FAF2,23197
gene_5845,FAHD1|81889,FAHD1,81889
gene_5846,FAHD2A|51011,FAHD2A,51011
gene_5847,FAHD2B|151313,FAHD2B,151313
gene_5848,FAH|2184,FAH,2184
gene_5849,FAIM2|23017,FAIM2,23017
gene_5850,FAIM3|9214,FAIM3,9214
gene_5851,FAIM|55179,FAIM,55179
gene_5852,FAM100A|124402,FAM100A,124402
gene_5853,FAM100B|283991,FAM100B,283991
gene_5854,FAM101A|144347,FAM101A,144347
gene_5855,FAM101B|359845,FAM101B,359845
gene_5856,FAM102A|399665,FAM102A,399665
gene_5857,FAM102B|284611,FAM102B,284611
gene_5858,FAM103A1|83640,FAM103A1,83640
gene_5859,FAM104A|84923,FAM104A,84923
gene_5860,FAM104B|90736,FAM104B,90736
gene_5861,FAM105A|54491,FAM105A,54491
gene_5862,FAM105B|90268,FAM105B,90268
gene_5863,FAM106A|80039,FAM106A,80039
gene_5864,FAM106C|100129396,FAM106C,100129396
gene_5865,FAM107A|11170,FAM107A,11170
gene_5866,FAM107B|83641,FAM107B,83641
gene_5867,FAM108A1|81926,FAM108A1,81926
gene_5868,FAM108B1|51104,FAM108B1,51104
gene_5869,FAM108C1|58489,FAM108C1,58489
gene_5870,FAM109A|144717,FAM109A,144717
gene_5871,FAM109B|150368,FAM109B,150368
gene_5872,FAM10A4|145165,FAM10A4,145165
gene_5873,FAM110A|83541,FAM110A,83541
gene_5874,FAM110B|90362,FAM110B,90362
gene_5875,FAM110C|642273,FAM110C,642273
gene_5876,FAM111A|63901,FAM111A,63901
gene_5877,FAM111B|374393,FAM111B,374393
gene_5878,FAM113A|64773,FAM113A,64773
gene_5879,FAM113B|91523,FAM113B,91523
gene_5880,FAM114A1|92689,FAM114A1,92689
gene_5881,FAM114A2|10827,FAM114A2,10827
gene_5882,FAM115A|9747,FAM115A,9747
gene_5883,FAM115C|285966,FAM115C,285966
gene_5884,FAM116A|201627,FAM116A,201627
gene_5885,FAM116B|414918,FAM116B,414918
gene_5886,FAM117A|81558,FAM117A,81558
gene_5887,FAM117B|150864,FAM117B,150864
gene_5888,FAM118A|55007,FAM118A,55007
gene_5889,FAM118B|79607,FAM118B,79607
gene_5890,FAM119A|151194,FAM119A,151194
gene_5891,FAM119B|25895,FAM119B,25895
gene_5892,FAM120AOS|158293,FAM120AOS,158293
gene_5893,FAM120A|23196,FAM120A,23196
gene_5894,FAM120B|84498,FAM120B,84498
gene_5895,FAM120C|54954,FAM120C,54954
gene_5896,FAM122A|116224,FAM122A,116224
gene_5897,FAM122B|159090,FAM122B,159090
gene_5898,FAM122C|159091,FAM122C,159091
gene_5899,FAM123A|219287,FAM123A,219287
gene_5900,FAM123B|139285,FAM123B,139285
gene_5901,FAM123C|205147,FAM123C,205147
gene_5902,FAM124A|220108,FAM124A,220108
gene_5903,FAM124B|79843,FAM124B,79843
gene_5904,FAM125A|93343,FAM125A,93343
gene_5905,FAM125B|89853,FAM125B,89853
gene_5906,FAM126A|84668,FAM126A,84668
gene_5907,FAM126B|285172,FAM126B,285172
gene_5908,FAM127A|8933,FAM127A,8933
gene_5909,FAM127B|26071,FAM127B,26071
gene_5910,FAM127C|441518,FAM127C,441518
gene_5911,FAM128A|653784,FAM128A,653784
gene_5912,FAM128B|80097,FAM128B,80097
gene_5913,FAM129A|116496,FAM129A,116496
gene_5914,FAM129B|64855,FAM129B,64855
gene_5915,FAM129C|199786,FAM129C,199786
gene_5916,FAM131A|131408,FAM131A,131408
gene_5917,FAM131B|9715,FAM131B,9715
gene_5918,FAM131C|348487,FAM131C,348487
gene_5919,FAM132A|388581,FAM132A,388581
gene_5920,FAM133A|286499,FAM133A,286499
gene_5921,FAM133B|257415,FAM133B,257415
gene_5922,FAM134A|79137,FAM134A,79137
gene_5923,FAM134B|54463,FAM134B,54463
gene_5924,FAM134C|162427,FAM134C,162427
gene_5925,FAM135A|57579,FAM135A,57579
gene_5926,FAM135B|51059,FAM135B,51059
gene_5927,FAM136A|84908,FAM136A,84908
gene_5928,FAM136B|387071,FAM136B,387071
gene_5929,FAM138B|654412,FAM138B,654412
gene_5930,FAM138D|677784,FAM138D,677784
gene_5931,FAM138E|100124412,FAM138E,100124412
gene_5932,FAM138F|641702,FAM138F,641702
gene_5933,FAM13AOS|285512,FAM13AOS,285512
gene_5934,FAM13A|10144,FAM13A,10144
gene_5935,FAM13B|51306,FAM13B,51306
gene_5936,FAM13C|220965,FAM13C,220965
gene_5937,FAM149A|25854,FAM149A,25854
gene_5938,FAM149B1|317662,FAM149B1,317662
gene_5939,FAM150A|389658,FAM150A,389658
gene_5940,FAM150B|285016,FAM150B,285016
gene_5941,FAM151A|338094,FAM151A,338094
gene_5942,FAM151B|167555,FAM151B,167555
gene_5943,FAM153A|285596,FAM153A,285596
gene_5944,FAM153B|202134,FAM153B,202134
gene_5945,FAM153C|653316,FAM153C,653316
gene_5946,FAM154A|158297,FAM154A,158297
gene_5947,FAM154B|283726,FAM154B,283726
gene_5948,FAM155A|728215,FAM155A,728215
gene_5949,FAM155B|27112,FAM155B,27112
gene_5950,FAM156A|29057,FAM156A,29057
gene_5951,FAM157A|728262,FAM157A,728262
gene_5952,FAM157B|100132403,FAM157B,100132403
gene_5953,FAM158A|51016,FAM158A,51016
gene_5954,FAM159A|348378,FAM159A,348378
gene_5955,FAM160A1|729830,FAM160A1,729830
gene_5956,FAM160A2|84067,FAM160A2,84067
gene_5957,FAM160B1|57700,FAM160B1,57700
gene_5958,FAM160B2|64760,FAM160B2,64760
gene_5959,FAM161A|84140,FAM161A,84140
gene_5960,FAM161B|145483,FAM161B,145483
gene_5961,FAM162A|26355,FAM162A,26355
gene_5962,FAM162B|221303,FAM162B,221303
gene_5963,FAM163A|148753,FAM163A,148753
gene_5964,FAM163B|642968,FAM163B,642968
gene_5965,FAM164A|51101,FAM164A,51101
gene_5966,FAM164C|79696,FAM164C,79696
gene_5967,FAM165B|54065,FAM165B,54065
gene_5968,FAM166A|401565,FAM166A,401565
gene_5969,FAM166B|730112,FAM166B,730112
gene_5970,FAM167A|83648,FAM167A,83648
gene_5971,FAM167B|84734,FAM167B,84734
gene_5972,FAM168A|23201,FAM168A,23201
gene_5973,FAM168B|130074,FAM168B,130074
gene_5974,FAM169A|26049,FAM169A,26049
gene_5975,FAM169B|283777,FAM169B,283777
gene_5976,FAM170A|340069,FAM170A,340069
gene_5977,FAM170B|170370,FAM170B,170370
gene_5978,FAM171A1|221061,FAM171A1,221061
gene_5979,FAM171A2|284069,FAM171A2,284069
gene_5980,FAM171B|165215,FAM171B,165215
gene_5981,FAM172A|83989,FAM172A,83989
gene_5982,FAM173A|65990,FAM173A,65990
gene_5983,FAM173B|134145,FAM173B,134145
gene_5984,FAM174A|345757,FAM174A,345757
gene_5985,FAM174B|400451,FAM174B,400451
gene_5986,FAM175A|84142,FAM175A,84142
gene_5987,FAM175B|23172,FAM175B,23172
gene_5988,FAM176A|84141,FAM176A,84141
gene_5989,FAM176B|55194,FAM176B,55194
gene_5990,FAM177A1|283635,FAM177A1,283635
gene_5991,FAM177B|400823,FAM177B,400823
gene_5992,FAM178A|55719,FAM178A,55719
gene_5993,FAM178B|51252,FAM178B,51252
gene_5994,FAM179A|165186,FAM179A,165186
gene_5995,FAM179B|23116,FAM179B,23116
gene_5996,FAM180A|389558,FAM180A,389558
gene_5997,FAM180B|399888,FAM180B,399888
gene_5998,FAM181A|90050,FAM181A,90050
gene_5999,FAM181B|220382,FAM181B,220382
gene_6000,FAM182A|284800,FAM182A,284800
gene_6001,FAM182B|728882,FAM182B,728882
gene_6002,FAM183A|440585,FAM183A,440585
gene_6003,FAM183B|340286,FAM183B,340286
gene_6004,FAM184A|79632,FAM184A,79632
gene_6005,FAM184B|27146,FAM184B,27146
gene_6006,FAM185A|222234,FAM185A,222234
gene_6007,FAM186A|121006,FAM186A,121006
gene_6008,FAM186B|84070,FAM186B,84070
gene_6009,FAM187B|148109,FAM187B,148109
gene_6010,FAM188A|80013,FAM188A,80013
gene_6011,FAM188B|84182,FAM188B,84182
gene_6012,FAM189A1|23359,FAM189A1,23359
gene_6013,FAM189A2|9413,FAM189A2,9413
gene_6014,FAM189B|10712,FAM189B,10712
gene_6015,FAM18A|780776,FAM18A,780776
gene_6016,FAM18B2|201158,FAM18B2,201158
gene_6017,FAM18B|51030,FAM18B,51030
gene_6018,FAM190A|401145,FAM190A,401145
gene_6019,FAM190B|54462,FAM190B,54462
gene_6020,FAM192A|80011,FAM192A,80011
gene_6021,FAM193A|8603,FAM193A,8603
gene_6022,FAM193B|54540,FAM193B,54540
gene_6023,FAM194A|131831,FAM194A,131831
gene_6024,FAM194B|220081,FAM194B,220081
gene_6025,FAM195A|84331,FAM195A,84331
gene_6026,FAM195B|348262,FAM195B,348262
gene_6027,FAM196A|642938,FAM196A,642938
gene_6028,FAM196B|100131897,FAM196B,100131897
gene_6029,FAM197Y2|252946,FAM197Y2,252946
gene_6030,FAM198A|729085,FAM198A,729085
gene_6031,FAM198B|51313,FAM198B,51313
gene_6032,FAM199X|139231,FAM199X,139231
gene_6033,FAM19A1|407738,FAM19A1,407738
gene_6034,FAM19A2|338811,FAM19A2,338811
gene_6035,FAM19A3|284467,FAM19A3,284467
gene_6036,FAM19A4|151647,FAM19A4,151647
gene_6037,FAM19A5|25817,FAM19A5,25817
gene_6038,FAM200A|221786,FAM200A,221786
gene_6039,FAM200B|285550,FAM200B,285550
gene_6040,FAM20A|54757,FAM20A,54757
gene_6041,FAM20B|9917,FAM20B,9917
gene_6042,FAM20C|56975,FAM20C,56975
gene_6043,FAM21A|387680,FAM21A,387680
gene_6044,FAM21B|55747,FAM21B,55747
gene_6045,FAM21C|253725,FAM21C,253725
gene_6046,FAM22A|728118,FAM22A,728118
gene_6047,FAM22D|728130,FAM22D,728130
gene_6048,FAM22F|54754,FAM22F,54754
gene_6049,FAM22G|441457,FAM22G,441457
gene_6050,FAM23A|653567,FAM23A,653567
gene_6051,FAM24A|118670,FAM24A,118670
gene_6052,FAM24B|196792,FAM24B,196792
gene_6053,FAM25A|643161,FAM25A,643161
gene_6054,FAM25B|100132929,FAM25B,100132929
gene_6055,FAM26D|221301,FAM26D,221301
gene_6056,FAM26E|254228,FAM26E,254228
gene_6057,FAM26F|441168,FAM26F,441168
gene_6058,FAM27A|548321,FAM27A,548321
gene_6059,FAM27B|100133121,FAM27B,100133121
gene_6060,FAM27C|100132948,FAM27C,100132948
gene_6061,FAM27L|284123,FAM27L,284123
gene_6062,FAM32A|26017,FAM32A,26017
gene_6063,FAM35A|54537,FAM35A,54537
gene_6064,FAM35B2|439965,FAM35B2,439965
gene_6065,FAM35B|414241,FAM35B,414241
gene_6066,FAM36A|116228,FAM36A,116228
gene_6067,FAM38A|9780,FAM38A,9780
gene_6068,FAM38B|63895,FAM38B,63895
gene_6069,FAM3A|60343,FAM3A,60343
gene_6070,FAM3B|54097,FAM3B,54097
gene_6071,FAM3C|10447,FAM3C,10447
gene_6072,FAM3D|131177,FAM3D,131177
gene_6073,FAM40A|85369,FAM40A,85369
gene_6074,FAM40B|57464,FAM40B,57464
gene_6075,FAM41AY1|340618,FAM41AY1,340618
gene_6076,FAM41C|284593,FAM41C,284593
gene_6077,FAM43A|131583,FAM43A,131583
gene_6078,FAM43B|163933,FAM43B,163933
gene_6079,FAM45A|404636,FAM45A,404636
gene_6080,FAM45B|55855,FAM45B,55855
gene_6081,FAM46A|55603,FAM46A,55603
gene_6082,FAM46B|115572,FAM46B,115572
gene_6083,FAM46C|54855,FAM46C,54855
gene_6084,FAM46D|169966,FAM46D,169966
gene_6085,FAM47A|158724,FAM47A,158724
gene_6086,FAM47B|170062,FAM47B,170062
gene_6087,FAM47C|442444,FAM47C,442444
gene_6088,FAM47E|100129583,FAM47E,100129583
gene_6089,FAM48A|55578,FAM48A,55578
gene_6090,FAM48B1|100130302,FAM48B1,100130302
gene_6091,FAM48B2|170067,FAM48B2,170067
gene_6092,FAM49A|81553,FAM49A,81553
gene_6093,FAM49B|51571,FAM49B,51571
gene_6094,FAM50A|9130,FAM50A,9130
gene_6095,FAM50B|26240,FAM50B,26240
gene_6096,FAM53A|152877,FAM53A,152877
gene_6097,FAM53B|9679,FAM53B,9679
gene_6098,FAM53C|51307,FAM53C,51307
gene_6099,FAM54A|113115,FAM54A,113115
gene_6100,FAM54B|56181,FAM54B,56181
gene_6101,FAM55A|120400,FAM55A,120400
gene_6102,FAM55B|120406,FAM55B,120406
gene_6103,FAM55C|91775,FAM55C,91775
gene_6104,FAM55D|54827,FAM55D,54827
gene_6105,FAM57A|79850,FAM57A,79850
gene_6106,FAM57B|83723,FAM57B,83723
gene_6107,FAM58A|92002,FAM58A,92002
gene_6108,FAM58B|339521,FAM58B,339521
gene_6109,FAM59A|64762,FAM59A,64762
gene_6110,FAM5B|57795,FAM5B,57795
gene_6111,FAM5C|339479,FAM5C,339479
gene_6112,FAM60A|58516,FAM60A,58516
gene_6113,FAM63A|55793,FAM63A,55793
gene_6114,FAM63B|54629,FAM63B,54629
gene_6115,FAM64A|54478,FAM64A,54478
gene_6116,FAM65A|79567,FAM65A,79567
gene_6117,FAM65B|9750,FAM65B,9750
gene_6118,FAM65C|140876,FAM65C,140876
gene_6119,FAM66A|100133172,FAM66A,100133172
gene_6120,FAM66C|440078,FAM66C,440078
gene_6121,FAM66D|100132923,FAM66D,100132923
gene_6122,FAM66E|100132103,FAM66E,100132103
gene_6123,FAM69A|388650,FAM69A,388650
gene_6124,FAM69B|138311,FAM69B,138311
gene_6125,FAM69C|125704,FAM69C,125704
gene_6126,FAM70A|55026,FAM70A,55026
gene_6127,FAM70B|348013,FAM70B,348013
gene_6128,FAM71A|149647,FAM71A,149647
gene_6129,FAM71B|153745,FAM71B,153745
gene_6130,FAM71C|196472,FAM71C,196472
gene_6131,FAM71D|161142,FAM71D,161142
gene_6132,FAM71E1|112703,FAM71E1,112703
gene_6133,FAM71E2|284418,FAM71E2,284418
gene_6134,FAM71F1|84691,FAM71F1,84691
gene_6135,FAM71F2|346653,FAM71F2,346653
gene_6136,FAM72A|729533,FAM72A,729533
gene_6137,FAM72B|653820,FAM72B,653820
gene_6138,FAM72D|728833,FAM72D,728833
gene_6139,FAM73A|374986,FAM73A,374986
gene_6140,FAM73B|84895,FAM73B,84895
gene_6141,FAM74A1|401507,FAM74A1,401507
gene_6142,FAM74A3|728495,FAM74A3,728495
gene_6143,FAM74A4|401508,FAM74A4,401508
gene_6144,FAM75A2|642265,FAM75A2,642265
gene_6145,FAM75A3|727830,FAM75A3,727830
gene_6146,FAM75A5|727905,FAM75A5,727905
gene_6147,FAM75A6|389730,FAM75A6,389730
gene_6148,FAM75C1|441452,FAM75C1,441452
gene_6149,FAM76A|199870,FAM76A,199870
gene_6150,FAM76B|143684,FAM76B,143684
gene_6151,FAM78A|286336,FAM78A,286336
gene_6152,FAM78B|149297,FAM78B,149297
gene_6153,FAM7A2|100288380,FAM7A2,100288380
gene_6154,FAM7A3|89837,FAM7A3,89837
gene_6155,FAM81A|145773,FAM81A,145773
gene_6156,FAM81B|153643,FAM81B,153643
gene_6157,FAM82A1|151393,FAM82A1,151393
gene_6158,FAM82A2|55177,FAM82A2,55177
gene_6159,FAM82B|51115,FAM82B,51115
gene_6160,FAM83A|84985,FAM83A,84985
gene_6161,FAM83B|222584,FAM83B,222584
gene_6162,FAM83C|128876,FAM83C,128876
gene_6163,FAM83D|81610,FAM83D,81610
gene_6164,FAM83E|54854,FAM83E,54854
gene_6165,FAM83F|113828,FAM83F,113828
gene_6166,FAM83G|644815,FAM83G,644815
gene_6167,FAM83H|286077,FAM83H,286077
gene_6168,FAM84A|151354,FAM84A,151354
gene_6169,FAM84B|157638,FAM84B,157638
gene_6170,FAM86A|196483,FAM86A,196483
gene_6171,FAM86B1|85002,FAM86B1,85002
gene_6172,FAM86B2|653333,FAM86B2,653333
gene_6173,FAM86C|55199,FAM86C,55199
gene_6174,FAM86D|692099,FAM86D,692099
gene_6175,FAM89A|375061,FAM89A,375061
gene_6176,FAM89B|23625,FAM89B,23625
gene_6177,FAM8A1|51439,FAM8A1,51439
gene_6178,FAM90A1|55138,FAM90A1,55138
gene_6179,FAM90A7|441317,FAM90A7,441317
gene_6180,FAM91A1|157769,FAM91A1,157769
gene_6181,FAM92A1|137392,FAM92A1,137392
gene_6182,FAM92A3|403315,FAM92A3,403315
gene_6183,FAM92B|339145,FAM92B,339145
gene_6184,FAM95B1|100133036,FAM95B1,100133036
gene_6185,FAM96A|84191,FAM96A,84191
gene_6186,FAM96B|51647,FAM96B,51647
gene_6187,FAM98A|25940,FAM98A,25940
gene_6188,FAM98B|283742,FAM98B,283742
gene_6189,FAM98C|147965,FAM98C,147965
gene_6190,FAM99A|387742,FAM99A,387742
gene_6191,FAM99B|100132464,FAM99B,100132464
gene_6192,FAM9A|171482,FAM9A,171482
gene_6193,FAM9B|171483,FAM9B,171483
gene_6194,FAM9C|171484,FAM9C,171484
gene_6195,FANCA|2175,FANCA,2175
gene_6196,FANCB|2187,FANCB,2187
gene_6197,FANCC|2176,FANCC,2176
gene_6198,FANCD2|2177,FANCD2,2177
gene_6199,FANCE|2178,FANCE,2178
gene_6200,FANCF|2188,FANCF,2188
gene_6201,FANCG|2189,FANCG,2189
gene_6202,FANCI|55215,FANCI,55215
gene_6203,FANCL|55120,FANCL,55120
gene_6204,FANCM|57697,FANCM,57697
gene_6205,FANK1|92565,FANK1,92565
gene_6206,FAP|2191,FAP,2191
gene_6207,FAR1|84188,FAR1,84188
gene_6208,FAR2|55711,FAR2,55711
gene_6209,FARP1|10160,FARP1,10160
gene_6210,FARP2|9855,FARP2,9855
gene_6211,FARS2|10667,FARS2,10667
gene_6212,FARSA|2193,FARSA,2193
gene_6213,FARSB|10056,FARSB,10056
gene_6214,FASLG|356,FASLG,356
gene_6215,FASN|2194,FASN,2194
gene_6216,FASTKD1|79675,FASTKD1,79675
gene_6217,FASTKD2|22868,FASTKD2,22868
gene_6218,FASTKD3|79072,FASTKD3,79072
gene_6219,FASTKD5|60493,FASTKD5,60493
gene_6220,FASTK|10922,FASTK,10922
gene_6221,FAS|355,FAS,355
gene_6222,FAT1|2195,FAT1,2195
gene_6223,FAT2|2196,FAT2,2196
gene_6224,FAT3|120114,FAT3,120114
gene_6225,FAT4|79633,FAT4,79633
gene_6226,FATE1|89885,FATE1,89885
gene_6227,FAU|2197,FAU,2197
gene_6228,FBF1|85302,FBF1,85302
gene_6229,FBLIM1|54751,FBLIM1,54751
gene_6230,FBLL1|345630,FBLL1,345630
gene_6231,FBLN1|2192,FBLN1,2192
gene_6232,FBLN2|2199,FBLN2,2199
gene_6233,FBLN5|10516,FBLN5,10516
gene_6234,FBLN7|129804,FBLN7,129804
gene_6235,FBL|2091,FBL,2091
gene_6236,FBN1|2200,FBN1,2200
gene_6237,FBN2|2201,FBN2,2201
gene_6238,FBN3|84467,FBN3,84467
gene_6239,FBP1|2203,FBP1,2203
gene_6240,FBP2|8789,FBP2,8789
gene_6241,FBRSL1|57666,FBRSL1,57666
gene_6242,FBRS|64319,FBRS,64319
gene_6243,FBXL12|54850,FBXL12,54850
gene_6244,FBXL13|222235,FBXL13,222235
gene_6245,FBXL14|144699,FBXL14,144699
gene_6246,FBXL15|79176,FBXL15,79176
gene_6247,FBXL16|146330,FBXL16,146330
gene_6248,FBXL17|64839,FBXL17,64839
gene_6249,FBXL18|80028,FBXL18,80028
gene_6250,FBXL19|54620,FBXL19,54620
gene_6251,FBXL20|84961,FBXL20,84961
gene_6252,FBXL21|26223,FBXL21,26223
gene_6253,FBXL22|283807,FBXL22,283807
gene_6254,FBXL2|25827,FBXL2,25827
gene_6255,FBXL3|26224,FBXL3,26224
gene_6256,FBXL4|26235,FBXL4,26235
gene_6257,FBXL5|26234,FBXL5,26234
gene_6258,FBXL6|26233,FBXL6,26233
gene_6259,FBXL7|23194,FBXL7,23194
gene_6260,FBXL8|55336,FBXL8,55336
gene_6261,FBXO10|26267,FBXO10,26267
gene_6262,FBXO11|80204,FBXO11,80204
gene_6263,FBXO15|201456,FBXO15,201456
gene_6264,FBXO16|157574,FBXO16,157574
gene_6265,FBXO17|115290,FBXO17,115290
gene_6266,FBXO18|84893,FBXO18,84893
gene_6267,FBXO21|23014,FBXO21,23014
gene_6268,FBXO22OS|692224,FBXO22OS,692224
gene_6269,FBXO22|26263,FBXO22,26263
gene_6270,FBXO24|26261,FBXO24,26261
gene_6271,FBXO25|26260,FBXO25,26260
gene_6272,FBXO27|126433,FBXO27,126433
gene_6273,FBXO28|23219,FBXO28,23219
gene_6274,FBXO2|26232,FBXO2,26232
gene_6275,FBXO30|84085,FBXO30,84085
gene_6276,FBXO31|79791,FBXO31,79791
gene_6277,FBXO32|114907,FBXO32,114907
gene_6278,FBXO33|254170,FBXO33,254170
gene_6279,FBXO34|55030,FBXO34,55030
gene_6280,FBXO36|130888,FBXO36,130888
gene_6281,FBXO38|81545,FBXO38,81545
gene_6282,FBXO39|162517,FBXO39,162517
gene_6283,FBXO3|26273,FBXO3,26273
gene_6284,FBXO40|51725,FBXO40,51725
gene_6285,FBXO41|150726,FBXO41,150726
gene_6286,FBXO42|54455,FBXO42,54455
gene_6287,FBXO43|286151,FBXO43,286151
gene_6288,FBXO44|93611,FBXO44,93611
gene_6289,FBXO45|200933,FBXO45,200933
gene_6290,FBXO46|23403,FBXO46,23403
gene_6291,FBXO47|494188,FBXO47,494188
gene_6292,FBXO48|554251,FBXO48,554251
gene_6293,FBXO4|26272,FBXO4,26272
gene_6294,FBXO5|26271,FBXO5,26271
gene_6295,FBXO6|26270,FBXO6,26270
gene_6296,FBXO7|25793,FBXO7,25793
gene_6297,FBXO8|26269,FBXO8,26269
gene_6298,FBXO9|26268,FBXO9,26268
gene_6299,FBXW10|10517,FBXW10,10517
gene_6300,FBXW11|23291,FBXW11,23291
gene_6301,FBXW12|285231,FBXW12,285231
gene_6302,FBXW2|26190,FBXW2,26190
gene_6303,FBXW4|6468,FBXW4,6468
gene_6304,FBXW5|54461,FBXW5,54461
gene_6305,FBXW7|55294,FBXW7,55294
gene_6306,FBXW8|26259,FBXW8,26259
gene_6307,FBXW9|84261,FBXW9,84261
gene_6308,FCAMR|83953,FCAMR,83953
gene_6309,FCAR|2204,FCAR,2204
gene_6310,FCER1A|2205,FCER1A,2205
gene_6311,FCER1G|2207,FCER1G,2207
gene_6312,FCER2|2208,FCER2,2208
gene_6313,FCF1|51077,FCF1,51077
gene_6314,FCGBP|8857,FCGBP,8857
gene_6315,FCGR1A|2209,FCGR1A,2209
gene_6316,FCGR1B|2210,FCGR1B,2210
gene_6317,FCGR1C|100132417,FCGR1C,100132417
gene_6318,FCGR2A|2212,FCGR2A,2212
gene_6319,FCGR2B|2213,FCGR2B,2213
gene_6320,FCGR2C|9103,FCGR2C,9103
gene_6321,FCGR3A|2214,FCGR3A,2214
gene_6322,FCGR3B|2215,FCGR3B,2215
gene_6323,FCGRT|2217,FCGRT,2217
gene_6324,FCHO1|23149,FCHO1,23149
gene_6325,FCHO2|115548,FCHO2,115548
gene_6326,FCHSD1|89848,FCHSD1,89848
gene_6327,FCHSD2|9873,FCHSD2,9873
gene_6328,FCN1|2219,FCN1,2219
gene_6329,FCN2|2220,FCN2,2220
gene_6330,FCN3|8547,FCN3,8547
gene_6331,FCRL1|115350,FCRL1,115350
gene_6332,FCRL2|79368,FCRL2,79368
gene_6333,FCRL3|115352,FCRL3,115352
gene_6334,FCRL4|83417,FCRL4,83417
gene_6335,FCRL5|83416,FCRL5,83416
gene_6336,FCRL6|343413,FCRL6,343413
gene_6337,FCRLA|84824,FCRLA,84824
gene_6338,FCRLB|127943,FCRLB,127943
gene_6339,FDFT1|2222,FDFT1,2222
gene_6340,FDPSL2A|619190,FDPSL2A,619190
gene_6341,FDPS|2224,FDPS,2224
gene_6342,FDX1L|112812,FDX1L,112812
gene_6343,FDX1|2230,FDX1,2230
gene_6344,FDXACB1|91893,FDXACB1,91893
gene_6345,FDXR|2232,FDXR,2232
gene_6346,FECH|2235,FECH,2235
gene_6347,FEM1A|55527,FEM1A,55527
gene_6348,FEM1B|10116,FEM1B,10116
gene_6349,FEM1C|56929,FEM1C,56929
gene_6350,FEN1|2237,FEN1,2237
gene_6351,FER1L4|80307,FER1L4,80307
gene_6352,FER1L5|90342,FER1L5,90342
gene_6353,FER1L6|654463,FER1L6,654463
gene_6354,FERD3L|222894,FERD3L,222894
gene_6355,FERMT1|55612,FERMT1,55612
gene_6356,FERMT2|10979,FERMT2,10979
gene_6357,FERMT3|83706,FERMT3,83706
gene_6358,FER|2241,FER,2241
gene_6359,FES|2242,FES,2242
gene_6360,FETUB|26998,FETUB,26998
gene_6361,FEV|54738,FEV,54738
gene_6362,FEZ1|9638,FEZ1,9638
gene_6363,FEZ2|9637,FEZ2,9637
gene_6364,FEZF1|389549,FEZF1,389549
gene_6365,FEZF2|55079,FEZF2,55079
gene_6366,FFAR1|2864,FFAR1,2864
gene_6367,FFAR2|2867,FFAR2,2867
gene_6368,FFAR3|2865,FFAR3,2865
gene_6369,FGA|2243,FGA,2243
gene_6370,FGB|2244,FGB,2244
gene_6371,FGD1|2245,FGD1,2245
gene_6372,FGD2|221472,FGD2,221472
gene_6373,FGD3|89846,FGD3,89846
gene_6374,FGD4|121512,FGD4,121512
gene_6375,FGD5|152273,FGD5,152273
gene_6376,FGD6|55785,FGD6,55785
gene_6377,FGF10|2255,FGF10,2255
gene_6378,FGF11|2256,FGF11,2256
gene_6379,FGF12|2257,FGF12,2257
gene_6380,FGF13|2258,FGF13,2258
gene_6381,FGF14|2259,FGF14,2259
gene_6382,FGF16|8823,FGF16,8823
gene_6383,FGF17|8822,FGF17,8822
gene_6384,FGF18|8817,FGF18,8817
gene_6385,FGF19|9965,FGF19,9965
gene_6386,FGF1|2246,FGF1,2246
gene_6387,FGF20|26281,FGF20,26281
gene_6388,FGF21|26291,FGF21,26291
gene_6389,FGF22|27006,FGF22,27006
gene_6390,FGF23|8074,FGF23,8074
gene_6391,FGF2|2247,FGF2,2247
gene_6392,FGF3|2248,FGF3,2248
gene_6393,FGF4|2249,FGF4,2249
gene_6394,FGF5|2250,FGF5,2250
gene_6395,FGF6|2251,FGF6,2251
gene_6396,FGF7|2252,FGF7,2252
gene_6397,FGF8|2253,FGF8,2253
gene_6398,FGF9|2254,FGF9,2254
gene_6399,FGFBP1|9982,FGFBP1,9982
gene_6400,FGFBP2|83888,FGFBP2,83888
gene_6401,FGFBP3|143282,FGFBP3,143282
gene_6402,FGFR1OP2|26127,FGFR1OP2,26127
gene_6403,FGFR1OP|11116,FGFR1OP,11116
gene_6404,FGFR1|2260,FGFR1,2260
gene_6405,FGFR2|2263,FGFR2,2263
gene_6406,FGFR3|2261,FGFR3,2261
gene_6407,FGFR4|2264,FGFR4,2264
gene_6408,FGFRL1|53834,FGFRL1,53834
gene_6409,FGGY|55277,FGGY,55277
gene_6410,FGG|2266,FGG,2266
gene_6411,FGL1|2267,FGL1,2267
gene_6412,FGL2|10875,FGL2,10875
gene_6413,FGR|2268,FGR,2268
gene_6414,FHAD1|114827,FHAD1,114827
gene_6415,FHDC1|85462,FHDC1,85462
gene_6416,FHIT|2272,FHIT,2272
gene_6417,FHL1|2273,FHL1,2273
gene_6418,FHL2|2274,FHL2,2274
gene_6419,FHL3|2275,FHL3,2275
gene_6420,FHL5|9457,FHL5,9457
gene_6421,FHOD1|29109,FHOD1,29109
gene_6422,FHOD3|80206,FHOD3,80206
gene_6423,FH|2271,FH,2271
gene_6424,FIBCD1|84929,FIBCD1,84929
gene_6425,FIBIN|387758,FIBIN,387758
gene_6426,FIBP|9158,FIBP,9158
gene_6427,FICD|11153,FICD,11153
gene_6428,FIG4|9896,FIG4,9896
gene_6429,FIGF|2277,FIGF,2277
gene_6430,FIGLA|344018,FIGLA,344018
gene_6431,FIGNL1|63979,FIGNL1,63979
gene_6432,FIGNL2|401720,FIGNL2,401720
gene_6433,FIGN|55137,FIGN,55137
gene_6434,FILIP1L|11259,FILIP1L,11259
gene_6435,FILIP1|27145,FILIP1,27145
gene_6436,FIP1L1|81608,FIP1L1,81608
gene_6437,FIS1|51024,FIS1,51024
gene_6438,FITM1|161247,FITM1,161247
gene_6439,FITM2|128486,FITM2,128486
gene_6440,FIZ1|84922,FIZ1,84922
gene_6441,FJX1|24147,FJX1,24147
gene_6442,FKBP10|60681,FKBP10,60681
gene_6443,FKBP11|51303,FKBP11,51303
gene_6444,FKBP14|55033,FKBP14,55033
gene_6445,FKBP15|23307,FKBP15,23307
gene_6446,FKBP1AP1|2282,FKBP1AP1,2282
gene_6447,FKBP1A|2280,FKBP1A,2280
gene_6448,FKBP1B|2281,FKBP1B,2281
gene_6449,FKBP2|2286,FKBP2,2286
gene_6450,FKBP3|2287,FKBP3,2287
gene_6451,FKBP4|2288,FKBP4,2288
gene_6452,FKBP5|2289,FKBP5,2289
gene_6453,FKBP6|8468,FKBP6,8468
gene_6454,FKBP7|51661,FKBP7,51661
gene_6455,FKBP8|23770,FKBP8,23770
gene_6456,FKBP9L|360132,FKBP9L,360132
gene_6457,FKBP9|11328,FKBP9,11328
gene_6458,FKBPL|63943,FKBPL,63943
gene_6459,FKRP|79147,FKRP,79147
gene_6460,FKSG29|100131561,FKSG29,100131561
gene_6461,FKSG73|440888,FKSG73,440888
gene_6462,FKSG83|83954,FKSG83,83954
gene_6463,FKTN|2218,FKTN,2218
gene_6464,FLAD1|80308,FLAD1,80308
gene_6465,FLCN|201163,FLCN,201163
gene_6466,FLG2|388698,FLG2,388698
gene_6467,FLG|2312,FLG,2312
gene_6468,FLI1|2313,FLI1,2313
gene_6469,FLII|2314,FLII,2314
gene_6470,FLJ10038|55056,FLJ10038,55056
gene_6471,FLJ10213|55096,FLJ10213,55096
gene_6472,FLJ10357|55701,FLJ10357,55701
gene_6473,FLJ10661|286042,FLJ10661,286042
gene_6474,FLJ11235|54508,FLJ11235,54508
gene_6475,FLJ12825|440101,FLJ12825,440101
gene_6476,FLJ13197|79667,FLJ13197,79667
gene_6477,FLJ13224|79857,FLJ13224,79857
gene_6478,FLJ14107|80094,FLJ14107,80094
gene_6479,FLJ16779|100192386,FLJ16779,100192386
gene_6480,FLJ22536|401237,FLJ22536,401237
gene_6481,FLJ23867|200058,FLJ23867,200058
gene_6482,FLJ25328|148231,FLJ25328,148231
gene_6483,FLJ25363|401082,FLJ25363,401082
gene_6484,FLJ25758|497049,FLJ25758,497049
gene_6485,FLJ26850|400710,FLJ26850,400710
gene_6486,FLJ30679|146512,FLJ30679,146512
gene_6487,FLJ32063|150538,FLJ32063,150538
gene_6488,FLJ33360|401172,FLJ33360,401172
gene_6489,FLJ33630|644873,FLJ33630,644873
gene_6490,FLJ34503|285759,FLJ34503,285759
gene_6491,FLJ35024|401491,FLJ35024,401491
gene_6492,FLJ35220|284131,FLJ35220,284131
gene_6493,FLJ35390|255031,FLJ35390,255031
gene_6494,FLJ35776|649446,FLJ35776,649446
gene_6495,FLJ36000|284124,FLJ36000,284124
gene_6496,FLJ36031|168455,FLJ36031,168455
gene_6497,FLJ36777|730971,FLJ36777,730971
gene_6498,FLJ37201|283011,FLJ37201,283011
gene_6499,FLJ37307|283521,FLJ37307,283521
gene_6500,FLJ37453|729614,FLJ37453,729614
gene_6501,FLJ37543|285668,FLJ37543,285668
gene_6502,FLJ39582|439931,FLJ39582,439931
gene_6503,FLJ39609|100130417,FLJ39609,100130417
gene_6504,FLJ39653|202020,FLJ39653,202020
gene_6505,FLJ39739|388685,FLJ39739,388685
gene_6506,FLJ40292|643210,FLJ40292,643210
gene_6507,FLJ40330|645784,FLJ40330,645784
gene_6508,FLJ40434|163742,FLJ40434,163742
gene_6509,FLJ40504|284085,FLJ40504,284085
gene_6510,FLJ40852|285962,FLJ40852,285962
gene_6511,FLJ41941|100192420,FLJ41941,100192420
gene_6512,FLJ42289|388182,FLJ42289,388182
gene_6513,FLJ42393|401105,FLJ42393,401105
gene_6514,FLJ42627|645644,FLJ42627,645644
gene_6515,FLJ42709|441094,FLJ42709,441094
gene_6516,FLJ42875|440556,FLJ42875,440556
gene_6517,FLJ43390|646113,FLJ43390,646113
gene_6518,FLJ43663|378805,FLJ43663,378805
gene_6519,FLJ43859|389761,FLJ43859,389761
gene_6520,FLJ43860|389690,FLJ43860,389690
gene_6521,FLJ43950|347127,FLJ43950,347127
gene_6522,FLJ44054|643365,FLJ44054,643365
gene_6523,FLJ44082|389762,FLJ44082,389762
gene_6524,FLJ44606|401207,FLJ44606,401207
gene_6525,FLJ44635|392490,FLJ44635,392490
gene_6526,FLJ45079|400624,FLJ45079,400624
gene_6527,FLJ45244|400242,FLJ45244,400242
gene_6528,FLJ45340|402483,FLJ45340,402483
gene_6529,FLJ45445|399844,FLJ45445,399844
gene_6530,FLJ45983|399717,FLJ45983,399717
gene_6531,FLJ46111|283102,FLJ46111,283102
gene_6532,FLJ46321|389763,FLJ46321,389763
gene_6533,FLJ46361|375940,FLJ46361,375940
gene_6534,FLJ90757|440465,FLJ90757,440465
gene_6535,FLNA|2316,FLNA,2316
gene_6536,FLNB|2317,FLNB,2317
gene_6537,FLNC|2318,FLNC,2318
gene_6538,FLOT1|10211,FLOT1,10211
gene_6539,FLOT2|2319,FLOT2,2319
gene_6540,FLRT1|23769,FLRT1,23769
gene_6541,FLRT2|23768,FLRT2,23768
gene_6542,FLRT3|23767,FLRT3,23767
gene_6543,FLT1|2321,FLT1,2321
gene_6544,FLT3LG|2323,FLT3LG,2323
gene_6545,FLT3|2322,FLT3,2322
gene_6546,FLT4|2324,FLT4,2324
gene_6547,FLVCR1|28982,FLVCR1,28982
gene_6548,FLVCR2|55640,FLVCR2,55640
gene_6549,FLYWCH1|84256,FLYWCH1,84256
gene_6550,FLYWCH2|114984,FLYWCH2,114984
gene_6551,FMN1|342184,FMN1,342184
gene_6552,FMN2|56776,FMN2,56776
gene_6553,FMNL1|752,FMNL1,752
gene_6554,FMNL2|114793,FMNL2,114793
gene_6555,FMNL3|91010,FMNL3,91010
gene_6556,FMO1|2326,FMO1,2326
gene_6557,FMO2|2327,FMO2,2327
gene_6558,FMO3|2328,FMO3,2328
gene_6559,FMO4|2329,FMO4,2329
gene_6560,FMO5|2330,FMO5,2330
gene_6561,FMO6P|388714,FMO6P,388714
gene_6562,FMO9P|116123,FMO9P,116123
gene_6563,FMOD|2331,FMOD,2331
gene_6564,FMR1NB|158521,FMR1NB,158521
gene_6565,FMR1|2332,FMR1,2332
gene_6566,FN1|2335,FN1,2335
gene_6567,FN3KRP|79672,FN3KRP,79672
gene_6568,FN3K|64122,FN3K,64122
gene_6569,FNBP1L|54874,FNBP1L,54874
gene_6570,FNBP1|23048,FNBP1,23048
gene_6571,FNBP4|23360,FNBP4,23360
gene_6572,FNDC1|84624,FNDC1,84624
gene_6573,FNDC3A|22862,FNDC3A,22862
gene_6574,FNDC3B|64778,FNDC3B,64778
gene_6575,FNDC4|64838,FNDC4,64838
gene_6576,FNDC5|252995,FNDC5,252995
gene_6577,FNDC7|163479,FNDC7,163479
gene_6578,FNDC8|54752,FNDC8,54752
gene_6579,FNIP1|96459,FNIP1,96459
gene_6580,FNIP2|57600,FNIP2,57600
gene_6581,FNTA|2339,FNTA,2339
gene_6582,FNTB|2342,FNTB,2342
gene_6583,FOLH1B|219595,FOLH1B,219595
gene_6584,FOLH1|2346,FOLH1,2346
gene_6585,FOLR1|2348,FOLR1,2348
gene_6586,FOLR2|2350,FOLR2,2350
gene_6587,FOLR3|2352,FOLR3,2352
gene_6588,FOLR4|390243,FOLR4,390243
gene_6589,FOSB|2354,FOSB,2354
gene_6590,FOSL1|8061,FOSL1,8061
gene_6591,FOSL2|2355,FOSL2,2355
gene_6592,FOS|2353,FOS,2353
gene_6593,FOXA1|3169,FOXA1,3169
gene_6594,FOXA2|3170,FOXA2,3170
gene_6595,FOXA3|3171,FOXA3,3171
gene_6596,FOXB1|27023,FOXB1,27023
gene_6597,FOXB2|442425,FOXB2,442425
gene_6598,FOXC1|2296,FOXC1,2296
gene_6599,FOXC2|2303,FOXC2,2303
gene_6600,FOXD1|2297,FOXD1,2297
gene_6601,FOXD2|2306,FOXD2,2306
gene_6602,FOXD3|27022,FOXD3,27022
gene_6603,FOXD4L1|200350,FOXD4L1,200350
gene_6604,FOXD4L2|100036519,FOXD4L2,100036519
gene_6605,FOXD4L3|286380,FOXD4L3,286380
gene_6606,FOXD4L5|653427,FOXD4L5,653427
gene_6607,FOXD4L6|653404,FOXD4L6,653404
gene_6608,FOXD4|2298,FOXD4,2298
gene_6609,FOXE1|2304,FOXE1,2304
gene_6610,FOXE3|2301,FOXE3,2301
gene_6611,FOXF1|2294,FOXF1,2294
gene_6612,FOXF2|2295,FOXF2,2295
gene_6613,FOXG1|2290,FOXG1,2290
gene_6614,FOXH1|8928,FOXH1,8928
gene_6615,FOXI1|2299,FOXI1,2299
gene_6616,FOXI2|399823,FOXI2,399823
gene_6617,FOXI3|344167,FOXI3,344167
gene_6618,FOXJ1|2302,FOXJ1,2302
gene_6619,FOXJ2|55810,FOXJ2,55810
gene_6620,FOXJ3|22887,FOXJ3,22887
gene_6621,FOXK1|221937,FOXK1,221937
gene_6622,FOXK2|3607,FOXK2,3607
gene_6623,FOXL1|2300,FOXL1,2300
gene_6624,FOXL2|668,FOXL2,668
gene_6625,FOXM1|2305,FOXM1,2305
gene_6626,FOXN1|8456,FOXN1,8456
gene_6627,FOXN2|3344,FOXN2,3344
gene_6628,FOXN3|1112,FOXN3,1112
gene_6629,FOXN4|121643,FOXN4,121643
gene_6630,FOXO1|2308,FOXO1,2308
gene_6631,FOXO3B|2310,FOXO3B,2310
gene_6632,FOXO3|2309,FOXO3,2309
gene_6633,FOXO4|4303,FOXO4,4303
gene_6634,FOXP1|27086,FOXP1,27086
gene_6635,FOXP2|93986,FOXP2,93986
gene_6636,FOXP3|50943,FOXP3,50943
gene_6637,FOXP4|116113,FOXP4,116113
gene_6638,FOXQ1|94234,FOXQ1,94234
gene_6639,FOXR1|283150,FOXR1,283150
gene_6640,FOXR2|139628,FOXR2,139628
gene_6641,FOXRED1|55572,FOXRED1,55572
gene_6642,FOXRED2|80020,FOXRED2,80020
gene_6643,FOXS1|2307,FOXS1,2307
gene_6644,FPGS|2356,FPGS,2356
gene_6645,FPGT|8790,FPGT,8790
gene_6646,FPR1|2357,FPR1,2357
gene_6647,FPR2|2358,FPR2,2358
gene_6648,FPR3|2359,FPR3,2359
gene_6649,FRAS1|80144,FRAS1,80144
gene_6650,FRAT1|10023,FRAT1,10023
gene_6651,FRAT2|23401,FRAT2,23401
gene_6652,FREM1|158326,FREM1,158326
gene_6653,FREM2|341640,FREM2,341640
gene_6654,FRG1B|284802,FRG1B,284802
gene_6655,FRG1|2483,FRG1,2483
gene_6656,FRG2B|441581,FRG2B,441581
gene_6657,FRG2C|100288801,FRG2C,100288801
gene_6658,FRG2|448831,FRG2,448831
gene_6659,FRK|2444,FRK,2444
gene_6660,FRMD1|79981,FRMD1,79981
gene_6661,FRMD3|257019,FRMD3,257019
gene_6662,FRMD4A|55691,FRMD4A,55691
gene_6663,FRMD4B|23150,FRMD4B,23150
gene_6664,FRMD5|84978,FRMD5,84978
gene_6665,FRMD6|122786,FRMD6,122786
gene_6666,FRMD7|90167,FRMD7,90167
gene_6667,FRMD8|83786,FRMD8,83786
gene_6668,FRMPD1|22844,FRMPD1,22844
gene_6669,FRMPD2L1|728798,FRMPD2L1,728798
gene_6670,FRMPD2|143162,FRMPD2,143162
gene_6671,FRMPD4|9758,FRMPD4,9758
gene_6672,FRRS1|391059,FRRS1,391059
gene_6673,FRS2|10818,FRS2,10818
gene_6674,FRS3|10817,FRS3,10817
gene_6675,FRYL|285527,FRYL,285527
gene_6676,FRY|10129,FRY,10129
gene_6677,FRZB|2487,FRZB,2487
gene_6678,FSCB|84075,FSCB,84075
gene_6679,FSCN1|6624,FSCN1,6624
gene_6680,FSCN2|25794,FSCN2,25794
gene_6681,FSCN3|29999,FSCN3,29999
gene_6682,FSD1L|83856,FSD1L,83856
gene_6683,FSD1|79187,FSD1,79187
gene_6684,FSD2|123722,FSD2,123722
gene_6685,FSHB|2488,FSHB,2488
gene_6686,FSHR|2492,FSHR,2492
gene_6687,FSIP1|161835,FSIP1,161835
gene_6688,FSTL1|11167,FSTL1,11167
gene_6689,FSTL3|10272,FSTL3,10272
gene_6690,FSTL4|23105,FSTL4,23105
gene_6691,FSTL5|56884,FSTL5,56884
gene_6692,FST|10468,FST,10468
gene_6693,FTCD|10841,FTCD,10841
gene_6694,FTH1|2495,FTH1,2495
gene_6695,FTHL17|53940,FTHL17,53940
gene_6696,FTHL3|2498,FTHL3,2498
gene_6697,FTLP10|100130017,FTLP10,100130017
gene_6698,FTL|2512,FTL,2512
gene_6699,FTMT|94033,FTMT,94033
gene_6700,FTO|79068,FTO,79068
gene_6701,FTSJ1|24140,FTSJ1,24140
gene_6702,FTSJ2|29960,FTSJ2,29960
gene_6703,FTSJ3|117246,FTSJ3,117246
gene_6704,FTSJD1|55783,FTSJD1,55783
gene_6705,FTSJD2|23070,FTSJD2,23070
gene_6706,FUBP1|8880,FUBP1,8880
gene_6707,FUBP3|8939,FUBP3,8939
gene_6708,FUCA1|2517,FUCA1,2517
gene_6709,FUCA2|2519,FUCA2,2519
gene_6710,FUK|197258,FUK,197258
gene_6711,FUNDC1|139341,FUNDC1,139341
gene_6712,FUNDC2P2|388965,FUNDC2P2,388965
gene_6713,FUNDC2|65991,FUNDC2,65991
gene_6714,FURIN|5045,FURIN,5045
gene_6715,FUS|2521,FUS,2521
gene_6716,FUT10|84750,FUT10,84750
gene_6717,FUT11|170384,FUT11,170384
gene_6718,FUT1|2523,FUT1,2523
gene_6719,FUT2|2524,FUT2,2524
gene_6720,FUT3|2525,FUT3,2525
gene_6721,FUT4|2526,FUT4,2526
gene_6722,FUT5|2527,FUT5,2527
gene_6723,FUT6|2528,FUT6,2528
gene_6724,FUT7|2529,FUT7,2529
gene_6725,FUT8|2530,FUT8,2530
gene_6726,FUT9|10690,FUT9,10690
gene_6727,FUZ|80199,FUZ,80199
gene_6728,FXC1|26515,FXC1,26515
gene_6729,FXN|2395,FXN,2395
gene_6730,FXR1|8087,FXR1,8087
gene_6731,FXR2|9513,FXR2,9513
gene_6732,FXYD1|5348,FXYD1,5348
gene_6733,FXYD2|486,FXYD2,486
gene_6734,FXYD3|5349,FXYD3,5349
gene_6735,FXYD4|53828,FXYD4,53828
gene_6736,FXYD5|53827,FXYD5,53827
gene_6737,FXYD6|53826,FXYD6,53826
gene_6738,FXYD7|53822,FXYD7,53822
gene_6739,FYB|2533,FYB,2533
gene_6740,FYCO1|79443,FYCO1,79443
gene_6741,FYN|2534,FYN,2534
gene_6742,FYTTD1|84248,FYTTD1,84248
gene_6743,FZD10|11211,FZD10,11211
gene_6744,FZD1|8321,FZD1,8321
gene_6745,FZD2|2535,FZD2,2535
gene_6746,FZD3|7976,FZD3,7976
gene_6747,FZD4|8322,FZD4,8322
gene_6748,FZD5|7855,FZD5,7855
gene_6749,FZD6|8323,FZD6,8323
gene_6750,FZD7|8324,FZD7,8324
gene_6751,FZD8|8325,FZD8,8325
gene_6752,FZD9|8326,FZD9,8326
gene_6753,FZR1|51343,FZR1,51343
gene_6754,G0S2|50486,G0S2,50486
gene_6755,G2E3|55632,G2E3,55632
gene_6756,G3BP1|10146,G3BP1,10146
gene_6757,G3BP2|9908,G3BP2,9908
gene_6758,G6PC2|57818,G6PC2,57818
gene_6759,G6PC3|92579,G6PC3,92579
gene_6760,G6PC|2538,G6PC,2538
gene_6761,G6PD|2539,G6PD,2539
gene_6762,GAA|2548,GAA,2548
gene_6763,GAB1|2549,GAB1,2549
gene_6764,GAB2|9846,GAB2,9846
gene_6765,GAB3|139716,GAB3,139716
gene_6766,GAB4|128954,GAB4,128954
gene_6767,GABARAPL1|23710,GABARAPL1,23710
gene_6768,GABARAPL2|11345,GABARAPL2,11345
gene_6769,GABARAPL3|23766,GABARAPL3,23766
gene_6770,GABARAP|11337,GABARAP,11337
gene_6771,GABBR1|2550,GABBR1,2550
gene_6772,GABBR2|9568,GABBR2,9568
gene_6773,GABPA|2551,GABPA,2551
gene_6774,GABPB1|2553,GABPB1,2553
gene_6775,GABPB2|126626,GABPB2,126626
gene_6776,GABRA1|2554,GABRA1,2554
gene_6777,GABRA2|2555,GABRA2,2555
gene_6778,GABRA3|2556,GABRA3,2556
gene_6779,GABRA4|2557,GABRA4,2557
gene_6780,GABRA5|2558,GABRA5,2558
gene_6781,GABRA6|2559,GABRA6,2559
gene_6782,GABRB1|2560,GABRB1,2560
gene_6783,GABRB2|2561,GABRB2,2561
gene_6784,GABRB3|2562,GABRB3,2562
gene_6785,GABRD|2563,GABRD,2563
gene_6786,GABRE|2564,GABRE,2564
gene_6787,GABRG1|2565,GABRG1,2565
gene_6788,GABRG2|2566,GABRG2,2566
gene_6789,GABRG3|2567,GABRG3,2567
gene_6790,GABRP|2568,GABRP,2568
gene_6791,GABRQ|55879,GABRQ,55879
gene_6792,GABRR1|2569,GABRR1,2569
gene_6793,GABRR2|2570,GABRR2,2570
gene_6794,GABRR3|200959,GABRR3,200959
gene_6795,GAD1|2571,GAD1,2571
gene_6796,GAD2|2572,GAD2,2572
gene_6797,GADD45A|1647,GADD45A,1647
gene_6798,GADD45B|4616,GADD45B,4616
gene_6799,GADD45GIP1|90480,GADD45GIP1,90480
gene_6800,GADD45G|10912,GADD45G,10912
gene_6801,GADL1|339896,GADL1,339896
gene_6802,GAGE10|643832,GAGE10,643832
gene_6803,GAGE12D|100132399,GAGE12D,100132399
gene_6804,GAGE12F|100008586,GAGE12F,100008586
gene_6805,GAGE12J|729396,GAGE12J,729396
gene_6806,GAGE13|645051,GAGE13,645051
gene_6807,GAGE1|2543,GAGE1,2543
gene_6808,GAGE2A|729447,GAGE2A,729447
gene_6809,GAGE2B|645037,GAGE2B,645037
gene_6810,GAGE2C|2574,GAGE2C,2574
gene_6811,GAGE2D|729408,GAGE2D,729408
gene_6812,GAGE2E|26749,GAGE2E,26749
gene_6813,GAGE4|2576,GAGE4,2576
gene_6814,GAGE8|100101629,GAGE8,100101629
gene_6815,GAK|2580,GAK,2580
gene_6816,GAL3ST1|9514,GAL3ST1,9514
gene_6817,GAL3ST2|64090,GAL3ST2,64090
gene_6818,GAL3ST3|89792,GAL3ST3,89792
gene_6819,GAL3ST4|79690,GAL3ST4,79690
gene_6820,GALC|2581,GALC,2581
gene_6821,GALE|2582,GALE,2582
gene_6822,GALK1|2584,GALK1,2584
gene_6823,GALK2|2585,GALK2,2585
gene_6824,GALM|130589,GALM,130589
gene_6825,GALNS|2588,GALNS,2588
gene_6826,GALNT10|55568,GALNT10,55568
gene_6827,GALNT11|63917,GALNT11,63917
gene_6828,GALNT12|79695,GALNT12,79695
gene_6829,GALNT13|114805,GALNT13,114805
gene_6830,GALNT14|79623,GALNT14,79623
gene_6831,GALNT1|2589,GALNT1,2589
gene_6832,GALNT2|2590,GALNT2,2590
gene_6833,GALNT3|2591,GALNT3,2591
gene_6834,GALNT4|8693,GALNT4,8693
gene_6835,GALNT5|11227,GALNT5,11227
gene_6836,GALNT6|11226,GALNT6,11226
gene_6837,GALNT7|51809,GALNT7,51809
gene_6838,GALNT8|26290,GALNT8,26290
gene_6839,GALNT9|50614,GALNT9,50614
gene_6840,GALNTL1|57452,GALNTL1,57452
gene_6841,GALNTL2|117248,GALNTL2,117248
gene_6842,GALNTL4|374378,GALNTL4,374378
gene_6843,GALNTL5|168391,GALNTL5,168391
gene_6844,GALNTL6|442117,GALNTL6,442117
gene_6845,GALP|85569,GALP,85569
gene_6846,GALR1|2587,GALR1,2587
gene_6847,GALR2|8811,GALR2,8811
gene_6848,GALR3|8484,GALR3,8484
gene_6849,GALT|2592,GALT,2592
gene_6850,GAL|51083,GAL,51083
gene_6851,GAMT|2593,GAMT,2593
gene_6852,GANAB|23193,GANAB,23193
gene_6853,GANC|2595,GANC,2595
gene_6854,GAN|8139,GAN,8139
gene_6855,GAP43|2596,GAP43,2596
gene_6856,GAPDHS|26330,GAPDHS,26330
gene_6857,GAPDH|2597,GAPDH,2597
gene_6858,GAPT|202309,GAPT,202309
gene_6859,GAPVD1|26130,GAPVD1,26130
gene_6860,GAR1|54433,GAR1,54433
gene_6861,GARNL3|84253,GARNL3,84253
gene_6862,GARS|2617,GARS,2617
gene_6863,GART|2618,GART,2618
gene_6864,GAS1|2619,GAS1,2619
gene_6865,GAS2L1|10634,GAS2L1,10634
gene_6866,GAS2L2|246176,GAS2L2,246176
gene_6867,GAS2L3|283431,GAS2L3,283431
gene_6868,GAS2|2620,GAS2,2620
gene_6869,GAS5|60674,GAS5,60674
gene_6870,GAS6|2621,GAS6,2621
gene_6871,GAS7|8522,GAS7,8522
gene_6872,GAS8|2622,GAS8,2622
gene_6873,GAST|2520,GAST,2520
gene_6874,GATA1|2623,GATA1,2623
gene_6875,GATA2|2624,GATA2,2624
gene_6876,GATA3|2625,GATA3,2625
gene_6877,GATA4|2626,GATA4,2626
gene_6878,GATA5|140628,GATA5,140628
gene_6879,GATA6|2627,GATA6,2627
gene_6880,GATAD1|57798,GATAD1,57798
gene_6881,GATAD2A|54815,GATAD2A,54815
gene_6882,GATAD2B|57459,GATAD2B,57459
gene_6883,GATC|283459,GATC,283459
gene_6884,GATM|2628,GATM,2628
gene_6885,GATSL1|389523,GATSL1,389523
gene_6886,GATSL2|729438,GATSL2,729438
gene_6887,GATSL3|652968,GATSL3,652968
gene_6888,GATS|352954,GATS,352954
gene_6889,GBA2|57704,GBA2,57704
gene_6890,GBA3|57733,GBA3,57733
gene_6891,GBAP1|2630,GBAP1,2630
gene_6892,GBAS|2631,GBAS,2631
gene_6893,GBA|2629,GBA,2629
gene_6894,GBE1|2632,GBE1,2632
gene_6895,GBF1|8729,GBF1,8729
gene_6896,GBGT1|26301,GBGT1,26301
gene_6897,GBP1|2633,GBP1,2633
gene_6898,GBP2|2634,GBP2,2634
gene_6899,GBP3|2635,GBP3,2635
gene_6900,GBP4|115361,GBP4,115361
gene_6901,GBP5|115362,GBP5,115362
gene_6902,GBP6|163351,GBP6,163351
gene_6903,GBP7|388646,GBP7,388646
gene_6904,GBX1|2636,GBX1,2636
gene_6905,GBX2|2637,GBX2,2637
gene_6906,GCAT|23464,GCAT,23464
gene_6907,GCA|25801,GCA,25801
gene_6908,GCC1|79571,GCC1,79571
gene_6909,GCC2|9648,GCC2,9648
gene_6910,GCDH|2639,GCDH,2639
gene_6911,GCET2|257144,GCET2,257144
gene_6912,GCFC1|94104,GCFC1,94104
gene_6913,GCGR|2642,GCGR,2642
gene_6914,GCG|2641,GCG,2641
gene_6915,GCH1|2643,GCH1,2643
gene_6916,GCHFR|2644,GCHFR,2644
gene_6917,GCKR|2646,GCKR,2646
gene_6918,GCK|2645,GCK,2645
gene_6919,GCLC|2729,GCLC,2729
gene_6920,GCLM|2730,GCLM,2730
gene_6921,GCM1|8521,GCM1,8521
gene_6922,GCM2|9247,GCM2,9247
gene_6923,GCN1L1|10985,GCN1L1,10985
gene_6924,GCNT1|2650,GCNT1,2650
gene_6925,GCNT2|2651,GCNT2,2651
gene_6926,GCNT3|9245,GCNT3,9245
gene_6927,GCNT4|51301,GCNT4,51301
gene_6928,GCNT7|140687,GCNT7,140687
gene_6929,GCOM1|145781,GCOM1,145781
gene_6930,GCSH|2653,GCSH,2653
gene_6931,GC|2638,GC,2638
gene_6932,GDAP1L1|78997,GDAP1L1,78997
gene_6933,GDAP1|54332,GDAP1,54332
gene_6934,GDAP2|54834,GDAP2,54834
gene_6935,GDA|9615,GDA,9615
gene_6936,GDE1|51573,GDE1,51573
gene_6937,GDEP|118425,GDEP,118425
gene_6938,GDF10|2662,GDF10,2662
gene_6939,GDF11|10220,GDF11,10220
gene_6940,GDF15|9518,GDF15,9518
gene_6941,GDF1|2657,GDF1,2657
gene_6942,GDF2|2658,GDF2,2658
gene_6943,GDF3|9573,GDF3,9573
gene_6944,GDF5|8200,GDF5,8200
gene_6945,GDF6|392255,GDF6,392255
gene_6946,GDF7|151449,GDF7,151449
gene_6947,GDF9|2661,GDF9,2661
gene_6948,GDI1|2664,GDI1,2664
gene_6949,GDI2|2665,GDI2,2665
gene_6950,GDNF|2668,GDNF,2668
gene_6951,GDPD1|284161,GDPD1,284161
gene_6952,GDPD2|54857,GDPD2,54857
gene_6953,GDPD3|79153,GDPD3,79153
gene_6954,GDPD4|220032,GDPD4,220032
gene_6955,GDPD5|81544,GDPD5,81544
gene_6956,GEFT|115557,GEFT,115557
gene_6957,GEMIN4|50628,GEMIN4,50628
gene_6958,GEMIN5|25929,GEMIN5,25929
gene_6959,GEMIN6|79833,GEMIN6,79833
gene_6960,GEMIN7|79760,GEMIN7,79760
gene_6961,GEMIN8P4|492303,GEMIN8P4,492303
gene_6962,GEMIN8|54960,GEMIN8,54960
gene_6963,GEM|2669,GEM,2669
gene_6964,GEN1|348654,GEN1,348654
gene_6965,GET4|51608,GET4,51608
gene_6966,GFAP|2670,GFAP,2670
gene_6967,GFER|2671,GFER,2671
gene_6968,GFI1B|8328,GFI1B,8328
gene_6969,GFI1|2672,GFI1,2672
gene_6970,GFM1|85476,GFM1,85476
gene_6971,GFM2|84340,GFM2,84340
gene_6972,GFOD1|54438,GFOD1,54438
gene_6973,GFOD2|81577,GFOD2,81577
gene_6974,GFPT1|2673,GFPT1,2673
gene_6975,GFPT2|9945,GFPT2,9945
gene_6976,GFRA1|2674,GFRA1,2674
gene_6977,GFRA2|2675,GFRA2,2675
gene_6978,GFRA3|2676,GFRA3,2676
gene_6979,GFRA4|64096,GFRA4,64096
gene_6980,GFRAL|389400,GFRAL,389400
gene_6981,GGA1|26088,GGA1,26088
gene_6982,GGA2|23062,GGA2,23062
gene_6983,GGA3|23163,GGA3,23163
gene_6984,GGCT|79017,GGCT,79017
gene_6985,GGCX|2677,GGCX,2677
gene_6986,GGH|8836,GGH,8836
gene_6987,GGNBP1|449520,GGNBP1,449520
gene_6988,GGNBP2|79893,GGNBP2,79893
gene_6989,GGN|199720,GGN,199720
gene_6990,GGPS1|9453,GGPS1,9453
gene_6991,GGT1|2678,GGT1,2678
gene_6992,GGT3P|2679,GGT3P,2679
gene_6993,GGT5|2687,GGT5,2687
gene_6994,GGT6|124975,GGT6,124975
gene_6995,GGT7|2686,GGT7,2686
gene_6996,GGT8P|645367,GGT8P,645367
gene_6997,GGTA1|2681,GGTA1,2681
gene_6998,GGTLC1|92086,GGTLC1,92086
gene_6999,GGTLC2|91227,GGTLC2,91227
gene_7000,GH1|2688,GH1,2688
gene_7001,GH2|2689,GH2,2689
gene_7002,GHDC|84514,GHDC,84514
gene_7003,GHITM|27069,GHITM,27069
gene_7004,GHRHR|2692,GHRHR,2692
gene_7005,GHRH|2691,GHRH,2691
gene_7006,GHRLOS|100126793,GHRLOS,100126793
gene_7007,GHRL|51738,GHRL,51738
gene_7008,GHR|2690,GHR,2690
gene_7009,GHSR|2693,GHSR,2693
gene_7010,GIF|2694,GIF,2694
gene_7011,GIGYF1|64599,GIGYF1,64599
gene_7012,GIGYF2|26058,GIGYF2,26058
gene_7013,GIMAP1|170575,GIMAP1,170575
gene_7014,GIMAP2|26157,GIMAP2,26157
gene_7015,GIMAP4|55303,GIMAP4,55303
gene_7016,GIMAP5|55340,GIMAP5,55340
gene_7017,GIMAP6|474344,GIMAP6,474344
gene_7018,GIMAP7|168537,GIMAP7,168537
gene_7019,GIMAP8|155038,GIMAP8,155038
gene_7020,GIN1|54826,GIN1,54826
gene_7021,GINS1|9837,GINS1,9837
gene_7022,GINS2|51659,GINS2,51659
gene_7023,GINS3|64785,GINS3,64785
gene_7024,GINS4|84296,GINS4,84296
gene_7025,GIPC1|10755,GIPC1,10755
gene_7026,GIPC2|54810,GIPC2,54810
gene_7027,GIPC3|126326,GIPC3,126326
gene_7028,GIPR|2696,GIPR,2696
gene_7029,GIP|2695,GIP,2695
gene_7030,GIT1|28964,GIT1,28964
gene_7031,GIT2|9815,GIT2,9815
gene_7032,GIYD2|79008,GIYD2,79008
gene_7033,GJA10|84694,GJA10,84694
gene_7034,GJA1|2697,GJA1,2697
gene_7035,GJA3|2700,GJA3,2700
gene_7036,GJA4|2701,GJA4,2701
gene_7037,GJA5|2702,GJA5,2702
gene_7038,GJA8|2703,GJA8,2703
gene_7039,GJA9|81025,GJA9,81025
gene_7040,GJB1|2705,GJB1,2705
gene_7041,GJB2|2706,GJB2,2706
gene_7042,GJB3|2707,GJB3,2707
gene_7043,GJB4|127534,GJB4,127534
gene_7044,GJB5|2709,GJB5,2709
gene_7045,GJB6|10804,GJB6,10804
gene_7046,GJB7|375519,GJB7,375519
gene_7047,GJC1|10052,GJC1,10052
gene_7048,GJC2|57165,GJC2,57165
gene_7049,GJC3|349149,GJC3,349149
gene_7050,GJD2|57369,GJD2,57369
gene_7051,GJD3|125111,GJD3,125111
gene_7052,GJD4|219770,GJD4,219770
gene_7053,GK2|2712,GK2,2712
gene_7054,GK3P|2713,GK3P,2713
gene_7055,GK5|256356,GK5,256356
gene_7056,GKAP1|80318,GKAP1,80318
gene_7057,GKN1|56287,GKN1,56287
gene_7058,GKN2|200504,GKN2,200504
gene_7059,GK|2710,GK,2710
gene_7060,GLA|2717,GLA,2717
gene_7061,GLB1L2|89944,GLB1L2,89944
gene_7062,GLB1L3|112937,GLB1L3,112937
gene_7063,GLB1L|79411,GLB1L,79411
gene_7064,GLB1|2720,GLB1,2720
gene_7065,GLCCI1|113263,GLCCI1,113263
gene_7066,GLCE|26035,GLCE,26035
gene_7067,GLDC|2731,GLDC,2731
gene_7068,GLDN|342035,GLDN,342035
gene_7069,GLE1|2733,GLE1,2733
gene_7070,GLG1|2734,GLG1,2734
gene_7071,GLI1|2735,GLI1,2735
gene_7072,GLI2|2736,GLI2,2736
gene_7073,GLI3|2737,GLI3,2737
gene_7074,GLI4|2738,GLI4,2738
gene_7075,GLIPR1L1|256710,GLIPR1L1,256710
gene_7076,GLIPR1L2|144321,GLIPR1L2,144321
gene_7077,GLIPR1|11010,GLIPR1,11010
gene_7078,GLIPR2|152007,GLIPR2,152007
gene_7079,GLIS1|148979,GLIS1,148979
gene_7080,GLIS2|84662,GLIS2,84662
gene_7081,GLIS3|169792,GLIS3,169792
gene_7082,GLMN|11146,GLMN,11146
gene_7083,GLO1|2739,GLO1,2739
gene_7084,GLOD4|51031,GLOD4,51031
gene_7085,GLOD5|392465,GLOD5,392465
gene_7086,GLP1R|2740,GLP1R,2740
gene_7087,GLP2R|9340,GLP2R,9340
gene_7088,GLRA1|2741,GLRA1,2741
gene_7089,GLRA2|2742,GLRA2,2742
gene_7090,GLRA3|8001,GLRA3,8001
gene_7091,GLRA4|441509,GLRA4,441509
gene_7092,GLRB|2743,GLRB,2743
gene_7093,GLRX2|51022,GLRX2,51022
gene_7094,GLRX3|10539,GLRX3,10539
gene_7095,GLRX5|51218,GLRX5,51218
gene_7096,GLRX|2745,GLRX,2745
gene_7097,GLS2|27165,GLS2,27165
gene_7098,GLS|2744,GLS,2744
gene_7099,GLT1D1|144423,GLT1D1,144423
gene_7100,GLT25D1|79709,GLT25D1,79709
gene_7101,GLT25D2|23127,GLT25D2,23127
gene_7102,GLT6D1|360203,GLT6D1,360203
gene_7103,GLT8D1|55830,GLT8D1,55830
gene_7104,GLT8D2|83468,GLT8D2,83468
gene_7105,GLTPD1|80772,GLTPD1,80772
gene_7106,GLTPD2|388323,GLTPD2,388323
gene_7107,GLTP|51228,GLTP,51228
gene_7108,GLTSCR1|29998,GLTSCR1,29998
gene_7109,GLTSCR2|29997,GLTSCR2,29997
gene_7110,GLUD1|2746,GLUD1,2746
gene_7111,GLUD2|2747,GLUD2,2747
gene_7112,GLUL|2752,GLUL,2752
gene_7113,GLYATL1|92292,GLYATL1,92292
gene_7114,GLYATL2|219970,GLYATL2,219970
gene_7115,GLYATL3|389396,GLYATL3,389396
gene_7116,GLYAT|10249,GLYAT,10249
gene_7117,GLYCAM1|644076,GLYCAM1,644076
gene_7118,GLYCTK|132158,GLYCTK,132158
gene_7119,GLYR1|84656,GLYR1,84656
gene_7120,GM2A|2760,GM2A,2760
gene_7121,GMCL1L|64396,GMCL1L,64396
gene_7122,GMCL1|64395,GMCL1,64395
gene_7123,GMDS|2762,GMDS,2762
gene_7124,GMEB1|10691,GMEB1,10691
gene_7125,GMEB2|26205,GMEB2,26205
gene_7126,GMFB|2764,GMFB,2764
gene_7127,GMFG|9535,GMFG,9535
gene_7128,GMIP|51291,GMIP,51291
gene_7129,GML|2765,GML,2765
gene_7130,GMNN|51053,GMNN,51053
gene_7131,GMPPA|29926,GMPPA,29926
gene_7132,GMPPB|29925,GMPPB,29925
gene_7133,GMPR2|51292,GMPR2,51292
gene_7134,GMPR|2766,GMPR,2766
gene_7135,GMPS|8833,GMPS,8833
gene_7136,GNA11|2767,GNA11,2767
gene_7137,GNA12|2768,GNA12,2768
gene_7138,GNA13|10672,GNA13,10672
gene_7139,GNA14|9630,GNA14,9630
gene_7140,GNA15|2769,GNA15,2769
gene_7141,GNAI1|2770,GNAI1,2770
gene_7142,GNAI2|2771,GNAI2,2771
gene_7143,GNAI3|2773,GNAI3,2773
gene_7144,GNAL|2774,GNAL,2774
gene_7145,GNAO1|2775,GNAO1,2775
gene_7146,GNAQ|2776,GNAQ,2776
gene_7147,GNASAS|149775,GNASAS,149775
gene_7148,GNAS|2778,GNAS,2778
gene_7149,GNAT1|2779,GNAT1,2779
gene_7150,GNAT2|2780,GNAT2,2780
gene_7151,GNAT3|346562,GNAT3,346562
gene_7152,GNAZ|2781,GNAZ,2781
gene_7153,GNB1L|54584,GNB1L,54584
gene_7154,GNB1|2782,GNB1,2782
gene_7155,GNB2L1|10399,GNB2L1,10399
gene_7156,GNB2|2783,GNB2,2783
gene_7157,GNB3|2784,GNB3,2784
gene_7158,GNB4|59345,GNB4,59345
gene_7159,GNB5|10681,GNB5,10681
gene_7160,GNE|10020,GNE,10020
gene_7161,GNG10|2790,GNG10,2790
gene_7162,GNG11|2791,GNG11,2791
gene_7163,GNG12|55970,GNG12,55970
gene_7164,GNG13|51764,GNG13,51764
gene_7165,GNG2|54331,GNG2,54331
gene_7166,GNG3|2785,GNG3,2785
gene_7167,GNG4|2786,GNG4,2786
gene_7168,GNG5|2787,GNG5,2787
gene_7169,GNG7|2788,GNG7,2788
gene_7170,GNG8|94235,GNG8,94235
gene_7171,GNGT1|2792,GNGT1,2792
gene_7172,GNGT2|2793,GNGT2,2793
gene_7173,GNL1|2794,GNL1,2794
gene_7174,GNL2|29889,GNL2,29889
gene_7175,GNL3L|54552,GNL3L,54552
gene_7176,GNL3|26354,GNL3,26354
gene_7177,GNLY|10578,GNLY,10578
gene_7178,GNMT|27232,GNMT,27232
gene_7179,GNPAT|8443,GNPAT,8443
gene_7180,GNPDA1|10007,GNPDA1,10007
gene_7181,GNPDA2|132789,GNPDA2,132789
gene_7182,GNPNAT1|64841,GNPNAT1,64841
gene_7183,GNPTAB|79158,GNPTAB,79158
gene_7184,GNPTG|84572,GNPTG,84572
gene_7185,GNRH1|2796,GNRH1,2796
gene_7186,GNRH2|2797,GNRH2,2797
gene_7187,GNRHR2|114814,GNRHR2,114814
gene_7188,GNRHR|2798,GNRHR,2798
gene_7189,GNS|2799,GNS,2799
gene_7190,GOLGA1|2800,GOLGA1,2800
gene_7191,GOLGA2B|55592,GOLGA2B,55592
gene_7192,GOLGA2P3|401634,GOLGA2P3,401634
gene_7193,GOLGA2|2801,GOLGA2,2801
gene_7194,GOLGA3|2802,GOLGA3,2802
gene_7195,GOLGA4|2803,GOLGA4,2803
gene_7196,GOLGA5|9950,GOLGA5,9950
gene_7197,GOLGA6A|342096,GOLGA6A,342096
gene_7198,GOLGA6B|55889,GOLGA6B,55889
gene_7199,GOLGA6C|653641,GOLGA6C,653641
gene_7200,GOLGA6D|653643,GOLGA6D,653643
gene_7201,GOLGA6L10|647042,GOLGA6L10,647042
gene_7202,GOLGA6L1|283767,GOLGA6L1,283767
gene_7203,GOLGA6L5|374650,GOLGA6L5,374650
gene_7204,GOLGA6L6|727832,GOLGA6L6,727832
gene_7205,GOLGA6L9|440295,GOLGA6L9,440295
gene_7206,GOLGA7B|401647,GOLGA7B,401647
gene_7207,GOLGA7|51125,GOLGA7,51125
gene_7208,GOLGA8A|23015,GOLGA8A,23015
gene_7209,GOLGA8B|440270,GOLGA8B,440270
gene_7210,GOLGA8C|729786,GOLGA8C,729786
gene_7211,GOLGA8DP|100132979,GOLGA8DP,100132979
gene_7212,GOLGA8E|390535,GOLGA8E,390535
gene_7213,GOLGA8F|100132565,GOLGA8F,100132565
gene_7214,GOLGA8G|283768,GOLGA8G,283768
gene_7215,GOLGA9P|283796,GOLGA9P,283796
gene_7216,GOLGB1|2804,GOLGB1,2804
gene_7217,GOLIM4|27333,GOLIM4,27333
gene_7218,GOLM1|51280,GOLM1,51280
gene_7219,GOLPH3L|55204,GOLPH3L,55204
gene_7220,GOLPH3|64083,GOLPH3,64083
gene_7221,GOLT1A|127845,GOLT1A,127845
gene_7222,GOLT1B|51026,GOLT1B,51026
gene_7223,GON4L|54856,GON4L,54856
gene_7224,GOPC|57120,GOPC,57120
gene_7225,GORAB|92344,GORAB,92344
gene_7226,GORASP1|64689,GORASP1,64689
gene_7227,GORASP2|26003,GORASP2,26003
gene_7228,GOSR1|9527,GOSR1,9527
gene_7229,GOSR2|9570,GOSR2,9570
gene_7230,GOT1L1|137362,GOT1L1,137362
gene_7231,GOT1|2805,GOT1,2805
gene_7232,GOT2|2806,GOT2,2806
gene_7233,GP1BA|2811,GP1BA,2811
gene_7234,GP2|2813,GP2,2813
gene_7235,GP5|2814,GP5,2814
gene_7236,GP6|51206,GP6,51206
gene_7237,GP9|2815,GP9,2815
gene_7238,GPA33|10223,GPA33,10223
gene_7239,GPAA1|8733,GPAA1,8733
gene_7240,GPAM|57678,GPAM,57678
gene_7241,GPAT2|150763,GPAT2,150763
gene_7242,GPATCH1|55094,GPATCH1,55094
gene_7243,GPATCH2|55105,GPATCH2,55105
gene_7244,GPATCH3|63906,GPATCH3,63906
gene_7245,GPATCH4|54865,GPATCH4,54865
gene_7246,GPATCH8|23131,GPATCH8,23131
gene_7247,GPBAR1|151306,GPBAR1,151306
gene_7248,GPBP1L1|60313,GPBP1L1,60313
gene_7249,GPBP1|65056,GPBP1,65056
gene_7250,GPC1|2817,GPC1,2817
gene_7251,GPC2|221914,GPC2,221914
gene_7252,GPC3|2719,GPC3,2719
gene_7253,GPC4|2239,GPC4,2239
gene_7254,GPC5|2262,GPC5,2262
gene_7255,GPC6|10082,GPC6,10082
gene_7256,GPCPD1|56261,GPCPD1,56261
gene_7257,GPD1L|23171,GPD1L,23171
gene_7258,GPD1|2819,GPD1,2819
gene_7259,GPD2|2820,GPD2,2820
gene_7260,GPER|2852,GPER,2852
gene_7261,GPHA2|170589,GPHA2,170589
gene_7262,GPHB5|122876,GPHB5,122876
gene_7263,GPHN|10243,GPHN,10243
gene_7264,GPIHBP1|338328,GPIHBP1,338328
gene_7265,GPI|2821,GPI,2821
gene_7266,GPKOW|27238,GPKOW,27238
gene_7267,GPLD1|2822,GPLD1,2822
gene_7268,GPM6A|2823,GPM6A,2823
gene_7269,GPM6B|2824,GPM6B,2824
gene_7270,GPN1|11321,GPN1,11321
gene_7271,GPN2|54707,GPN2,54707
gene_7272,GPN3|51184,GPN3,51184
gene_7273,GPNMB|10457,GPNMB,10457
gene_7274,GPR101|83550,GPR101,83550
gene_7275,GPR107|57720,GPR107,57720
gene_7276,GPR108|56927,GPR108,56927
gene_7277,GPR109A|338442,GPR109A,338442
gene_7278,GPR109B|8843,GPR109B,8843
gene_7279,GPR110|266977,GPR110,266977
gene_7280,GPR111|222611,GPR111,222611
gene_7281,GPR112|139378,GPR112,139378
gene_7282,GPR113|165082,GPR113,165082
gene_7283,GPR114|221188,GPR114,221188
gene_7284,GPR115|221393,GPR115,221393
gene_7285,GPR116|221395,GPR116,221395
gene_7286,GPR119|139760,GPR119,139760
gene_7287,GPR120|338557,GPR120,338557
gene_7288,GPR123|84435,GPR123,84435
gene_7289,GPR124|25960,GPR124,25960
gene_7290,GPR125|166647,GPR125,166647
gene_7291,GPR126|57211,GPR126,57211
gene_7292,GPR128|84873,GPR128,84873
gene_7293,GPR12|2835,GPR12,2835
gene_7294,GPR132|29933,GPR132,29933
gene_7295,GPR133|283383,GPR133,283383
gene_7296,GPR135|64582,GPR135,64582
gene_7297,GPR137B|7107,GPR137B,7107
gene_7298,GPR137C|283554,GPR137C,283554
gene_7299,GPR137|56834,GPR137,56834
gene_7300,GPR139|124274,GPR139,124274
gene_7301,GPR141|353345,GPR141,353345
gene_7302,GPR142|350383,GPR142,350383
gene_7303,GPR143|4935,GPR143,4935
gene_7304,GPR144|347088,GPR144,347088
gene_7305,GPR146|115330,GPR146,115330
gene_7306,GPR148|344561,GPR148,344561
gene_7307,GPR149|344758,GPR149,344758
gene_7308,GPR150|285601,GPR150,285601
gene_7309,GPR151|134391,GPR151,134391
gene_7310,GPR152|390212,GPR152,390212
gene_7311,GPR153|387509,GPR153,387509
gene_7312,GPR155|151556,GPR155,151556
gene_7313,GPR156|165829,GPR156,165829
gene_7314,GPR157|80045,GPR157,80045
gene_7315,GPR158|57512,GPR158,57512
gene_7316,GPR15|2838,GPR15,2838
gene_7317,GPR160|26996,GPR160,26996
gene_7318,GPR161|23432,GPR161,23432
gene_7319,GPR162|27239,GPR162,27239
gene_7320,GPR171|29909,GPR171,29909
gene_7321,GPR172A|79581,GPR172A,79581
gene_7322,GPR172B|55065,GPR172B,55065
gene_7323,GPR173|54328,GPR173,54328
gene_7324,GPR174|84636,GPR174,84636
gene_7325,GPR176|11245,GPR176,11245
gene_7326,GPR179|440435,GPR179,440435
gene_7327,GPR17|2840,GPR17,2840
gene_7328,GPR180|160897,GPR180,160897
gene_7329,GPR182|11318,GPR182,11318
gene_7330,GPR183|1880,GPR183,1880
gene_7331,GPR18|2841,GPR18,2841
gene_7332,GPR19|2842,GPR19,2842
gene_7333,GPR1|2825,GPR1,2825
gene_7334,GPR20|2843,GPR20,2843
gene_7335,GPR21|2844,GPR21,2844
gene_7336,GPR22|2845,GPR22,2845
gene_7337,GPR25|2848,GPR25,2848
gene_7338,GPR26|2849,GPR26,2849
gene_7339,GPR27|2850,GPR27,2850
gene_7340,GPR31|2853,GPR31,2853
gene_7341,GPR32|2854,GPR32,2854
gene_7342,GPR34|2857,GPR34,2857
gene_7343,GPR35|2859,GPR35,2859
gene_7344,GPR37L1|9283,GPR37L1,9283
gene_7345,GPR37|2861,GPR37,2861
gene_7346,GPR39|2863,GPR39,2863
gene_7347,GPR3|2827,GPR3,2827
gene_7348,GPR44|11251,GPR44,11251
gene_7349,GPR45|11250,GPR45,11250
gene_7350,GPR4|2828,GPR4,2828
gene_7351,GPR50|9248,GPR50,9248
gene_7352,GPR52|9293,GPR52,9293
gene_7353,GPR55|9290,GPR55,9290
gene_7354,GPR56|9289,GPR56,9289
gene_7355,GPR61|83873,GPR61,83873
gene_7356,GPR62|118442,GPR62,118442
gene_7357,GPR63|81491,GPR63,81491
gene_7358,GPR64|10149,GPR64,10149
gene_7359,GPR65|8477,GPR65,8477
gene_7360,GPR68|8111,GPR68,8111
gene_7361,GPR6|2830,GPR6,2830
gene_7362,GPR75|10936,GPR75,10936
gene_7363,GPR77|27202,GPR77,27202
gene_7364,GPR78|27201,GPR78,27201
gene_7365,GPR81|27198,GPR81,27198
gene_7366,GPR82|27197,GPR82,27197
gene_7367,GPR83|10888,GPR83,10888
gene_7368,GPR84|53831,GPR84,53831
gene_7369,GPR85|54329,GPR85,54329
gene_7370,GPR87|53836,GPR87,53836
gene_7371,GPR88|54112,GPR88,54112
gene_7372,GPR89A|653519,GPR89A,653519
gene_7373,GPR89B|51463,GPR89B,51463
gene_7374,GPR89C|728932,GPR89C,728932
gene_7375,GPR97|222487,GPR97,222487
gene_7376,GPR98|84059,GPR98,84059
gene_7377,GPRASP1|9737,GPRASP1,9737
gene_7378,GPRASP2|114928,GPRASP2,114928
gene_7379,GPRC5A|9052,GPRC5A,9052
gene_7380,GPRC5B|51704,GPRC5B,51704
gene_7381,GPRC5C|55890,GPRC5C,55890
gene_7382,GPRC5D|55507,GPRC5D,55507
gene_7383,GPRC6A|222545,GPRC6A,222545
gene_7384,GPRIN1|114787,GPRIN1,114787
gene_7385,GPRIN2|9721,GPRIN2,9721
gene_7386,GPRIN3|285513,GPRIN3,285513
gene_7387,GPS1|2873,GPS1,2873
gene_7388,GPS2|2874,GPS2,2874
gene_7389,GPSM1|26086,GPSM1,26086
gene_7390,GPSM2|29899,GPSM2,29899
gene_7391,GPSM3|63940,GPSM3,63940
gene_7392,GPT2|84706,GPT2,84706
gene_7393,GPT|2875,GPT,2875
gene_7394,GPX1|2876,GPX1,2876
gene_7395,GPX2|2877,GPX2,2877
gene_7396,GPX3|2878,GPX3,2878
gene_7397,GPX4|2879,GPX4,2879
gene_7398,GPX5|2880,GPX5,2880
gene_7399,GPX6|257202,GPX6,257202
gene_7400,GPX7|2882,GPX7,2882
gene_7401,GPX8|493869,GPX8,493869
gene_7402,GRAMD1A|57655,GRAMD1A,57655
gene_7403,GRAMD1B|57476,GRAMD1B,57476
gene_7404,GRAMD1C|54762,GRAMD1C,54762
gene_7405,GRAMD2|196996,GRAMD2,196996
gene_7406,GRAMD3|65983,GRAMD3,65983
gene_7407,GRAMD4|23151,GRAMD4,23151
gene_7408,GRAP2|9402,GRAP2,9402
gene_7409,GRAPL|400581,GRAPL,400581
gene_7410,GRAP|10750,GRAP,10750
gene_7411,GRASP|160622,GRASP,160622
gene_7412,GRB10|2887,GRB10,2887
gene_7413,GRB14|2888,GRB14,2888
gene_7414,GRB2|2885,GRB2,2885
gene_7415,GRB7|2886,GRB7,2886
gene_7416,GREB1L|80000,GREB1L,80000
gene_7417,GREB1|9687,GREB1,9687
gene_7418,GREM1|26585,GREM1,26585
gene_7419,GREM2|64388,GREM2,64388
gene_7420,GRHL1|29841,GRHL1,29841
gene_7421,GRHL2|79977,GRHL2,79977
gene_7422,GRHL3|57822,GRHL3,57822
gene_7423,GRHPR|9380,GRHPR,9380
gene_7424,GRIA1|2890,GRIA1,2890
gene_7425,GRIA2|2891,GRIA2,2891
gene_7426,GRIA3|2892,GRIA3,2892
gene_7427,GRIA4|2893,GRIA4,2893
gene_7428,GRID1|2894,GRID1,2894
gene_7429,GRID2IP|392862,GRID2IP,392862
gene_7430,GRID2|2895,GRID2,2895
gene_7431,GRIK1|2897,GRIK1,2897
gene_7432,GRIK2|2898,GRIK2,2898
gene_7433,GRIK3|2899,GRIK3,2899
gene_7434,GRIK4|2900,GRIK4,2900
gene_7435,GRIK5|2901,GRIK5,2901
gene_7436,GRIN1|2902,GRIN1,2902
gene_7437,GRIN2A|2903,GRIN2A,2903
gene_7438,GRIN2B|2904,GRIN2B,2904
gene_7439,GRIN2C|2905,GRIN2C,2905
gene_7440,GRIN2D|2906,GRIN2D,2906
gene_7441,GRIN3A|116443,GRIN3A,116443
gene_7442,GRIN3B|116444,GRIN3B,116444
gene_7443,GRINA|2907,GRINA,2907
gene_7444,GRINL1A|81488,GRINL1A,81488
gene_7445,GRIP1|23426,GRIP1,23426
gene_7446,GRIP2|80852,GRIP2,80852
gene_7447,GRIPAP1|56850,GRIPAP1,56850
gene_7448,GRK1|6011,GRK1,6011
gene_7449,GRK4|2868,GRK4,2868
gene_7450,GRK5|2869,GRK5,2869
gene_7451,GRK6|2870,GRK6,2870
gene_7452,GRK7|131890,GRK7,131890
gene_7453,GRLF1|2909,GRLF1,2909
gene_7454,GRM1|2911,GRM1,2911
gene_7455,GRM2|2912,GRM2,2912
gene_7456,GRM3|2913,GRM3,2913
gene_7457,GRM4|2914,GRM4,2914
gene_7458,GRM5|2915,GRM5,2915
gene_7459,GRM6|2916,GRM6,2916
gene_7460,GRM7|2917,GRM7,2917
gene_7461,GRM8|2918,GRM8,2918
gene_7462,GRN|2896,GRN,2896
gene_7463,GRPEL1|80273,GRPEL1,80273
gene_7464,GRPEL2|134266,GRPEL2,134266
gene_7465,GRPR|2925,GRPR,2925
gene_7466,GRP|2922,GRP,2922
gene_7467,GRRP1|79927,GRRP1,79927
gene_7468,GRSF1|2926,GRSF1,2926
gene_7469,GRTP1|79774,GRTP1,79774
gene_7470,GRWD1|83743,GRWD1,83743
gene_7471,GRXCR1|389207,GRXCR1,389207
gene_7472,GRXCR2|643226,GRXCR2,643226
gene_7473,GSC2|2928,GSC2,2928
gene_7474,GSC|145258,GSC,145258
gene_7475,GSDMA|284110,GSDMA,284110
gene_7476,GSDMB|55876,GSDMB,55876
gene_7477,GSDMC|56169,GSDMC,56169
gene_7478,GSDMD|79792,GSDMD,79792
gene_7479,GSG1L|146395,GSG1L,146395
gene_7480,GSG1|83445,GSG1,83445
gene_7481,GSG2|83903,GSG2,83903
gene_7482,GSK3A|2931,GSK3A,2931
gene_7483,GSK3B|2932,GSK3B,2932
gene_7484,GSN|2934,GSN,2934
gene_7485,GSPT1|2935,GSPT1,2935
gene_7486,GSPT2|23708,GSPT2,23708
gene_7487,GSR|2936,GSR,2936
gene_7488,GSS|2937,GSS,2937
gene_7489,GSTA1|2938,GSTA1,2938
gene_7490,GSTA2|2939,GSTA2,2939
gene_7491,GSTA3|2940,GSTA3,2940
gene_7492,GSTA4|2941,GSTA4,2941
gene_7493,GSTA5|221357,GSTA5,221357
gene_7494,GSTCD|79807,GSTCD,79807
gene_7495,GSTK1|373156,GSTK1,373156
gene_7496,GSTM1|2944,GSTM1,2944
gene_7497,GSTM2P1|442245,GSTM2P1,442245
gene_7498,GSTM2|2946,GSTM2,2946
gene_7499,GSTM3|2947,GSTM3,2947
gene_7500,GSTM4|2948,GSTM4,2948
gene_7501,GSTM5|2949,GSTM5,2949
gene_7502,GSTO1|9446,GSTO1,9446
gene_7503,GSTO2|119391,GSTO2,119391
gene_7504,GSTP1|2950,GSTP1,2950
gene_7505,GSTT1|2952,GSTT1,2952
gene_7506,GSTT2|2953,GSTT2,2953
gene_7507,GSTTP1|25774,GSTTP1,25774
gene_7508,GSTTP2|653399,GSTTP2,653399
gene_7509,GSTZ1|2954,GSTZ1,2954
gene_7510,GSX1|219409,GSX1,219409
gene_7511,GSX2|170825,GSX2,170825
gene_7512,GTDC1|79712,GTDC1,79712
gene_7513,GTF2A1L|11036,GTF2A1L,11036
gene_7514,GTF2A1|2957,GTF2A1,2957
gene_7515,GTF2A2|2958,GTF2A2,2958
gene_7516,GTF2B|2959,GTF2B,2959
gene_7517,GTF2E1|2960,GTF2E1,2960
gene_7518,GTF2E2|2961,GTF2E2,2961
gene_7519,GTF2F1|2962,GTF2F1,2962
gene_7520,GTF2F2|2963,GTF2F2,2963
gene_7521,GTF2H1|2965,GTF2H1,2965
gene_7522,GTF2H2B|653238,GTF2H2B,653238
gene_7523,GTF2H2C|728340,GTF2H2C,728340
gene_7524,GTF2H2|2966,GTF2H2,2966
gene_7525,GTF2H3|2967,GTF2H3,2967
gene_7526,GTF2H4|2968,GTF2H4,2968
gene_7527,GTF2H5|404672,GTF2H5,404672
gene_7528,GTF2IP1|2970,GTF2IP1,2970
gene_7529,GTF2IRD1|9569,GTF2IRD1,9569
gene_7530,GTF2IRD2B|389524,GTF2IRD2B,389524
gene_7531,GTF2IRD2P1|401375,GTF2IRD2P1,401375
gene_7532,GTF2IRD2|84163,GTF2IRD2,84163
gene_7533,GTF2I|2969,GTF2I,2969
gene_7534,GTF3A|2971,GTF3A,2971
gene_7535,GTF3C1|2975,GTF3C1,2975
gene_7536,GTF3C2|2976,GTF3C2,2976
gene_7537,GTF3C3|9330,GTF3C3,9330
gene_7538,GTF3C4|9329,GTF3C4,9329
gene_7539,GTF3C5|9328,GTF3C5,9328
gene_7540,GTF3C6|112495,GTF3C6,112495
gene_7541,GTPBP10|85865,GTPBP10,85865
gene_7542,GTPBP1|9567,GTPBP1,9567
gene_7543,GTPBP2|54676,GTPBP2,54676
gene_7544,GTPBP3|84705,GTPBP3,84705
gene_7545,GTPBP4|23560,GTPBP4,23560
gene_7546,GTPBP5|26164,GTPBP5,26164
gene_7547,GTPBP8|29083,GTPBP8,29083
gene_7548,GTSE1|51512,GTSE1,51512
gene_7549,GTSF1L|149699,GTSF1L,149699
gene_7550,GTSF1|121355,GTSF1,121355
gene_7551,GUCA1A|2978,GUCA1A,2978
gene_7552,GUCA1B|2979,GUCA1B,2979
gene_7553,GUCA1C|9626,GUCA1C,9626
gene_7554,GUCA2A|2980,GUCA2A,2980
gene_7555,GUCA2B|2981,GUCA2B,2981
gene_7556,GUCY1A2|2977,GUCY1A2,2977
gene_7557,GUCY1A3|2982,GUCY1A3,2982
gene_7558,GUCY1B2|2974,GUCY1B2,2974
gene_7559,GUCY1B3|2983,GUCY1B3,2983
gene_7560,GUCY2C|2984,GUCY2C,2984
gene_7561,GUCY2D|3000,GUCY2D,3000
gene_7562,GUCY2E|390226,GUCY2E,390226
gene_7563,GUCY2F|2986,GUCY2F,2986
gene_7564,GUCY2GP|390003,GUCY2GP,390003
gene_7565,GUF1|60558,GUF1,60558
gene_7566,GUK1|2987,GUK1,2987
gene_7567,GULP1|51454,GULP1,51454
gene_7568,GUSBL1|387036,GUSBL1,387036
gene_7569,GUSBL2|375513,GUSBL2,375513
gene_7570,GUSBP1|728411,GUSBP1,728411
gene_7571,GUSBP3|653188,GUSBP3,653188
gene_7572,GUSB|2990,GUSB,2990
gene_7573,GVIN1|387751,GVIN1,387751
gene_7574,GXYLT1|283464,GXYLT1,283464
gene_7575,GXYLT2|727936,GXYLT2,727936
gene_7576,GYG1|2992,GYG1,2992
gene_7577,GYG2|8908,GYG2,8908
gene_7578,GYLTL1B|120071,GYLTL1B,120071
gene_7579,GYPA|2993,GYPA,2993
gene_7580,GYPB|2994,GYPB,2994
gene_7581,GYPC|2995,GYPC,2995
gene_7582,GYPE|2996,GYPE,2996
gene_7583,GYS1|2997,GYS1,2997
gene_7584,GYS2|2998,GYS2,2998
gene_7585,GZF1|64412,GZF1,64412
gene_7586,GZMA|3001,GZMA,3001
gene_7587,GZMB|3002,GZMB,3002
gene_7588,GZMH|2999,GZMH,2999
gene_7589,GZMK|3003,GZMK,3003
gene_7590,GZMM|3004,GZMM,3004
gene_7591,H19|283120,H19,283120
gene_7592,H1F0|3005,H1F0,3005
gene_7593,H1FNT|341567,H1FNT,341567
gene_7594,H1FOO|132243,H1FOO,132243
gene_7595,H1FX|8971,H1FX,8971
gene_7596,H2AFB1|474382,H2AFB1,474382
gene_7597,H2AFJ|55766,H2AFJ,55766
gene_7598,H2AFV|94239,H2AFV,94239
gene_7599,H2AFX|3014,H2AFX,3014
gene_7600,H2AFY2|55506,H2AFY2,55506
gene_7601,H2AFY|9555,H2AFY,9555
gene_7602,H2AFZ|3015,H2AFZ,3015
gene_7603,H2BFM|286436,H2BFM,286436
gene_7604,H2BFWT|158983,H2BFWT,158983
gene_7605,H2BFXP|767811,H2BFXP,767811
gene_7606,H3F3A|3020,H3F3A,3020
gene_7607,H3F3B|3021,H3F3B,3021
gene_7608,H3F3C|440093,H3F3C,440093
gene_7609,H6PD|9563,H6PD,9563
gene_7610,HAAO|23498,HAAO,23498
gene_7611,HABP2|3026,HABP2,3026
gene_7612,HABP4|22927,HABP4,22927
gene_7613,HACE1|57531,HACE1,57531
gene_7614,HACL1|26061,HACL1,26061
gene_7615,HADHA|3030,HADHA,3030
gene_7616,HADHB|3032,HADHB,3032
gene_7617,HADH|3033,HADH,3033
gene_7618,HAGHL|84264,HAGHL,84264
gene_7619,HAGH|3029,HAGH,3029
gene_7620,HAL|3034,HAL,3034
gene_7621,HAMP|57817,HAMP,57817
gene_7622,HAND1|9421,HAND1,9421
gene_7623,HAND2|9464,HAND2,9464
gene_7624,HAO1|54363,HAO1,54363
gene_7625,HAO2|51179,HAO2,51179
gene_7626,HAP1|9001,HAP1,9001
gene_7627,HAPLN1|1404,HAPLN1,1404
gene_7628,HAPLN2|60484,HAPLN2,60484
gene_7629,HAPLN3|145864,HAPLN3,145864
gene_7630,HAPLN4|404037,HAPLN4,404037
gene_7631,HAR1A|768096,HAR1A,768096
gene_7632,HAR1B|768097,HAR1B,768097
gene_7633,HARBI1|283254,HARBI1,283254
gene_7634,HARS2|23438,HARS2,23438
gene_7635,HARS|3035,HARS,3035
gene_7636,HAS1|3036,HAS1,3036
gene_7637,HAS2AS|594842,HAS2AS,594842
gene_7638,HAS2|3037,HAS2,3037
gene_7639,HAS3|3038,HAS3,3038
gene_7640,HAT1|8520,HAT1,8520
gene_7641,HAUS1|115106,HAUS1,115106
gene_7642,HAUS2|55142,HAUS2,55142
gene_7643,HAUS3|79441,HAUS3,79441
gene_7644,HAUS4|54930,HAUS4,54930
gene_7645,HAUS5|23354,HAUS5,23354
gene_7646,HAUS6|54801,HAUS6,54801
gene_7647,HAUS7|55559,HAUS7,55559
gene_7648,HAUS8|93323,HAUS8,93323
gene_7649,HAVCR1|26762,HAVCR1,26762
gene_7650,HAVCR2|84868,HAVCR2,84868
gene_7651,HAX1|10456,HAX1,10456
gene_7652,HBA1|3039,HBA1,3039
gene_7653,HBA2|3040,HBA2,3040
gene_7654,HBBP1|3044,HBBP1,3044
gene_7655,HBB|3043,HBB,3043
gene_7656,HBD|3045,HBD,3045
gene_7657,HBE1|3046,HBE1,3046
gene_7658,HBEGF|1839,HBEGF,1839
gene_7659,HBG1|3047,HBG1,3047
gene_7660,HBG2|3048,HBG2,3048
gene_7661,HBII-52-24|100036563,HBII-52-24,100036563
gene_7662,HBII-52-27|100036564,HBII-52-27,100036564
gene_7663,HBII-52-28|100036565,HBII-52-28,100036565
gene_7664,HBII-52-45|100036566,HBII-52-45,100036566
gene_7665,HBII-52-46|100036567,HBII-52-46,100036567
gene_7666,HBM|3042,HBM,3042
gene_7667,HBP1|26959,HBP1,26959
gene_7668,HBQ1|3049,HBQ1,3049
gene_7669,HBS1L|10767,HBS1L,10767
gene_7670,HBXIP|10542,HBXIP,10542
gene_7671,HBZ|3050,HBZ,3050
gene_7672,HCCS|3052,HCCS,3052
gene_7673,HCFC1R1|54985,HCFC1R1,54985
gene_7674,HCFC1|3054,HCFC1,3054
gene_7675,HCFC2|29915,HCFC2,29915
gene_7676,HCG11|493812,HCG11,493812
gene_7677,HCG18|414777,HCG18,414777
gene_7678,HCG22|285834,HCG22,285834
gene_7679,HCG26|352961,HCG26,352961
gene_7680,HCG27|253018,HCG27,253018
gene_7681,HCG2P7|80867,HCG2P7,80867
gene_7682,HCG4P6|80868,HCG4P6,80868
gene_7683,HCG4|54435,HCG4,54435
gene_7684,HCG9|10255,HCG9,10255
gene_7685,HCK|3055,HCK,3055
gene_7686,HCLS1|3059,HCLS1,3059
gene_7687,HCN1|348980,HCN1,348980
gene_7688,HCN2|610,HCN2,610
gene_7689,HCN3|57657,HCN3,57657
gene_7690,HCN4|10021,HCN4,10021
gene_7691,HCP5|10866,HCP5,10866
gene_7692,HCRTR1|3061,HCRTR1,3061
gene_7693,HCRTR2|3062,HCRTR2,3062
gene_7694,HCRT|3060,HCRT,3060
gene_7695,HCST|10870,HCST,10870
gene_7696,HDAC10|83933,HDAC10,83933
gene_7697,HDAC11|79885,HDAC11,79885
gene_7698,HDAC1|3065,HDAC1,3065
gene_7699,HDAC2|3066,HDAC2,3066
gene_7700,HDAC3|8841,HDAC3,8841
gene_7701,HDAC4|9759,HDAC4,9759
gene_7702,HDAC5|10014,HDAC5,10014
gene_7703,HDAC6|10013,HDAC6,10013
gene_7704,HDAC7|51564,HDAC7,51564
gene_7705,HDAC8|55869,HDAC8,55869
gene_7706,HDAC9|9734,HDAC9,9734
gene_7707,HDC|3067,HDC,3067
gene_7708,HDDC2|51020,HDDC2,51020
gene_7709,HDDC3|374659,HDDC3,374659
gene_7710,HDGFL1|154150,HDGFL1,154150
gene_7711,HDGFRP2|84717,HDGFRP2,84717
gene_7712,HDGFRP3|50810,HDGFRP3,50810
gene_7713,HDGF|3068,HDGF,3068
gene_7714,HDHD1A|8226,HDHD1A,8226
gene_7715,HDHD2|84064,HDHD2,84064
gene_7716,HDHD3|81932,HDHD3,81932
gene_7717,HDLBP|3069,HDLBP,3069
gene_7718,HDX|139324,HDX,139324
gene_7719,HEATR1|55127,HEATR1,55127
gene_7720,HEATR2|54919,HEATR2,54919
gene_7721,HEATR3|55027,HEATR3,55027
gene_7722,HEATR4|399671,HEATR4,399671
gene_7723,HEATR5A|25938,HEATR5A,25938
gene_7724,HEATR5B|54497,HEATR5B,54497
gene_7725,HEATR6|63897,HEATR6,63897
gene_7726,HEATR7A|727957,HEATR7A,727957
gene_7727,HEATR7B2|133558,HEATR7B2,133558
gene_7728,HEBP1|50865,HEBP1,50865
gene_7729,HEBP2|23593,HEBP2,23593
gene_7730,HECA|51696,HECA,51696
gene_7731,HECTD1|25831,HECTD1,25831
gene_7732,HECTD2|143279,HECTD2,143279
gene_7733,HECTD3|79654,HECTD3,79654
gene_7734,HECW1|23072,HECW1,23072
gene_7735,HECW2|57520,HECW2,57520
gene_7736,HEG1|57493,HEG1,57493
gene_7737,HELB|92797,HELB,92797
gene_7738,HELLS|3070,HELLS,3070
gene_7739,HELQ|113510,HELQ,113510
gene_7740,HELT|391723,HELT,391723
gene_7741,HELZ|9931,HELZ,9931
gene_7742,HEMGN|55363,HEMGN,55363
gene_7743,HEMK1|51409,HEMK1,51409
gene_7744,HEPACAM2|253012,HEPACAM2,253012
gene_7745,HEPACAM|220296,HEPACAM,220296
gene_7746,HEPHL1|341208,HEPHL1,341208
gene_7747,HEPH|9843,HEPH,9843
gene_7748,HEPN1|641654,HEPN1,641654
gene_7749,HERC1|8925,HERC1,8925
gene_7750,HERC2P2|400322,HERC2P2,400322
gene_7751,HERC2P4|440362,HERC2P4,440362
gene_7752,HERC2|8924,HERC2,8924
gene_7753,HERC3|8916,HERC3,8916
gene_7754,HERC4|26091,HERC4,26091
gene_7755,HERC5|51191,HERC5,51191
gene_7756,HERC6|55008,HERC6,55008
gene_7757,HERPUD1|9709,HERPUD1,9709
gene_7758,HERPUD2|64224,HERPUD2,64224
gene_7759,HES1|3280,HES1,3280
gene_7760,HES2|54626,HES2,54626
gene_7761,HES3|390992,HES3,390992
gene_7762,HES4|57801,HES4,57801
gene_7763,HES5|388585,HES5,388585
gene_7764,HES6|55502,HES6,55502
gene_7765,HES7|84667,HES7,84667
gene_7766,HESRG|790952,HESRG,790952
gene_7767,HESX1|8820,HESX1,8820
gene_7768,HEXA|3073,HEXA,3073
gene_7769,HEXB|3074,HEXB,3074
gene_7770,HEXDC|284004,HEXDC,284004
gene_7771,HEXIM1|10614,HEXIM1,10614
gene_7772,HEXIM2|124790,HEXIM2,124790
gene_7773,HEY1|23462,HEY1,23462
gene_7774,HEY2|23493,HEY2,23493
gene_7775,HEYL|26508,HEYL,26508
gene_7776,HFE2|148738,HFE2,148738
gene_7777,HFE|3077,HFE,3077
gene_7778,HFM1|164045,HFM1,164045
gene_7779,HGC6.3|100128124,HGC6.3,100128124
gene_7780,HGD|3081,HGD,3081
gene_7781,HGFAC|3083,HGFAC,3083
gene_7782,HGF|3082,HGF,3082
gene_7783,HGSNAT|138050,HGSNAT,138050
gene_7784,HGS|9146,HGS,9146
gene_7785,HHATL|57467,HHATL,57467
gene_7786,HHAT|55733,HHAT,55733
gene_7787,HHEX|3087,HHEX,3087
gene_7788,HHIPL1|84439,HHIPL1,84439
gene_7789,HHIPL2|79802,HHIPL2,79802
gene_7790,HHIP|64399,HHIP,64399
gene_7791,HHLA1|10086,HHLA1,10086
gene_7792,HHLA2|11148,HHLA2,11148
gene_7793,HHLA3|11147,HHLA3,11147
gene_7794,HIAT1|64645,HIAT1,64645
gene_7795,HIATL1|84641,HIATL1,84641
gene_7796,HIATL2|84278,HIATL2,84278
gene_7797,HIBADH|11112,HIBADH,11112
gene_7798,HIBCH|26275,HIBCH,26275
gene_7799,HIC1|3090,HIC1,3090
gene_7800,HIC2|23119,HIC2,23119
gene_7801,HIF1AN|55662,HIF1AN,55662
gene_7802,HIF1A|3091,HIF1A,3091
gene_7803,HIF3A|64344,HIF3A,64344
gene_7804,HIGD1A|25994,HIGD1A,25994
gene_7805,HIGD1B|51751,HIGD1B,51751
gene_7806,HIGD1C|613227,HIGD1C,613227
gene_7807,HIGD2A|192286,HIGD2A,192286
gene_7808,HIGD2B|123346,HIGD2B,123346
gene_7809,HILS1|373861,HILS1,373861
gene_7810,HINFP|25988,HINFP,25988
gene_7811,HINT1|3094,HINT1,3094
gene_7812,HINT2|84681,HINT2,84681
gene_7813,HINT3|135114,HINT3,135114
gene_7814,HIP1R|9026,HIP1R,9026
gene_7815,HIP1|3092,HIP1,3092
gene_7816,HIPK1|204851,HIPK1,204851
gene_7817,HIPK2|28996,HIPK2,28996
gene_7818,HIPK3|10114,HIPK3,10114
gene_7819,HIPK4|147746,HIPK4,147746
gene_7820,HIRA|7290,HIRA,7290
gene_7821,HIRIP3|8479,HIRIP3,8479
gene_7822,HIST1H1A|3024,HIST1H1A,3024
gene_7823,HIST1H1B|3009,HIST1H1B,3009
gene_7824,HIST1H1C|3006,HIST1H1C,3006
gene_7825,HIST1H1D|3007,HIST1H1D,3007
gene_7826,HIST1H1E|3008,HIST1H1E,3008
gene_7827,HIST1H1T|3010,HIST1H1T,3010
gene_7828,HIST1H2AA|221613,HIST1H2AA,221613
gene_7829,HIST1H2AB|8335,HIST1H2AB,8335
gene_7830,HIST1H2AC|8334,HIST1H2AC,8334
gene_7831,HIST1H2AD|3013,HIST1H2AD,3013
gene_7832,HIST1H2AE|3012,HIST1H2AE,3012
gene_7833,HIST1H2AG|8969,HIST1H2AG,8969
gene_7834,HIST1H2AH|85235,HIST1H2AH,85235
gene_7835,HIST1H2AJ|8331,HIST1H2AJ,8331
gene_7836,HIST1H2AK|8330,HIST1H2AK,8330
gene_7837,HIST1H2AL|8332,HIST1H2AL,8332
gene_7838,HIST1H2AM|8336,HIST1H2AM,8336
gene_7839,HIST1H2BA|255626,HIST1H2BA,255626
gene_7840,HIST1H2BB|3018,HIST1H2BB,3018
gene_7841,HIST1H2BC|8347,HIST1H2BC,8347
gene_7842,HIST1H2BD|3017,HIST1H2BD,3017
gene_7843,HIST1H2BE|8344,HIST1H2BE,8344
gene_7844,HIST1H2BF|8343,HIST1H2BF,8343
gene_7845,HIST1H2BG|8339,HIST1H2BG,8339
gene_7846,HIST1H2BH|8345,HIST1H2BH,8345
gene_7847,HIST1H2BI|8346,HIST1H2BI,8346
gene_7848,HIST1H2BJ|8970,HIST1H2BJ,8970
gene_7849,HIST1H2BK|85236,HIST1H2BK,85236
gene_7850,HIST1H2BL|8340,HIST1H2BL,8340
gene_7851,HIST1H2BM|8342,HIST1H2BM,8342
gene_7852,HIST1H2BN|8341,HIST1H2BN,8341
gene_7853,HIST1H2BO|8348,HIST1H2BO,8348
gene_7854,HIST1H3A|8350,HIST1H3A,8350
gene_7855,HIST1H3B|8358,HIST1H3B,8358
gene_7856,HIST1H3C|8352,HIST1H3C,8352
gene_7857,HIST1H3D|8351,HIST1H3D,8351
gene_7858,HIST1H3E|8353,HIST1H3E,8353
gene_7859,HIST1H3F|8968,HIST1H3F,8968
gene_7860,HIST1H3G|8355,HIST1H3G,8355
gene_7861,HIST1H3H|8357,HIST1H3H,8357
gene_7862,HIST1H3I|8354,HIST1H3I,8354
gene_7863,HIST1H3J|8356,HIST1H3J,8356
gene_7864,HIST1H4A|8359,HIST1H4A,8359
gene_7865,HIST1H4B|8366,HIST1H4B,8366
gene_7866,HIST1H4C|8364,HIST1H4C,8364
gene_7867,HIST1H4D|8360,HIST1H4D,8360
gene_7868,HIST1H4E|8367,HIST1H4E,8367
gene_7869,HIST1H4F|8361,HIST1H4F,8361
gene_7870,HIST1H4G|8369,HIST1H4G,8369
gene_7871,HIST1H4H|8365,HIST1H4H,8365
gene_7872,HIST1H4I|8294,HIST1H4I,8294
gene_7873,HIST1H4J|8363,HIST1H4J,8363
gene_7874,HIST1H4K|8362,HIST1H4K,8362
gene_7875,HIST1H4L|8368,HIST1H4L,8368
gene_7876,HIST2H2AA3|8337,HIST2H2AA3,8337
gene_7877,HIST2H2AB|317772,HIST2H2AB,317772
gene_7878,HIST2H2AC|8338,HIST2H2AC,8338
gene_7879,HIST2H2BA|337875,HIST2H2BA,337875
gene_7880,HIST2H2BE|8349,HIST2H2BE,8349
gene_7881,HIST2H2BF|440689,HIST2H2BF,440689
gene_7882,HIST2H3C|126961,HIST2H3C,126961
gene_7883,HIST2H3D|653604,HIST2H3D,653604
gene_7884,HIST2H4A|8370,HIST2H4A,8370
gene_7885,HIST3H2A|92815,HIST3H2A,92815
gene_7886,HIST3H2BB|128312,HIST3H2BB,128312
gene_7887,HIST3H3|8290,HIST3H3,8290
gene_7888,HIST4H4|121504,HIST4H4,121504
gene_7889,HIVEP1|3096,HIVEP1,3096
gene_7890,HIVEP2|3097,HIVEP2,3097
gene_7891,HIVEP3|59269,HIVEP3,59269
gene_7892,HJURP|55355,HJURP,55355
gene_7893,HK1|3098,HK1,3098
gene_7894,HK2|3099,HK2,3099
gene_7895,HK3|3101,HK3,3101
gene_7896,HKDC1|80201,HKDC1,80201
gene_7897,HKR1|284459,HKR1,284459
gene_7898,HLA-A|3105,HLA-A,3105
gene_7899,HLA-B|3106,HLA-B,3106
gene_7900,HLA-C|3107,HLA-C,3107
gene_7901,HLA-DMA|3108,HLA-DMA,3108
gene_7902,HLA-DMB|3109,HLA-DMB,3109
gene_7903,HLA-DOA|3111,HLA-DOA,3111
gene_7904,HLA-DOB|3112,HLA-DOB,3112
gene_7905,HLA-DPA1|3113,HLA-DPA1,3113
gene_7906,HLA-DPB1|3115,HLA-DPB1,3115
gene_7907,HLA-DPB2|3116,HLA-DPB2,3116
gene_7908,HLA-DQA1|3117,HLA-DQA1,3117
gene_7909,HLA-DQA2|3118,HLA-DQA2,3118
gene_7910,HLA-DQB1|3119,HLA-DQB1,3119
gene_7911,HLA-DQB2|3120,HLA-DQB2,3120
gene_7912,HLA-DRA|3122,HLA-DRA,3122
gene_7913,HLA-DRB1|3123,HLA-DRB1,3123
gene_7914,HLA-DRB5|3127,HLA-DRB5,3127
gene_7915,HLA-DRB6|3128,HLA-DRB6,3128
gene_7916,HLA-E|3133,HLA-E,3133
gene_7917,HLA-F|3134,HLA-F,3134
gene_7918,HLA-G|3135,HLA-G,3135
gene_7919,HLA-H|3136,HLA-H,3136
gene_7920,HLA-J|3137,HLA-J,3137
gene_7921,HLA-L|3139,HLA-L,3139
gene_7922,HLCS|3141,HLCS,3141
gene_7923,HLF|3131,HLF,3131
gene_7924,HLTF|6596,HLTF,6596
gene_7925,HLX|3142,HLX,3142
gene_7926,HM13|81502,HM13,81502
gene_7927,HMBOX1|79618,HMBOX1,79618
gene_7928,HMBS|3145,HMBS,3145
gene_7929,HMCN1|83872,HMCN1,83872
gene_7930,HMG20A|10363,HMG20A,10363
gene_7931,HMG20B|10362,HMG20B,10362
gene_7932,HMGA1|3159,HMGA1,3159
gene_7933,HMGA2|8091,HMGA2,8091
gene_7934,HMGB1|3146,HMGB1,3146
gene_7935,HMGB2|3148,HMGB2,3148
gene_7936,HMGB3L1|128872,HMGB3L1,128872
gene_7937,HMGB3|3149,HMGB3,3149
gene_7938,HMGB4|127540,HMGB4,127540
gene_7939,HMGCLL1|54511,HMGCLL1,54511
gene_7940,HMGCL|3155,HMGCL,3155
gene_7941,HMGCR|3156,HMGCR,3156
gene_7942,HMGCS1|3157,HMGCS1,3157
gene_7943,HMGCS2|3158,HMGCS2,3158
gene_7944,HMGN1|3150,HMGN1,3150
gene_7945,HMGN2|3151,HMGN2,3151
gene_7946,HMGN3|9324,HMGN3,9324
gene_7947,HMGN4|10473,HMGN4,10473
gene_7948,HMGN5|79366,HMGN5,79366
gene_7949,HMGXB3|22993,HMGXB3,22993
gene_7950,HMGXB4|10042,HMGXB4,10042
gene_7951,HMHA1|23526,HMHA1,23526
gene_7952,HMHB1|57824,HMHB1,57824
gene_7953,HMMR|3161,HMMR,3161
gene_7954,HMOX1|3162,HMOX1,3162
gene_7955,HMOX2|3163,HMOX2,3163
gene_7956,HMP19|51617,HMP19,51617
gene_7957,HMSD|284293,HMSD,284293
gene_7958,HMX1|3166,HMX1,3166
gene_7959,HMX2|3167,HMX2,3167
gene_7960,HMX3|340784,HMX3,340784
gene_7961,HN1L|90861,HN1L,90861
gene_7962,HN1|51155,HN1,51155
gene_7963,HNF1A|6927,HNF1A,6927
gene_7964,HNF1B|6928,HNF1B,6928
gene_7965,HNF4A|3172,HNF4A,3172
gene_7966,HNF4G|3174,HNF4G,3174
gene_7967,HNMT|3176,HNMT,3176
gene_7968,HNRNPA0|10949,HNRNPA0,10949
gene_7969,HNRNPA1L2|144983,HNRNPA1L2,144983
gene_7970,HNRNPA1|3178,HNRNPA1,3178
gene_7971,HNRNPA2B1|3181,HNRNPA2B1,3181
gene_7972,HNRNPA3P1|10151,HNRNPA3P1,10151
gene_7973,HNRNPA3|220988,HNRNPA3,220988
gene_7974,HNRNPAB|3182,HNRNPAB,3182
gene_7975,HNRNPCL1|343069,HNRNPCL1,343069
gene_7976,HNRNPC|3183,HNRNPC,3183
gene_7977,HNRNPD|3184,HNRNPD,3184
gene_7978,HNRNPF|3185,HNRNPF,3185
gene_7979,HNRNPH1|3187,HNRNPH1,3187
gene_7980,HNRNPH2|3188,HNRNPH2,3188
gene_7981,HNRNPH3|3189,HNRNPH3,3189
gene_7982,HNRNPK|3190,HNRNPK,3190
gene_7983,HNRNPL|3191,HNRNPL,3191
gene_7984,HNRNPM|4670,HNRNPM,4670
gene_7985,HNRNPR|10236,HNRNPR,10236
gene_7986,HNRNPUL1|11100,HNRNPUL1,11100
gene_7987,HNRNPUL2|221092,HNRNPUL2,221092
gene_7988,HNRNPU|3192,HNRNPU,3192
gene_7989,HNRPDL|9987,HNRPDL,9987
gene_7990,HNRPLL|92906,HNRPLL,92906
gene_7991,HOMER1|9456,HOMER1,9456
gene_7992,HOMER2|9455,HOMER2,9455
gene_7993,HOMER3|9454,HOMER3,9454
gene_7994,HOMEZ|57594,HOMEZ,57594
gene_7995,HOOK1|51361,HOOK1,51361
gene_7996,HOOK2|29911,HOOK2,29911
gene_7997,HOOK3|84376,HOOK3,84376
gene_7998,HOPX|84525,HOPX,84525
gene_7999,HORMAD1|84072,HORMAD1,84072
gene_8000,HORMAD2|150280,HORMAD2,150280
gene_8001,HOTAIR|100124700,HOTAIR,100124700
gene_8002,HOXA10|3206,HOXA10,3206
gene_8003,HOXA11AS|221883,HOXA11AS,221883
gene_8004,HOXA11|3207,HOXA11,3207
gene_8005,HOXA13|3209,HOXA13,3209
gene_8006,HOXA1|3198,HOXA1,3198
gene_8007,HOXA2|3199,HOXA2,3199
gene_8008,HOXA3|3200,HOXA3,3200
gene_8009,HOXA4|3201,HOXA4,3201
gene_8010,HOXA5|3202,HOXA5,3202
gene_8011,HOXA6|3203,HOXA6,3203
gene_8012,HOXA7|3204,HOXA7,3204
gene_8013,HOXA9|3205,HOXA9,3205
gene_8014,HOXB13|10481,HOXB13,10481
gene_8015,HOXB1|3211,HOXB1,3211
gene_8016,HOXB2|3212,HOXB2,3212
gene_8017,HOXB3|3213,HOXB3,3213
gene_8018,HOXB4|3214,HOXB4,3214
gene_8019,HOXB5|3215,HOXB5,3215
gene_8020,HOXB6|3216,HOXB6,3216
gene_8021,HOXB7|3217,HOXB7,3217
gene_8022,HOXB8|3218,HOXB8,3218
gene_8023,HOXB9|3219,HOXB9,3219
gene_8024,HOXC10|3226,HOXC10,3226
gene_8025,HOXC11|3227,HOXC11,3227
gene_8026,HOXC12|3228,HOXC12,3228
gene_8027,HOXC13|3229,HOXC13,3229
gene_8028,HOXC4|3221,HOXC4,3221
gene_8029,HOXC5|3222,HOXC5,3222
gene_8030,HOXC6|3223,HOXC6,3223
gene_8031,HOXC8|3224,HOXC8,3224
gene_8032,HOXC9|3225,HOXC9,3225
gene_8033,HOXD10|3236,HOXD10,3236
gene_8034,HOXD11|3237,HOXD11,3237
gene_8035,HOXD12|3238,HOXD12,3238
gene_8036,HOXD13|3239,HOXD13,3239
gene_8037,HOXD1|3231,HOXD1,3231
gene_8038,HOXD3|3232,HOXD3,3232
gene_8039,HOXD4|3233,HOXD4,3233
gene_8040,HOXD8|3234,HOXD8,3234
gene_8041,HOXD9|3235,HOXD9,3235
gene_8042,HP1BP3|50809,HP1BP3,50809
gene_8043,HPCAL1|3241,HPCAL1,3241
gene_8044,HPCAL4|51440,HPCAL4,51440
gene_8045,HPCA|3208,HPCA,3208
gene_8046,HPDL|84842,HPDL,84842
gene_8047,HPD|3242,HPD,3242
gene_8048,HPGDS|27306,HPGDS,27306
gene_8049,HPGD|3248,HPGD,3248
gene_8050,HPN|3249,HPN,3249
gene_8051,HPRT1|3251,HPRT1,3251
gene_8052,HPR|3250,HPR,3250
gene_8053,HPS1|3257,HPS1,3257
gene_8054,HPS3|84343,HPS3,84343
gene_8055,HPS4|89781,HPS4,89781
gene_8056,HPS5|11234,HPS5,11234
gene_8057,HPS6|79803,HPS6,79803
gene_8058,HPSE2|60495,HPSE2,60495
gene_8059,HPSE|10855,HPSE,10855
gene_8060,HPVC1|3262,HPVC1,3262
gene_8061,HPX|3263,HPX,3263
gene_8062,HPYR1|93668,HPYR1,93668
gene_8063,HP|3240,HP,3240
gene_8064,HRASLS2|54979,HRASLS2,54979
gene_8065,HRASLS5|117245,HRASLS5,117245
gene_8066,HRASLS|57110,HRASLS,57110
gene_8067,HRAS|3265,HRAS,3265
gene_8068,HRCT1|646962,HRCT1,646962
gene_8069,HRC|3270,HRC,3270
gene_8070,HRG|3273,HRG,3273
gene_8071,HRH1|3269,HRH1,3269
gene_8072,HRH2|3274,HRH2,3274
gene_8073,HRH3|11255,HRH3,11255
gene_8074,HRH4|59340,HRH4,59340
gene_8075,HRK|8739,HRK,8739
gene_8076,HRNBP3|146713,HRNBP3,146713
gene_8077,HRNR|388697,HRNR,388697
gene_8078,HRSP12|10247,HRSP12,10247
gene_8079,HR|55806,HR,55806
gene_8080,HS1BP3|64342,HS1BP3,64342
gene_8081,HS2ST1|9653,HS2ST1,9653
gene_8082,HS3ST1|9957,HS3ST1,9957
gene_8083,HS3ST2|9956,HS3ST2,9956
gene_8084,HS3ST3A1|9955,HS3ST3A1,9955
gene_8085,HS3ST3B1|9953,HS3ST3B1,9953
gene_8086,HS3ST4|9951,HS3ST4,9951
gene_8087,HS3ST5|222537,HS3ST5,222537
gene_8088,HS3ST6|64711,HS3ST6,64711
gene_8089,HS6ST1|9394,HS6ST1,9394
gene_8090,HS6ST2|90161,HS6ST2,90161
gene_8091,HS6ST3|266722,HS6ST3,266722
gene_8092,HSBP1L1|440498,HSBP1L1,440498
gene_8093,HSBP1|3281,HSBP1,3281
gene_8094,HSCB|150274,HSCB,150274
gene_8095,HSD11B1L|374875,HSD11B1L,374875
gene_8096,HSD11B1|3290,HSD11B1,3290
gene_8097,HSD11B2|3291,HSD11B2,3291
gene_8098,HSD17B10|3028,HSD17B10,3028
gene_8099,HSD17B11|51170,HSD17B11,51170
gene_8100,HSD17B12|51144,HSD17B12,51144
gene_8101,HSD17B13|345275,HSD17B13,345275
gene_8102,HSD17B14|51171,HSD17B14,51171
gene_8103,HSD17B1|3292,HSD17B1,3292
gene_8104,HSD17B2|3294,HSD17B2,3294
gene_8105,HSD17B3|3293,HSD17B3,3293
gene_8106,HSD17B4|3295,HSD17B4,3295
gene_8107,HSD17B6|8630,HSD17B6,8630
gene_8108,HSD17B7P2|158160,HSD17B7P2,158160
gene_8109,HSD17B7|51478,HSD17B7,51478
gene_8110,HSD17B8|7923,HSD17B8,7923
gene_8111,HSD3B1|3283,HSD3B1,3283
gene_8112,HSD3B2|3284,HSD3B2,3284
gene_8113,HSD3B7|80270,HSD3B7,80270
gene_8114,HSDL1|83693,HSDL1,83693
gene_8115,HSDL2|84263,HSDL2,84263
gene_8116,HSF1|3297,HSF1,3297
gene_8117,HSF2BP|11077,HSF2BP,11077
gene_8118,HSF2|3298,HSF2,3298
gene_8119,HSF4|3299,HSF4,3299
gene_8120,HSF5|124535,HSF5,124535
gene_8121,HSFX1|51402,HSFX1,51402
gene_8122,HSFX2|100130086,HSFX2,100130086
gene_8123,HSFY2|159119,HSFY2,159119
gene_8124,HSFYL1|27437,HSFYL1,27437
gene_8125,HSH2D|84941,HSH2D,84941
gene_8126,HSN2|378465,HSN2,378465
gene_8127,HSP90AA1|3320,HSP90AA1,3320
gene_8128,HSP90AB1|3326,HSP90AB1,3326
gene_8129,HSP90AB2P|391634,HSP90AB2P,391634
gene_8130,HSP90AB4P|664618,HSP90AB4P,664618
gene_8131,HSP90B1|7184,HSP90B1,7184
gene_8132,HSP90B3P|343477,HSP90B3P,343477
gene_8133,HSPA12A|259217,HSPA12A,259217
gene_8134,HSPA12B|116835,HSPA12B,116835
gene_8135,HSPA13|6782,HSPA13,6782
gene_8136,HSPA14|51182,HSPA14,51182
gene_8137,HSPA1A|3303,HSPA1A,3303
gene_8138,HSPA1B|3304,HSPA1B,3304
gene_8139,HSPA1L|3305,HSPA1L,3305
gene_8140,HSPA2|3306,HSPA2,3306
gene_8141,HSPA4L|22824,HSPA4L,22824
gene_8142,HSPA4|3308,HSPA4,3308
gene_8143,HSPA5|3309,HSPA5,3309
gene_8144,HSPA6|3310,HSPA6,3310
gene_8145,HSPA7|3311,HSPA7,3311
gene_8146,HSPA8|3312,HSPA8,3312
gene_8147,HSPA9|3313,HSPA9,3313
gene_8148,HSPB11|51668,HSPB11,51668
gene_8149,HSPB1|3315,HSPB1,3315
gene_8150,HSPB2|3316,HSPB2,3316
gene_8151,HSPB3|8988,HSPB3,8988
gene_8152,HSPB6|126393,HSPB6,126393
gene_8153,HSPB7|27129,HSPB7,27129
gene_8154,HSPB8|26353,HSPB8,26353
gene_8155,HSPB9|94086,HSPB9,94086
gene_8156,HSPBAP1|79663,HSPBAP1,79663
gene_8157,HSPBP1|23640,HSPBP1,23640
gene_8158,HSPC072|29075,HSPC072,29075
gene_8159,HSPC157|29092,HSPC157,29092
gene_8160,HSPC159|29094,HSPC159,29094
gene_8161,HSPD1|3329,HSPD1,3329
gene_8162,HSPE1|3336,HSPE1,3336
gene_8163,HSPG2|3339,HSPG2,3339
gene_8164,HSPH1|10808,HSPH1,10808
gene_8165,HTATIP2|10553,HTATIP2,10553
gene_8166,HTATSF1|27336,HTATSF1,27336
gene_8167,HTA|283902,HTA,283902
gene_8168,HTN1|3346,HTN1,3346
gene_8169,HTN3|3347,HTN3,3347
gene_8170,HTR1A|3350,HTR1A,3350
gene_8171,HTR1B|3351,HTR1B,3351
gene_8172,HTR1D|3352,HTR1D,3352
gene_8173,HTR1E|3354,HTR1E,3354
gene_8174,HTR1F|3355,HTR1F,3355
gene_8175,HTR2A|3356,HTR2A,3356
gene_8176,HTR2B|3357,HTR2B,3357
gene_8177,HTR2C|3358,HTR2C,3358
gene_8178,HTR3A|3359,HTR3A,3359
gene_8179,HTR3B|9177,HTR3B,9177
gene_8180,HTR3C|170572,HTR3C,170572
gene_8181,HTR3D|200909,HTR3D,200909
gene_8182,HTR3E|285242,HTR3E,285242
gene_8183,HTR4|3360,HTR4,3360
gene_8184,HTR5A|3361,HTR5A,3361
gene_8185,HTR6|3362,HTR6,3362
gene_8186,HTR7P1|93164,HTR7P1,93164
gene_8187,HTR7|3363,HTR7,3363
gene_8188,HTRA1|5654,HTRA1,5654
gene_8189,HTRA2|27429,HTRA2,27429
gene_8190,HTRA3|94031,HTRA3,94031
gene_8191,HTRA4|203100,HTRA4,203100
gene_8192,HTT|3064,HTT,3064
gene_8193,HULC|728655,HULC,728655
gene_8194,HUNK|30811,HUNK,30811
gene_8195,HUS1B|135458,HUS1B,135458
gene_8196,HUS1|3364,HUS1,3364
gene_8197,HUWE1|10075,HUWE1,10075
gene_8198,HVCN1|84329,HVCN1,84329
gene_8199,HYAL1|3373,HYAL1,3373
gene_8200,HYAL2|8692,HYAL2,8692
gene_8201,HYAL3|8372,HYAL3,8372
gene_8202,HYAL4|23553,HYAL4,23553
gene_8203,HYALP1|26062,HYALP1,26062
gene_8204,HYDIN|54768,HYDIN,54768
gene_8205,HYI|81888,HYI,81888
gene_8206,HYLS1|219844,HYLS1,219844
gene_8207,HYMAI|57061,HYMAI,57061
gene_8208,HYOU1|10525,HYOU1,10525
gene_8209,IAH1|285148,IAH1,285148
gene_8210,IAPP|3375,IAPP,3375
gene_8211,IARS2|55699,IARS2,55699
gene_8212,IARS|3376,IARS,3376
gene_8213,IBSP|3381,IBSP,3381
gene_8214,IBTK|25998,IBTK,25998
gene_8215,ICA1L|130026,ICA1L,130026
gene_8216,ICA1|3382,ICA1,3382
gene_8217,ICAM1|3383,ICAM1,3383
gene_8218,ICAM2|3384,ICAM2,3384
gene_8219,ICAM3|3385,ICAM3,3385
gene_8220,ICAM4|3386,ICAM4,3386
gene_8221,ICAM5|7087,ICAM5,7087
gene_8222,ICK|22858,ICK,22858
gene_8223,ICMT|23463,ICMT,23463
gene_8224,ICOSLG|23308,ICOSLG,23308
gene_8225,ICOS|29851,ICOS,29851
gene_8226,ICT1|3396,ICT1,3396
gene_8227,ID1|3397,ID1,3397
gene_8228,ID2B|84099,ID2B,84099
gene_8229,ID2|3398,ID2,3398
gene_8230,ID3|3399,ID3,3399
gene_8231,ID4|3400,ID4,3400
gene_8232,IDE|3416,IDE,3416
gene_8233,IDH1|3417,IDH1,3417
gene_8234,IDH2|3418,IDH2,3418
gene_8235,IDH3A|3419,IDH3A,3419
gene_8236,IDH3B|3420,IDH3B,3420
gene_8237,IDH3G|3421,IDH3G,3421
gene_8238,IDI1|3422,IDI1,3422
gene_8239,IDI2|91734,IDI2,91734
gene_8240,IDO1|3620,IDO1,3620
gene_8241,IDO2|169355,IDO2,169355
gene_8242,IDS|3423,IDS,3423
gene_8243,IDUA|3425,IDUA,3425
gene_8244,IER2|9592,IER2,9592
gene_8245,IER3IP1|51124,IER3IP1,51124
gene_8246,IER3|8870,IER3,8870
gene_8247,IER5L|389792,IER5L,389792
gene_8248,IER5|51278,IER5,51278
gene_8249,IFFO1|25900,IFFO1,25900
gene_8250,IFFO2|126917,IFFO2,126917
gene_8251,IFI16|3428,IFI16,3428
gene_8252,IFI27L1|122509,IFI27L1,122509
gene_8253,IFI27L2|83982,IFI27L2,83982
gene_8254,IFI27|3429,IFI27,3429
gene_8255,IFI30|10437,IFI30,10437
gene_8256,IFI35|3430,IFI35,3430
gene_8257,IFI44L|10964,IFI44L,10964
gene_8258,IFI44|10561,IFI44,10561
gene_8259,IFI6|2537,IFI6,2537
gene_8260,IFIH1|64135,IFIH1,64135
gene_8261,IFIT1B|439996,IFIT1B,439996
gene_8262,IFIT1|3434,IFIT1,3434
gene_8263,IFIT2|3433,IFIT2,3433
gene_8264,IFIT3|3437,IFIT3,3437
gene_8265,IFIT5|24138,IFIT5,24138
gene_8266,IFITM1|8519,IFITM1,8519
gene_8267,IFITM2|10581,IFITM2,10581
gene_8268,IFITM3|10410,IFITM3,10410
gene_8269,IFITM4P|340198,IFITM4P,340198
gene_8270,IFITM5|387733,IFITM5,387733
gene_8271,IFLTD1|160492,IFLTD1,160492
gene_8272,IFNA10|3446,IFNA10,3446
gene_8273,IFNA13|3447,IFNA13,3447
gene_8274,IFNA14|3448,IFNA14,3448
gene_8275,IFNA16|3449,IFNA16,3449
gene_8276,IFNA17|3451,IFNA17,3451
gene_8277,IFNA1|3439,IFNA1,3439
gene_8278,IFNA21|3452,IFNA21,3452
gene_8279,IFNA2|3440,IFNA2,3440
gene_8280,IFNA4|3441,IFNA4,3441
gene_8281,IFNA5|3442,IFNA5,3442
gene_8282,IFNA6|3443,IFNA6,3443
gene_8283,IFNA7|3444,IFNA7,3444
gene_8284,IFNA8|3445,IFNA8,3445
gene_8285,IFNAR1|3454,IFNAR1,3454
gene_8286,IFNAR2|3455,IFNAR2,3455
gene_8287,IFNB1|3456,IFNB1,3456
gene_8288,IFNE|338376,IFNE,338376
gene_8289,IFNGR1|3459,IFNGR1,3459
gene_8290,IFNGR2|3460,IFNGR2,3460
gene_8291,IFNG|3458,IFNG,3458
gene_8292,IFNK|56832,IFNK,56832
gene_8293,IFNW1|3467,IFNW1,3467
gene_8294,IFRD1|3475,IFRD1,3475
gene_8295,IFRD2|7866,IFRD2,7866
gene_8296,IFT122|55764,IFT122,55764
gene_8297,IFT140|9742,IFT140,9742
gene_8298,IFT172|26160,IFT172,26160
gene_8299,IFT20|90410,IFT20,90410
gene_8300,IFT27|11020,IFT27,11020
gene_8301,IFT46|56912,IFT46,56912
gene_8302,IFT52|51098,IFT52,51098
gene_8303,IFT57|55081,IFT57,55081
gene_8304,IFT74|80173,IFT74,80173
gene_8305,IFT80|57560,IFT80,57560
gene_8306,IFT81|28981,IFT81,28981
gene_8307,IFT88|8100,IFT88,8100
gene_8308,IGBP1|3476,IGBP1,3476
gene_8309,IGDCC3|9543,IGDCC3,9543
gene_8310,IGDCC4|57722,IGDCC4,57722
gene_8311,IGF1R|3480,IGF1R,3480
gene_8312,IGF1|3479,IGF1,3479
gene_8313,IGF2AS|51214,IGF2AS,51214
gene_8314,IGF2BP1|10642,IGF2BP1,10642
gene_8315,IGF2BP2|10644,IGF2BP2,10644
gene_8316,IGF2BP3|10643,IGF2BP3,10643
gene_8317,IGF2R|3482,IGF2R,3482
gene_8318,IGF2|3481,IGF2,3481
gene_8319,IGFALS|3483,IGFALS,3483
gene_8320,IGFBP1|3484,IGFBP1,3484
gene_8321,IGFBP2|3485,IGFBP2,3485
gene_8322,IGFBP3|3486,IGFBP3,3486
gene_8323,IGFBP4|3487,IGFBP4,3487
gene_8324,IGFBP5|3488,IGFBP5,3488
gene_8325,IGFBP6|3489,IGFBP6,3489
gene_8326,IGFBP7|3490,IGFBP7,3490
gene_8327,IGFBPL1|347252,IGFBPL1,347252
gene_8328,IGFL1|374918,IGFL1,374918
gene_8329,IGFL2|147920,IGFL2,147920
gene_8330,IGFL3|388555,IGFL3,388555
gene_8331,IGFL4|444882,IGFL4,444882
gene_8332,IGFN1|91156,IGFN1,91156
gene_8333,IGHMBP2|3508,IGHMBP2,3508
gene_8334,IGJ|3512,IGJ,3512
gene_8335,IGLL1|3543,IGLL1,3543
gene_8336,IGLL3|91353,IGLL3,91353
gene_8337,IGLON5|402665,IGLON5,402665
gene_8338,IGSF10|285313,IGSF10,285313
gene_8339,IGSF11|152404,IGSF11,152404
gene_8340,IGSF1|3547,IGSF1,3547
gene_8341,IGSF21|84966,IGSF21,84966
gene_8342,IGSF22|283284,IGSF22,283284
gene_8343,IGSF3|3321,IGSF3,3321
gene_8344,IGSF5|150084,IGSF5,150084
gene_8345,IGSF6|10261,IGSF6,10261
gene_8346,IGSF8|93185,IGSF8,93185
gene_8347,IGSF9B|22997,IGSF9B,22997
gene_8348,IGSF9|57549,IGSF9,57549
gene_8349,IHH|3549,IHH,3549
gene_8350,IKBIP|121457,IKBIP,121457
gene_8351,IKBKAP|8518,IKBKAP,8518
gene_8352,IKBKB|3551,IKBKB,3551
gene_8353,IKBKE|9641,IKBKE,9641
gene_8354,IKBKG|8517,IKBKG,8517
gene_8355,IKZF1|10320,IKZF1,10320
gene_8356,IKZF2|22807,IKZF2,22807
gene_8357,IKZF3|22806,IKZF3,22806
gene_8358,IKZF4|64375,IKZF4,64375
gene_8359,IKZF5|64376,IKZF5,64376
gene_8360,IK|3550,IK,3550
gene_8361,IL10RA|3587,IL10RA,3587
gene_8362,IL10RB|3588,IL10RB,3588
gene_8363,IL10|3586,IL10,3586
gene_8364,IL11RA|3590,IL11RA,3590
gene_8365,IL11|3589,IL11,3589
gene_8366,IL12A|3592,IL12A,3592
gene_8367,IL12B|3593,IL12B,3593
gene_8368,IL12RB1|3594,IL12RB1,3594
gene_8369,IL12RB2|3595,IL12RB2,3595
gene_8370,IL13RA1|3597,IL13RA1,3597
gene_8371,IL13RA2|3598,IL13RA2,3598
gene_8372,IL13|3596,IL13,3596
gene_8373,IL15RA|3601,IL15RA,3601
gene_8374,IL15|3600,IL15,3600
gene_8375,IL16|3603,IL16,3603
gene_8376,IL17A|3605,IL17A,3605
gene_8377,IL17B|27190,IL17B,27190
gene_8378,IL17C|27189,IL17C,27189
gene_8379,IL17D|53342,IL17D,53342
gene_8380,IL17F|112744,IL17F,112744
gene_8381,IL17RA|23765,IL17RA,23765
gene_8382,IL17RB|55540,IL17RB,55540
gene_8383,IL17RC|84818,IL17RC,84818
gene_8384,IL17RD|54756,IL17RD,54756
gene_8385,IL17REL|400935,IL17REL,400935
gene_8386,IL17RE|132014,IL17RE,132014
gene_8387,IL18BP|10068,IL18BP,10068
gene_8388,IL18R1|8809,IL18R1,8809
gene_8389,IL18RAP|8807,IL18RAP,8807
gene_8390,IL18|3606,IL18,3606
gene_8391,IL19|29949,IL19,29949
gene_8392,IL1A|3552,IL1A,3552
gene_8393,IL1B|3553,IL1B,3553
gene_8394,IL1F10|84639,IL1F10,84639
gene_8395,IL1F5|26525,IL1F5,26525
gene_8396,IL1F6|27179,IL1F6,27179
gene_8397,IL1F7|27178,IL1F7,27178
gene_8398,IL1F8|27177,IL1F8,27177
gene_8399,IL1F9|56300,IL1F9,56300
gene_8400,IL1R1|3554,IL1R1,3554
gene_8401,IL1R2|7850,IL1R2,7850
gene_8402,IL1RAPL1|11141,IL1RAPL1,11141
gene_8403,IL1RAPL2|26280,IL1RAPL2,26280
gene_8404,IL1RAP|3556,IL1RAP,3556
gene_8405,IL1RL1|9173,IL1RL1,9173
gene_8406,IL1RL2|8808,IL1RL2,8808
gene_8407,IL1RN|3557,IL1RN,3557
gene_8408,IL20RA|53832,IL20RA,53832
gene_8409,IL20RB|53833,IL20RB,53833
gene_8410,IL20|50604,IL20,50604
gene_8411,IL21R|50615,IL21R,50615
gene_8412,IL21|59067,IL21,59067
gene_8413,IL22RA1|58985,IL22RA1,58985
gene_8414,IL22RA2|116379,IL22RA2,116379
gene_8415,IL22|50616,IL22,50616
gene_8416,IL23A|51561,IL23A,51561
gene_8417,IL23R|149233,IL23R,149233
gene_8418,IL24|11009,IL24,11009
gene_8419,IL25|64806,IL25,64806
gene_8420,IL26|55801,IL26,55801
gene_8421,IL27RA|9466,IL27RA,9466
gene_8422,IL27|246778,IL27,246778
gene_8423,IL28A|282616,IL28A,282616
gene_8424,IL28B|282617,IL28B,282617
gene_8425,IL28RA|163702,IL28RA,163702
gene_8426,IL29|282618,IL29,282618
gene_8427,IL2RA|3559,IL2RA,3559
gene_8428,IL2RB|3560,IL2RB,3560
gene_8429,IL2RG|3561,IL2RG,3561
gene_8430,IL2|3558,IL2,3558
gene_8431,IL31RA|133396,IL31RA,133396
gene_8432,IL31|386653,IL31,386653
gene_8433,IL32|9235,IL32,9235
gene_8434,IL33|90865,IL33,90865
gene_8435,IL34|146433,IL34,146433
gene_8436,IL3RA|3563,IL3RA,3563
gene_8437,IL3|3562,IL3,3562
gene_8438,IL4I1|259307,IL4I1,259307
gene_8439,IL4R|3566,IL4R,3566
gene_8440,IL4|3565,IL4,3565
gene_8441,IL5RA|3568,IL5RA,3568
gene_8442,IL5|3567,IL5,3567
gene_8443,IL6R|3570,IL6R,3570
gene_8444,IL6ST|3572,IL6ST,3572
gene_8445,IL6|3569,IL6,3569
gene_8446,IL7R|3575,IL7R,3575
gene_8447,IL7|3574,IL7,3574
gene_8448,IL8|3576,IL8,3576
gene_8449,IL9R|3581,IL9R,3581
gene_8450,IL9|3578,IL9,3578
gene_8451,ILDR1|286676,ILDR1,286676
gene_8452,ILDR2|387597,ILDR2,387597
gene_8453,ILF2|3608,ILF2,3608
gene_8454,ILF3|3609,ILF3,3609
gene_8455,ILKAP|80895,ILKAP,80895
gene_8456,ILK|3611,ILK,3611
gene_8457,ILVBL|10994,ILVBL,10994
gene_8458,IMMP1L|196294,IMMP1L,196294
gene_8459,IMMP2L|83943,IMMP2L,83943
gene_8460,IMMT|10989,IMMT,10989
gene_8461,IMP3|55272,IMP3,55272
gene_8462,IMP4|92856,IMP4,92856
gene_8463,IMP5|162540,IMP5,162540
gene_8464,IMPA1|3612,IMPA1,3612
gene_8465,IMPA2|3613,IMPA2,3613
gene_8466,IMPACT|55364,IMPACT,55364
gene_8467,IMPAD1|54928,IMPAD1,54928
gene_8468,IMPDH1|3614,IMPDH1,3614
gene_8469,IMPDH2|3615,IMPDH2,3615
gene_8470,IMPG1|3617,IMPG1,3617
gene_8471,IMPG2|50939,IMPG2,50939
gene_8472,INADL|10207,INADL,10207
gene_8473,INA|9118,INA,9118
gene_8474,INCA1|388324,INCA1,388324
gene_8475,INCENP|3619,INCENP,3619
gene_8476,INE1|8552,INE1,8552
gene_8477,INE2|8551,INE2,8551
gene_8478,INF2|64423,INF2,64423
gene_8479,ING1|3621,ING1,3621
gene_8480,ING2|3622,ING2,3622
gene_8481,ING3|54556,ING3,54556
gene_8482,ING4|51147,ING4,51147
gene_8483,ING5|84289,ING5,84289
gene_8484,INGX|27160,INGX,27160
gene_8485,INHA|3623,INHA,3623
gene_8486,INHBA|3624,INHBA,3624
gene_8487,INHBB|3625,INHBB,3625
gene_8488,INHBC|3626,INHBC,3626
gene_8489,INHBE|83729,INHBE,83729
gene_8490,INMT|11185,INMT,11185
gene_8491,INO80B|83444,INO80B,83444
gene_8492,INO80C|125476,INO80C,125476
gene_8493,INO80D|54891,INO80D,54891
gene_8494,INO80E|283899,INO80E,283899
gene_8495,INO80|54617,INO80,54617
gene_8496,INPP1|3628,INPP1,3628
gene_8497,INPP4A|3631,INPP4A,3631
gene_8498,INPP4B|8821,INPP4B,8821
gene_8499,INPP5A|3632,INPP5A,3632
gene_8500,INPP5B|3633,INPP5B,3633
gene_8501,INPP5D|3635,INPP5D,3635
gene_8502,INPP5E|56623,INPP5E,56623
gene_8503,INPP5F|22876,INPP5F,22876
gene_8504,INPP5J|27124,INPP5J,27124
gene_8505,INPP5K|51763,INPP5K,51763
gene_8506,INPPL1|3636,INPPL1,3636
gene_8507,INS-IGF2|723961,INS-IGF2,723961
gene_8508,INSC|387755,INSC,387755
gene_8509,INSIG1|3638,INSIG1,3638
gene_8510,INSIG2|51141,INSIG2,51141
gene_8511,INSL3|3640,INSL3,3640
gene_8512,INSL4|3641,INSL4,3641
gene_8513,INSL5|10022,INSL5,10022
gene_8514,INSL6|11172,INSL6,11172
gene_8515,INSM1|3642,INSM1,3642
gene_8516,INSM2|84684,INSM2,84684
gene_8517,INSRR|3645,INSRR,3645
gene_8518,INSR|3643,INSR,3643
gene_8519,INS|3630,INS,3630
gene_8520,INTS10|55174,INTS10,55174
gene_8521,INTS12|57117,INTS12,57117
gene_8522,INTS1|26173,INTS1,26173
gene_8523,INTS2|57508,INTS2,57508
gene_8524,INTS3|65123,INTS3,65123
gene_8525,INTS4L1|285905,INTS4L1,285905
gene_8526,INTS4L2|644619,INTS4L2,644619
gene_8527,INTS4|92105,INTS4,92105
gene_8528,INTS5|80789,INTS5,80789
gene_8529,INTS6|26512,INTS6,26512
gene_8530,INTS7|25896,INTS7,25896
gene_8531,INTS8|55656,INTS8,55656
gene_8532,INTS9|55756,INTS9,55756
gene_8533,INTU|27152,INTU,27152
gene_8534,INVS|27130,INVS,27130
gene_8535,IP6K1|9807,IP6K1,9807
gene_8536,IP6K2|51447,IP6K2,51447
gene_8537,IP6K3|117283,IP6K3,117283
gene_8538,IPCEF1|26034,IPCEF1,26034
gene_8539,IPMK|253430,IPMK,253430
gene_8540,IPO11|51194,IPO11,51194
gene_8541,IPO13|9670,IPO13,9670
gene_8542,IPO4|79711,IPO4,79711
gene_8543,IPO5|3843,IPO5,3843
gene_8544,IPO7|10527,IPO7,10527
gene_8545,IPO8|10526,IPO8,10526
gene_8546,IPO9|55705,IPO9,55705
gene_8547,IPPK|64768,IPPK,64768
gene_8548,IPP|3652,IPP,3652
gene_8549,IPW|3653,IPW,3653
gene_8550,IQCA1|79781,IQCA1,79781
gene_8551,IQCB1|9657,IQCB1,9657
gene_8552,IQCC|55721,IQCC,55721
gene_8553,IQCD|115811,IQCD,115811
gene_8554,IQCE|23288,IQCE,23288
gene_8555,IQCF1|132141,IQCF1,132141
gene_8556,IQCF2|389123,IQCF2,389123
gene_8557,IQCF3|401067,IQCF3,401067
gene_8558,IQCF5|389124,IQCF5,389124
gene_8559,IQCF6|440956,IQCF6,440956
gene_8560,IQCG|84223,IQCG,84223
gene_8561,IQCH|64799,IQCH,64799
gene_8562,IQCJ|654502,IQCJ,654502
gene_8563,IQCK|124152,IQCK,124152
gene_8564,IQGAP1|8826,IQGAP1,8826
gene_8565,IQGAP2|10788,IQGAP2,10788
gene_8566,IQGAP3|128239,IQGAP3,128239
gene_8567,IQSEC1|9922,IQSEC1,9922
gene_8568,IQSEC2|23096,IQSEC2,23096
gene_8569,IQSEC3|440073,IQSEC3,440073
gene_8570,IQUB|154865,IQUB,154865
gene_8571,IRAK1BP1|134728,IRAK1BP1,134728
gene_8572,IRAK1|3654,IRAK1,3654
gene_8573,IRAK2|3656,IRAK2,3656
gene_8574,IRAK3|11213,IRAK3,11213
gene_8575,IRAK4|51135,IRAK4,51135
gene_8576,IREB2|3658,IREB2,3658
gene_8577,IRF1|3659,IRF1,3659
gene_8578,IRF2BP1|26145,IRF2BP1,26145
gene_8579,IRF2BP2|359948,IRF2BP2,359948
gene_8580,IRF2|3660,IRF2,3660
gene_8581,IRF3|3661,IRF3,3661
gene_8582,IRF4|3662,IRF4,3662
gene_8583,IRF5|3663,IRF5,3663
gene_8584,IRF6|3664,IRF6,3664
gene_8585,IRF7|3665,IRF7,3665
gene_8586,IRF8|3394,IRF8,3394
gene_8587,IRF9|10379,IRF9,10379
gene_8588,IRGC|56269,IRGC,56269
gene_8589,IRGM|345611,IRGM,345611
gene_8590,IRGQ|126298,IRGQ,126298
gene_8591,IRS1|3667,IRS1,3667
gene_8592,IRS2|8660,IRS2,8660
gene_8593,IRS4|8471,IRS4,8471
gene_8594,IRX1|79192,IRX1,79192
gene_8595,IRX2|153572,IRX2,153572
gene_8596,IRX3|79191,IRX3,79191
gene_8597,IRX4|50805,IRX4,50805
gene_8598,IRX5|10265,IRX5,10265
gene_8599,IRX6|79190,IRX6,79190
gene_8600,ISCA1P1|389293,ISCA1P1,389293
gene_8601,ISCA1|81689,ISCA1,81689
gene_8602,ISCA2|122961,ISCA2,122961
gene_8603,ISCU|23479,ISCU,23479
gene_8604,ISG15|9636,ISG15,9636
gene_8605,ISG20L2|81875,ISG20L2,81875
gene_8606,ISG20|3669,ISG20,3669
gene_8607,ISL1|3670,ISL1,3670
gene_8608,ISL2|64843,ISL2,64843
gene_8609,ISLR2|57611,ISLR2,57611
gene_8610,ISLR|3671,ISLR,3671
gene_8611,ISM1|140862,ISM1,140862
gene_8612,ISM2|145501,ISM2,145501
gene_8613,ISOC1|51015,ISOC1,51015
gene_8614,ISOC2|79763,ISOC2,79763
gene_8615,ISPD|729920,ISPD,729920
gene_8616,ISX|91464,ISX,91464
gene_8617,ISY1|57461,ISY1,57461
gene_8618,ISYNA1|51477,ISYNA1,51477
gene_8619,ITCH|83737,ITCH,83737
gene_8620,ITFG1|81533,ITFG1,81533
gene_8621,ITFG2|55846,ITFG2,55846
gene_8622,ITFG3|83986,ITFG3,83986
gene_8623,ITGA10|8515,ITGA10,8515
gene_8624,ITGA11|22801,ITGA11,22801
gene_8625,ITGA1|3672,ITGA1,3672
gene_8626,ITGA2B|3674,ITGA2B,3674
gene_8627,ITGA2|3673,ITGA2,3673
gene_8628,ITGA3|3675,ITGA3,3675
gene_8629,ITGA4|3676,ITGA4,3676
gene_8630,ITGA5|3678,ITGA5,3678
gene_8631,ITGA6|3655,ITGA6,3655
gene_8632,ITGA7|3679,ITGA7,3679
gene_8633,ITGA8|8516,ITGA8,8516
gene_8634,ITGA9|3680,ITGA9,3680
gene_8635,ITGAD|3681,ITGAD,3681
gene_8636,ITGAE|3682,ITGAE,3682
gene_8637,ITGAL|3683,ITGAL,3683
gene_8638,ITGAM|3684,ITGAM,3684
gene_8639,ITGAV|3685,ITGAV,3685
gene_8640,ITGAX|3687,ITGAX,3687
gene_8641,ITGB1BP1|9270,ITGB1BP1,9270
gene_8642,ITGB1BP2|26548,ITGB1BP2,26548
gene_8643,ITGB1BP3|27231,ITGB1BP3,27231
gene_8644,ITGB1|3688,ITGB1,3688
gene_8645,ITGB2|3689,ITGB2,3689
gene_8646,ITGB3BP|23421,ITGB3BP,23421
gene_8647,ITGB3|3690,ITGB3,3690
gene_8648,ITGB4|3691,ITGB4,3691
gene_8649,ITGB5|3693,ITGB5,3693
gene_8650,ITGB6|3694,ITGB6,3694
gene_8651,ITGB7|3695,ITGB7,3695
gene_8652,ITGB8|3696,ITGB8,3696
gene_8653,ITGBL1|9358,ITGBL1,9358
gene_8654,ITIH1|3697,ITIH1,3697
gene_8655,ITIH2|3698,ITIH2,3698
gene_8656,ITIH3|3699,ITIH3,3699
gene_8657,ITIH4|3700,ITIH4,3700
gene_8658,ITIH5L|347365,ITIH5L,347365
gene_8659,ITIH5|80760,ITIH5,80760
gene_8660,ITK|3702,ITK,3702
gene_8661,ITLN1|55600,ITLN1,55600
gene_8662,ITLN2|142683,ITLN2,142683
gene_8663,ITM2A|9452,ITM2A,9452
gene_8664,ITM2B|9445,ITM2B,9445
gene_8665,ITM2C|81618,ITM2C,81618
gene_8666,ITPA|3704,ITPA,3704
gene_8667,ITPK1|3705,ITPK1,3705
gene_8668,ITPKA|3706,ITPKA,3706
gene_8669,ITPKB|3707,ITPKB,3707
gene_8670,ITPKC|80271,ITPKC,80271
gene_8671,ITPR1|3708,ITPR1,3708
gene_8672,ITPR2|3709,ITPR2,3709
gene_8673,ITPR3|3710,ITPR3,3710
gene_8674,ITPRIPL1|150771,ITPRIPL1,150771
gene_8675,ITPRIPL2|162073,ITPRIPL2,162073
gene_8676,ITPRIP|85450,ITPRIP,85450
gene_8677,ITSN1|6453,ITSN1,6453
gene_8678,ITSN2|50618,ITSN2,50618
gene_8679,IVD|3712,IVD,3712
gene_8680,IVL|3713,IVL,3713
gene_8681,IVNS1ABP|10625,IVNS1ABP,10625
gene_8682,IWS1|55677,IWS1,55677
gene_8683,IYD|389434,IYD,389434
gene_8684,IZUMO1|284359,IZUMO1,284359
gene_8685,JAG1|182,JAG1,182
gene_8686,JAG2|3714,JAG2,3714
gene_8687,JAGN1|84522,JAGN1,84522
gene_8688,JAK1|3716,JAK1,3716
gene_8689,JAK2|3717,JAK2,3717
gene_8690,JAK3|3718,JAK3,3718
gene_8691,JAKMIP1|152789,JAKMIP1,152789
gene_8692,JAKMIP2|9832,JAKMIP2,9832
gene_8693,JAKMIP3|282973,JAKMIP3,282973
gene_8694,JAM2|58494,JAM2,58494
gene_8695,JAM3|83700,JAM3,83700
gene_8696,JARID2|3720,JARID2,3720
gene_8697,JAZF1|221895,JAZF1,221895
gene_8698,JDP2|122953,JDP2,122953
gene_8699,JHDM1D|80853,JHDM1D,80853
gene_8700,JKAMP|51528,JKAMP,51528
gene_8701,JMJD1C|221037,JMJD1C,221037
gene_8702,JMJD4|65094,JMJD4,65094
gene_8703,JMJD5|79831,JMJD5,79831
gene_8704,JMJD6|23210,JMJD6,23210
gene_8705,JMJD7-PLA2G4B|8681,JMJD7-PLA2G4B,8681
gene_8706,JMJD8|339123,JMJD8,339123
gene_8707,JMY|133746,JMY,133746
gene_8708,JOSD1|9929,JOSD1,9929
gene_8709,JOSD2|126119,JOSD2,126119
gene_8710,JPH1|56704,JPH1,56704
gene_8711,JPH2|57158,JPH2,57158
gene_8712,JPH3|57338,JPH3,57338
gene_8713,JPH4|84502,JPH4,84502
gene_8714,JRKL|8690,JRKL,8690
gene_8715,JRK|8629,JRK,8629
gene_8716,JSRP1|126306,JSRP1,126306
gene_8717,JTB|10899,JTB,10899
gene_8718,JUB|84962,JUB,84962
gene_8719,JUNB|3726,JUNB,3726
gene_8720,JUND|3727,JUND,3727
gene_8721,JUN|3725,JUN,3725
gene_8722,JUP|3728,JUP,3728
gene_8723,KAAG1|353219,KAAG1,353219
gene_8724,KAL1|3730,KAL1,3730
gene_8725,KALRN|8997,KALRN,8997
gene_8726,KANK1|23189,KANK1,23189
gene_8727,KANK2|25959,KANK2,25959
gene_8728,KANK3|256949,KANK3,256949
gene_8729,KANK4|163782,KANK4,163782
gene_8730,KARS|3735,KARS,3735
gene_8731,KAT2A|2648,KAT2A,2648
gene_8732,KAT2B|8850,KAT2B,8850
gene_8733,KAT5|10524,KAT5,10524
gene_8734,KATNA1|11104,KATNA1,11104
gene_8735,KATNAL1|84056,KATNAL1,84056
gene_8736,KATNAL2|83473,KATNAL2,83473
gene_8737,KATNB1|10300,KATNB1,10300
gene_8738,KAZALD1|81621,KAZALD1,81621
gene_8739,KAZ|23254,KAZ,23254
gene_8740,KBTBD10|10324,KBTBD10,10324
gene_8741,KBTBD11|9920,KBTBD11,9920
gene_8742,KBTBD12|166348,KBTBD12,166348
gene_8743,KBTBD13|390594,KBTBD13,390594
gene_8744,KBTBD2|25948,KBTBD2,25948
gene_8745,KBTBD3|143879,KBTBD3,143879
gene_8746,KBTBD4|55709,KBTBD4,55709
gene_8747,KBTBD5|131377,KBTBD5,131377
gene_8748,KBTBD6|89890,KBTBD6,89890
gene_8749,KBTBD7|84078,KBTBD7,84078
gene_8750,KBTBD8|84541,KBTBD8,84541
gene_8751,KC6|641516,KC6,641516
gene_8752,KCMF1|56888,KCMF1,56888
gene_8753,KCNA10|3744,KCNA10,3744
gene_8754,KCNA1|3736,KCNA1,3736
gene_8755,KCNA2|3737,KCNA2,3737
gene_8756,KCNA3|3738,KCNA3,3738
gene_8757,KCNA4|3739,KCNA4,3739
gene_8758,KCNA5|3741,KCNA5,3741
gene_8759,KCNA6|3742,KCNA6,3742
gene_8760,KCNA7|3743,KCNA7,3743
gene_8761,KCNAB1|7881,KCNAB1,7881
gene_8762,KCNAB2|8514,KCNAB2,8514
gene_8763,KCNAB3|9196,KCNAB3,9196
gene_8764,KCNB1|3745,KCNB1,3745
gene_8765,KCNB2|9312,KCNB2,9312
gene_8766,KCNC1|3746,KCNC1,3746
gene_8767,KCNC2|3747,KCNC2,3747
gene_8768,KCNC3|3748,KCNC3,3748
gene_8769,KCNC4|3749,KCNC4,3749
gene_8770,KCND1|3750,KCND1,3750
gene_8771,KCND2|3751,KCND2,3751
gene_8772,KCND3|3752,KCND3,3752
gene_8773,KCNE1L|23630,KCNE1L,23630
gene_8774,KCNE1|3753,KCNE1,3753
gene_8775,KCNE2|9992,KCNE2,9992
gene_8776,KCNE3|10008,KCNE3,10008
gene_8777,KCNE4|23704,KCNE4,23704
gene_8778,KCNF1|3754,KCNF1,3754
gene_8779,KCNG1|3755,KCNG1,3755
gene_8780,KCNG2|26251,KCNG2,26251
gene_8781,KCNG3|170850,KCNG3,170850
gene_8782,KCNG4|93107,KCNG4,93107
gene_8783,KCNH1|3756,KCNH1,3756
gene_8784,KCNH2|3757,KCNH2,3757
gene_8785,KCNH3|23416,KCNH3,23416
gene_8786,KCNH4|23415,KCNH4,23415
gene_8787,KCNH5|27133,KCNH5,27133
gene_8788,KCNH6|81033,KCNH6,81033
gene_8789,KCNH7|90134,KCNH7,90134
gene_8790,KCNH8|131096,KCNH8,131096
gene_8791,KCNIP1|30820,KCNIP1,30820
gene_8792,KCNIP2|30819,KCNIP2,30819
gene_8793,KCNIP3|30818,KCNIP3,30818
gene_8794,KCNIP4|80333,KCNIP4,80333
gene_8795,KCNJ10|3766,KCNJ10,3766
gene_8796,KCNJ11|3767,KCNJ11,3767
gene_8797,KCNJ12|3768,KCNJ12,3768
gene_8798,KCNJ13|3769,KCNJ13,3769
gene_8799,KCNJ14|3770,KCNJ14,3770
gene_8800,KCNJ15|3772,KCNJ15,3772
gene_8801,KCNJ16|3773,KCNJ16,3773
gene_8802,KCNJ1|3758,KCNJ1,3758
gene_8803,KCNJ2|3759,KCNJ2,3759
gene_8804,KCNJ3|3760,KCNJ3,3760
gene_8805,KCNJ4|3761,KCNJ4,3761
gene_8806,KCNJ5|3762,KCNJ5,3762
gene_8807,KCNJ6|3763,KCNJ6,3763
gene_8808,KCNJ8|3764,KCNJ8,3764
gene_8809,KCNJ9|3765,KCNJ9,3765
gene_8810,KCNK10|54207,KCNK10,54207
gene_8811,KCNK12|56660,KCNK12,56660
gene_8812,KCNK13|56659,KCNK13,56659
gene_8813,KCNK15|60598,KCNK15,60598
gene_8814,KCNK16|83795,KCNK16,83795
gene_8815,KCNK17|89822,KCNK17,89822
gene_8816,KCNK18|338567,KCNK18,338567
gene_8817,KCNK1|3775,KCNK1,3775
gene_8818,KCNK2|3776,KCNK2,3776
gene_8819,KCNK3|3777,KCNK3,3777
gene_8820,KCNK4|50801,KCNK4,50801
gene_8821,KCNK5|8645,KCNK5,8645
gene_8822,KCNK6|9424,KCNK6,9424
gene_8823,KCNK7|10089,KCNK7,10089
gene_8824,KCNK9|51305,KCNK9,51305
gene_8825,KCNMA1|3778,KCNMA1,3778
gene_8826,KCNMB1|3779,KCNMB1,3779
gene_8827,KCNMB2|10242,KCNMB2,10242
gene_8828,KCNMB3|27094,KCNMB3,27094
gene_8829,KCNMB4|27345,KCNMB4,27345
gene_8830,KCNN1|3780,KCNN1,3780
gene_8831,KCNN2|3781,KCNN2,3781
gene_8832,KCNN3|3782,KCNN3,3782
gene_8833,KCNN4|3783,KCNN4,3783
gene_8834,KCNQ1DN|55539,KCNQ1DN,55539
gene_8835,KCNQ1OT1|10984,KCNQ1OT1,10984
gene_8836,KCNQ1|3784,KCNQ1,3784
gene_8837,KCNQ2|3785,KCNQ2,3785
gene_8838,KCNQ3|3786,KCNQ3,3786
gene_8839,KCNQ4|9132,KCNQ4,9132
gene_8840,KCNQ5|56479,KCNQ5,56479
gene_8841,KCNRG|283518,KCNRG,283518
gene_8842,KCNS1|3787,KCNS1,3787
gene_8843,KCNS2|3788,KCNS2,3788
gene_8844,KCNS3|3790,KCNS3,3790
gene_8845,KCNT1|57582,KCNT1,57582
gene_8846,KCNT2|343450,KCNT2,343450
gene_8847,KCNU1|157855,KCNU1,157855
gene_8848,KCNV1|27012,KCNV1,27012
gene_8849,KCNV2|169522,KCNV2,169522
gene_8850,KCP|375616,KCP,375616
gene_8851,KCTD10|83892,KCTD10,83892
gene_8852,KCTD11|147040,KCTD11,147040
gene_8853,KCTD12|115207,KCTD12,115207
gene_8854,KCTD13|253980,KCTD13,253980
gene_8855,KCTD14|65987,KCTD14,65987
gene_8856,KCTD15|79047,KCTD15,79047
gene_8857,KCTD16|57528,KCTD16,57528
gene_8858,KCTD17|79734,KCTD17,79734
gene_8859,KCTD18|130535,KCTD18,130535
gene_8860,KCTD19|146212,KCTD19,146212
gene_8861,KCTD1|284252,KCTD1,284252
gene_8862,KCTD20|222658,KCTD20,222658
gene_8863,KCTD21|283219,KCTD21,283219
gene_8864,KCTD2|23510,KCTD2,23510
gene_8865,KCTD3|51133,KCTD3,51133
gene_8866,KCTD4|386618,KCTD4,386618
gene_8867,KCTD5|54442,KCTD5,54442
gene_8868,KCTD6|200845,KCTD6,200845
gene_8869,KCTD7|154881,KCTD7,154881
gene_8870,KCTD8|386617,KCTD8,386617
gene_8871,KCTD9|54793,KCTD9,54793
gene_8872,KDELC1|79070,KDELC1,79070
gene_8873,KDELC2|143888,KDELC2,143888
gene_8874,KDELR1|10945,KDELR1,10945
gene_8875,KDELR2|11014,KDELR2,11014
gene_8876,KDELR3|11015,KDELR3,11015
gene_8877,KDM1A|23028,KDM1A,23028
gene_8878,KDM1B|221656,KDM1B,221656
gene_8879,KDM2A|22992,KDM2A,22992
gene_8880,KDM2B|84678,KDM2B,84678
gene_8881,KDM3A|55818,KDM3A,55818
gene_8882,KDM3B|51780,KDM3B,51780
gene_8883,KDM4A|9682,KDM4A,9682
gene_8884,KDM4B|23030,KDM4B,23030
gene_8885,KDM4C|23081,KDM4C,23081
gene_8886,KDM4DL|390245,KDM4DL,390245
gene_8887,KDM4D|55693,KDM4D,55693
gene_8888,KDM5A|5927,KDM5A,5927
gene_8889,KDM5B|10765,KDM5B,10765
gene_8890,KDM5C|8242,KDM5C,8242
gene_8891,KDM5D|8284,KDM5D,8284
gene_8892,KDM6A|7403,KDM6A,7403
gene_8893,KDM6B|23135,KDM6B,23135
gene_8894,KDR|3791,KDR,3791
gene_8895,KDSR|2531,KDSR,2531
gene_8896,KEAP1|9817,KEAP1,9817
gene_8897,KEL|3792,KEL,3792
gene_8898,KERA|11081,KERA,11081
gene_8899,KGFLP1|387628,KGFLP1,387628
gene_8900,KGFLP2|654466,KGFLP2,654466
gene_8901,KHDC1L|100129128,KHDC1L,100129128
gene_8902,KHDC1|80759,KHDC1,80759
gene_8903,KHDRBS1|10657,KHDRBS1,10657
gene_8904,KHDRBS2|202559,KHDRBS2,202559
gene_8905,KHDRBS3|10656,KHDRBS3,10656
gene_8906,KHK|3795,KHK,3795
gene_8907,KHNYN|23351,KHNYN,23351
gene_8908,KHSRP|8570,KHSRP,8570
gene_8909,KIAA0020|9933,KIAA0020,9933
gene_8910,KIAA0040|9674,KIAA0040,9674
gene_8911,KIAA0087|9808,KIAA0087,9808
gene_8912,KIAA0090|23065,KIAA0090,23065
gene_8913,KIAA0100|9703,KIAA0100,9703
gene_8914,KIAA0101|9768,KIAA0101,9768
gene_8915,KIAA0114|57291,KIAA0114,57291
gene_8916,KIAA0125|9834,KIAA0125,9834
gene_8917,KIAA0141|9812,KIAA0141,9812
gene_8918,KIAA0146|23514,KIAA0146,23514
gene_8919,KIAA0174|9798,KIAA0174,9798
gene_8920,KIAA0182|23199,KIAA0182,23199
gene_8921,KIAA0195|9772,KIAA0195,9772
gene_8922,KIAA0196|9897,KIAA0196,9897
gene_8923,KIAA0226|9711,KIAA0226,9711
gene_8924,KIAA0232|9778,KIAA0232,9778
gene_8925,KIAA0240|23506,KIAA0240,23506
gene_8926,KIAA0247|9766,KIAA0247,9766
gene_8927,KIAA0284|283638,KIAA0284,283638
gene_8928,KIAA0317|9870,KIAA0317,9870
gene_8929,KIAA0319L|79932,KIAA0319L,79932
gene_8930,KIAA0319|9856,KIAA0319,9856
gene_8931,KIAA0355|9710,KIAA0355,9710
gene_8932,KIAA0368|23392,KIAA0368,23392
gene_8933,KIAA0391|9692,KIAA0391,9692
gene_8934,KIAA0406|9675,KIAA0406,9675
gene_8935,KIAA0408|9729,KIAA0408,9729
gene_8936,KIAA0415|9907,KIAA0415,9907
gene_8937,KIAA0427|9811,KIAA0427,9811
gene_8938,KIAA0430|9665,KIAA0430,9665
gene_8939,KIAA0467|23334,KIAA0467,23334
gene_8940,KIAA0494|9813,KIAA0494,9813
gene_8941,KIAA0495|57212,KIAA0495,57212
gene_8942,KIAA0513|9764,KIAA0513,9764
gene_8943,KIAA0528|9847,KIAA0528,9847
gene_8944,KIAA0556|23247,KIAA0556,23247
gene_8945,KIAA0562|9731,KIAA0562,9731
gene_8946,KIAA0564|23078,KIAA0564,23078
gene_8947,KIAA0586|9786,KIAA0586,9786
gene_8948,KIAA0649|9858,KIAA0649,9858
gene_8949,KIAA0652|9776,KIAA0652,9776
gene_8950,KIAA0664P3|100132341,KIAA0664P3,100132341
gene_8951,KIAA0664|23277,KIAA0664,23277
gene_8952,KIAA0748|9840,KIAA0748,9840
gene_8953,KIAA0753|9851,KIAA0753,9851
gene_8954,KIAA0754|643314,KIAA0754,643314
gene_8955,KIAA0776|23376,KIAA0776,23376
gene_8956,KIAA0802|23255,KIAA0802,23255
gene_8957,KIAA0831|22863,KIAA0831,22863
gene_8958,KIAA0892|23383,KIAA0892,23383
gene_8959,KIAA0895L|653319,KIAA0895L,653319
gene_8960,KIAA0895|23366,KIAA0895,23366
gene_8961,KIAA0907|22889,KIAA0907,22889
gene_8962,KIAA0913|23053,KIAA0913,23053
gene_8963,KIAA0922|23240,KIAA0922,23240
gene_8964,KIAA0947|23379,KIAA0947,23379
gene_8965,KIAA1009|22832,KIAA1009,22832
gene_8966,KIAA1012|22878,KIAA1012,22878
gene_8967,KIAA1024|23251,KIAA1024,23251
gene_8968,KIAA1033|23325,KIAA1033,23325
gene_8969,KIAA1045|23349,KIAA1045,23349
gene_8970,KIAA1107|23285,KIAA1107,23285
gene_8971,KIAA1109|84162,KIAA1109,84162
gene_8972,KIAA1143|57456,KIAA1143,57456
gene_8973,KIAA1147|57189,KIAA1147,57189
gene_8974,KIAA1161|57462,KIAA1161,57462
gene_8975,KIAA1191|57179,KIAA1191,57179
gene_8976,KIAA1199|57214,KIAA1199,57214
gene_8977,KIAA1210|57481,KIAA1210,57481
gene_8978,KIAA1211|57482,KIAA1211,57482
gene_8979,KIAA1217|56243,KIAA1217,56243
gene_8980,KIAA1239|57495,KIAA1239,57495
gene_8981,KIAA1244|57221,KIAA1244,57221
gene_8982,KIAA1257|57501,KIAA1257,57501
gene_8983,KIAA1267|284058,KIAA1267,284058
gene_8984,KIAA1274|27143,KIAA1274,27143
gene_8985,KIAA1279|26128,KIAA1279,26128
gene_8986,KIAA1310|55683,KIAA1310,55683
gene_8987,KIAA1324L|222223,KIAA1324L,222223
gene_8988,KIAA1324|57535,KIAA1324,57535
gene_8989,KIAA1328|57536,KIAA1328,57536
gene_8990,KIAA1370|56204,KIAA1370,56204
gene_8991,KIAA1377|57562,KIAA1377,57562
gene_8992,KIAA1383|54627,KIAA1383,54627
gene_8993,KIAA1407|57577,KIAA1407,57577
gene_8994,KIAA1409|57578,KIAA1409,57578
gene_8995,KIAA1429|25962,KIAA1429,25962
gene_8996,KIAA1430|57587,KIAA1430,57587
gene_8997,KIAA1432|57589,KIAA1432,57589
gene_8998,KIAA1462|57608,KIAA1462,57608
gene_8999,KIAA1467|57613,KIAA1467,57613
gene_9000,KIAA1468|57614,KIAA1468,57614
gene_9001,KIAA1486|57624,KIAA1486,57624
gene_9002,KIAA1522|57648,KIAA1522,57648
gene_9003,KIAA1524|57650,KIAA1524,57650
gene_9004,KIAA1529|57653,KIAA1529,57653
gene_9005,KIAA1530|57654,KIAA1530,57654
gene_9006,KIAA1539|80256,KIAA1539,80256
gene_9007,KIAA1543|57662,KIAA1543,57662
gene_9008,KIAA1549|57670,KIAA1549,57670
gene_9009,KIAA1586|57691,KIAA1586,57691
gene_9010,KIAA1598|57698,KIAA1598,57698
gene_9011,KIAA1609|57707,KIAA1609,57707
gene_9012,KIAA1614|57710,KIAA1614,57710
gene_9013,KIAA1632|57724,KIAA1632,57724
gene_9014,KIAA1644|85352,KIAA1644,85352
gene_9015,KIAA1671|85379,KIAA1671,85379
gene_9016,KIAA1683|80726,KIAA1683,80726
gene_9017,KIAA1704|55425,KIAA1704,55425
gene_9018,KIAA1712|80817,KIAA1712,80817
gene_9019,KIAA1715|80856,KIAA1715,80856
gene_9020,KIAA1731|85459,KIAA1731,85459
gene_9021,KIAA1737|85457,KIAA1737,85457
gene_9022,KIAA1751|85452,KIAA1751,85452
gene_9023,KIAA1755|85449,KIAA1755,85449
gene_9024,KIAA1797|54914,KIAA1797,54914
gene_9025,KIAA1804|84451,KIAA1804,84451
gene_9026,KIAA1826|84437,KIAA1826,84437
gene_9027,KIAA1841|84542,KIAA1841,84542
gene_9028,KIAA1875|340390,KIAA1875,340390
gene_9029,KIAA1908|114796,KIAA1908,114796
gene_9030,KIAA1919|91749,KIAA1919,91749
gene_9031,KIAA1949|170954,KIAA1949,170954
gene_9032,KIAA1958|158405,KIAA1958,158405
gene_9033,KIAA1967|57805,KIAA1967,57805
gene_9034,KIAA1984|84960,KIAA1984,84960
gene_9035,KIAA2013|90231,KIAA2013,90231
gene_9036,KIAA2018|205717,KIAA2018,205717
gene_9037,KIAA2022|340533,KIAA2022,340533
gene_9038,KIAA2026|158358,KIAA2026,158358
gene_9039,KIDINS220|57498,KIDINS220,57498
gene_9040,KIF11|3832,KIF11,3832
gene_9041,KIF12|113220,KIF12,113220
gene_9042,KIF13A|63971,KIF13A,63971
gene_9043,KIF13B|23303,KIF13B,23303
gene_9044,KIF14|9928,KIF14,9928
gene_9045,KIF15|56992,KIF15,56992
gene_9046,KIF16B|55614,KIF16B,55614
gene_9047,KIF17|57576,KIF17,57576
gene_9048,KIF18A|81930,KIF18A,81930
gene_9049,KIF18B|146909,KIF18B,146909
gene_9050,KIF19|124602,KIF19,124602
gene_9051,KIF1A|547,KIF1A,547
gene_9052,KIF1B|23095,KIF1B,23095
gene_9053,KIF1C|10749,KIF1C,10749
gene_9054,KIF20A|10112,KIF20A,10112
gene_9055,KIF20B|9585,KIF20B,9585
gene_9056,KIF21A|55605,KIF21A,55605
gene_9057,KIF21B|23046,KIF21B,23046
gene_9058,KIF22|3835,KIF22,3835
gene_9059,KIF23|9493,KIF23,9493
gene_9060,KIF24|347240,KIF24,347240
gene_9061,KIF25|3834,KIF25,3834
gene_9062,KIF26A|26153,KIF26A,26153
gene_9063,KIF26B|55083,KIF26B,55083
gene_9064,KIF27|55582,KIF27,55582
gene_9065,KIF2A|3796,KIF2A,3796
gene_9066,KIF2B|84643,KIF2B,84643
gene_9067,KIF2C|11004,KIF2C,11004
gene_9068,KIF3A|11127,KIF3A,11127
gene_9069,KIF3B|9371,KIF3B,9371
gene_9070,KIF3C|3797,KIF3C,3797
gene_9071,KIF4A|24137,KIF4A,24137
gene_9072,KIF4B|285643,KIF4B,285643
gene_9073,KIF5A|3798,KIF5A,3798
gene_9074,KIF5B|3799,KIF5B,3799
gene_9075,KIF5C|3800,KIF5C,3800
gene_9076,KIF6|221458,KIF6,221458
gene_9077,KIF7|374654,KIF7,374654
gene_9078,KIF9|64147,KIF9,64147
gene_9079,KIFAP3|22920,KIFAP3,22920
gene_9080,KIFC1|3833,KIFC1,3833
gene_9081,KIFC2|90990,KIFC2,90990
gene_9082,KIFC3|3801,KIFC3,3801
gene_9083,KILLIN|100144748,KILLIN,100144748
gene_9084,KIN|22944,KIN,22944
gene_9085,KIR2DL1|3802,KIR2DL1,3802
gene_9086,KIR2DL3|3804,KIR2DL3,3804
gene_9087,KIR2DL4|3805,KIR2DL4,3805
gene_9088,KIR2DS4|3809,KIR2DS4,3809
gene_9089,KIR3DL1|3811,KIR3DL1,3811
gene_9090,KIR3DL2|3812,KIR3DL2,3812
gene_9091,KIR3DL3|115653,KIR3DL3,115653
gene_9092,KIR3DP1|768329,KIR3DP1,768329
gene_9093,KIR3DX1|90011,KIR3DX1,90011
gene_9094,KIRREL2|84063,KIRREL2,84063
gene_9095,KIRREL3|84623,KIRREL3,84623
gene_9096,KIRREL|55243,KIRREL,55243
gene_9097,KISS1R|84634,KISS1R,84634
gene_9098,KISS1|3814,KISS1,3814
gene_9099,KITLG|4254,KITLG,4254
gene_9100,KIT|3815,KIT,3815
gene_9101,KLB|152831,KLB,152831
gene_9102,KLC1|3831,KLC1,3831
gene_9103,KLC2|64837,KLC2,64837
gene_9104,KLC3|147700,KLC3,147700
gene_9105,KLC4|89953,KLC4,89953
gene_9106,KLF10|7071,KLF10,7071
gene_9107,KLF11|8462,KLF11,8462
gene_9108,KLF12|11278,KLF12,11278
gene_9109,KLF13|51621,KLF13,51621
gene_9110,KLF14|136259,KLF14,136259
gene_9111,KLF15|28999,KLF15,28999
gene_9112,KLF16|83855,KLF16,83855
gene_9113,KLF17|128209,KLF17,128209
gene_9114,KLF1|10661,KLF1,10661
gene_9115,KLF2|10365,KLF2,10365
gene_9116,KLF3|51274,KLF3,51274
gene_9117,KLF4|9314,KLF4,9314
gene_9118,KLF5|688,KLF5,688
gene_9119,KLF6|1316,KLF6,1316
gene_9120,KLF7|8609,KLF7,8609
gene_9121,KLF8|11279,KLF8,11279
gene_9122,KLF9|687,KLF9,687
gene_9123,KLHDC10|23008,KLHDC10,23008
gene_9124,KLHDC1|122773,KLHDC1,122773
gene_9125,KLHDC2|23588,KLHDC2,23588
gene_9126,KLHDC3|116138,KLHDC3,116138
gene_9127,KLHDC4|54758,KLHDC4,54758
gene_9128,KLHDC5|57542,KLHDC5,57542
gene_9129,KLHDC7A|127707,KLHDC7A,127707
gene_9130,KLHDC7B|113730,KLHDC7B,113730
gene_9131,KLHDC8A|55220,KLHDC8A,55220
gene_9132,KLHDC8B|200942,KLHDC8B,200942
gene_9133,KLHDC9|126823,KLHDC9,126823
gene_9134,KLHL10|317719,KLHL10,317719
gene_9135,KLHL11|55175,KLHL11,55175
gene_9136,KLHL12|59349,KLHL12,59349
gene_9137,KLHL13|90293,KLHL13,90293
gene_9138,KLHL14|57565,KLHL14,57565
gene_9139,KLHL15|80311,KLHL15,80311
gene_9140,KLHL17|339451,KLHL17,339451
gene_9141,KLHL18|23276,KLHL18,23276
gene_9142,KLHL1|57626,KLHL1,57626
gene_9143,KLHL20|27252,KLHL20,27252
gene_9144,KLHL21|9903,KLHL21,9903
gene_9145,KLHL22|84861,KLHL22,84861
gene_9146,KLHL23|151230,KLHL23,151230
gene_9147,KLHL24|54800,KLHL24,54800
gene_9148,KLHL25|64410,KLHL25,64410
gene_9149,KLHL26|55295,KLHL26,55295
gene_9150,KLHL28|54813,KLHL28,54813
gene_9151,KLHL29|114818,KLHL29,114818
gene_9152,KLHL2|11275,KLHL2,11275
gene_9153,KLHL30|377007,KLHL30,377007
gene_9154,KLHL31|401265,KLHL31,401265
gene_9155,KLHL32|114792,KLHL32,114792
gene_9156,KLHL33|123103,KLHL33,123103
gene_9157,KLHL34|257240,KLHL34,257240
gene_9158,KLHL35|283212,KLHL35,283212
gene_9159,KLHL36|79786,KLHL36,79786
gene_9160,KLHL38|340359,KLHL38,340359
gene_9161,KLHL3|26249,KLHL3,26249
gene_9162,KLHL4|56062,KLHL4,56062
gene_9163,KLHL5|51088,KLHL5,51088
gene_9164,KLHL6|89857,KLHL6,89857
gene_9165,KLHL7|55975,KLHL7,55975
gene_9166,KLHL8|57563,KLHL8,57563
gene_9167,KLHL9|55958,KLHL9,55958
gene_9168,KLK10|5655,KLK10,5655
gene_9169,KLK11|11012,KLK11,11012
gene_9170,KLK12|43849,KLK12,43849
gene_9171,KLK13|26085,KLK13,26085
gene_9172,KLK14|43847,KLK14,43847
gene_9173,KLK15|55554,KLK15,55554
gene_9174,KLK1|3816,KLK1,3816
gene_9175,KLK2|3817,KLK2,3817
gene_9176,KLK3|354,KLK3,354
gene_9177,KLK4|9622,KLK4,9622
gene_9178,KLK5|25818,KLK5,25818
gene_9179,KLK6|5653,KLK6,5653
gene_9180,KLK7|5650,KLK7,5650
gene_9181,KLK8|11202,KLK8,11202
gene_9182,KLK9|284366,KLK9,284366
gene_9183,KLKB1|3818,KLKB1,3818
gene_9184,KLKP1|606293,KLKP1,606293
gene_9185,KLRA1|10748,KLRA1,10748
gene_9186,KLRAQ1|129285,KLRAQ1,129285
gene_9187,KLRB1|3820,KLRB1,3820
gene_9188,KLRC1|3821,KLRC1,3821
gene_9189,KLRC2|3822,KLRC2,3822
gene_9190,KLRC3|3823,KLRC3,3823
gene_9191,KLRC4|8302,KLRC4,8302
gene_9192,KLRD1|3824,KLRD1,3824
gene_9193,KLRF1|51348,KLRF1,51348
gene_9194,KLRG1|10219,KLRG1,10219
gene_9195,KLRG2|346689,KLRG2,346689
gene_9196,KLRK1|22914,KLRK1,22914
gene_9197,KL|9365,KL,9365
gene_9198,KMO|8564,KMO,8564
gene_9199,KNCN|148930,KNCN,148930
gene_9200,KNDC1|85442,KNDC1,85442
gene_9201,KNG1|3827,KNG1,3827
gene_9202,KNTC1|9735,KNTC1,9735
gene_9203,KPNA1|3836,KPNA1,3836
gene_9204,KPNA2|3838,KPNA2,3838
gene_9205,KPNA3|3839,KPNA3,3839
gene_9206,KPNA4|3840,KPNA4,3840
gene_9207,KPNA5|3841,KPNA5,3841
gene_9208,KPNA6|23633,KPNA6,23633
gene_9209,KPNA7|402569,KPNA7,402569
gene_9210,KPNB1|3837,KPNB1,3837
gene_9211,KPRP|448834,KPRP,448834
gene_9212,KPTN|11133,KPTN,11133
gene_9213,KRAS|3845,KRAS,3845
gene_9214,KRBA1|84626,KRBA1,84626
gene_9215,KRBA2|124751,KRBA2,124751
gene_9216,KRCC1|51315,KRCC1,51315
gene_9217,KREMEN1|83999,KREMEN1,83999
gene_9218,KREMEN2|79412,KREMEN2,79412
gene_9219,KRI1|65095,KRI1,65095
gene_9220,KRIT1|889,KRIT1,889
gene_9221,KRR1|11103,KRR1,11103
gene_9222,KRT10|3858,KRT10,3858
gene_9223,KRT12|3859,KRT12,3859
gene_9224,KRT13|3860,KRT13,3860
gene_9225,KRT14|3861,KRT14,3861
gene_9226,KRT15|3866,KRT15,3866
gene_9227,KRT16|3868,KRT16,3868
gene_9228,KRT17|3872,KRT17,3872
gene_9229,KRT18|3875,KRT18,3875
gene_9230,KRT19|3880,KRT19,3880
gene_9231,KRT1|3848,KRT1,3848
gene_9232,KRT20|54474,KRT20,54474
gene_9233,KRT222|125113,KRT222,125113
gene_9234,KRT23|25984,KRT23,25984
gene_9235,KRT24|192666,KRT24,192666
gene_9236,KRT25|147183,KRT25,147183
gene_9237,KRT26|353288,KRT26,353288
gene_9238,KRT27|342574,KRT27,342574
gene_9239,KRT28|162605,KRT28,162605
gene_9240,KRT2|3849,KRT2,3849
gene_9241,KRT31|3881,KRT31,3881
gene_9242,KRT32|3882,KRT32,3882
gene_9243,KRT33A|3883,KRT33A,3883
gene_9244,KRT33B|3884,KRT33B,3884
gene_9245,KRT34|3885,KRT34,3885
gene_9246,KRT35|3886,KRT35,3886
gene_9247,KRT36|8689,KRT36,8689
gene_9248,KRT37|8688,KRT37,8688
gene_9249,KRT38|8687,KRT38,8687
gene_9250,KRT39|390792,KRT39,390792
gene_9251,KRT3|3850,KRT3,3850
gene_9252,KRT40|125115,KRT40,125115
gene_9253,KRT4|3851,KRT4,3851
gene_9254,KRT5|3852,KRT5,3852
gene_9255,KRT6A|3853,KRT6A,3853
gene_9256,KRT6B|3854,KRT6B,3854
gene_9257,KRT6C|286887,KRT6C,286887
gene_9258,KRT71|112802,KRT71,112802
gene_9259,KRT72|140807,KRT72,140807
gene_9260,KRT73|319101,KRT73,319101
gene_9261,KRT74|121391,KRT74,121391
gene_9262,KRT75|9119,KRT75,9119
gene_9263,KRT76|51350,KRT76,51350
gene_9264,KRT77|374454,KRT77,374454
gene_9265,KRT78|196374,KRT78,196374
gene_9266,KRT79|338785,KRT79,338785
gene_9267,KRT7|3855,KRT7,3855
gene_9268,KRT80|144501,KRT80,144501
gene_9269,KRT81|3887,KRT81,3887
gene_9270,KRT82|3888,KRT82,3888
gene_9271,KRT83|3889,KRT83,3889
gene_9272,KRT84|3890,KRT84,3890
gene_9273,KRT85|3891,KRT85,3891
gene_9274,KRT86|3892,KRT86,3892
gene_9275,KRT8|3856,KRT8,3856
gene_9276,KRT9|3857,KRT9,3857
gene_9277,KRTAP1-1|81851,KRTAP1-1,81851
gene_9278,KRTAP1-3|81850,KRTAP1-3,81850
gene_9279,KRTAP1-5|83895,KRTAP1-5,83895
gene_9280,KRTAP10-10|353333,KRTAP10-10,353333
gene_9281,KRTAP10-11|386678,KRTAP10-11,386678
gene_9282,KRTAP10-12|386685,KRTAP10-12,386685
gene_9283,KRTAP10-1|386677,KRTAP10-1,386677
gene_9284,KRTAP10-2|386679,KRTAP10-2,386679
gene_9285,KRTAP10-3|386682,KRTAP10-3,386682
gene_9286,KRTAP10-4|386672,KRTAP10-4,386672
gene_9287,KRTAP10-5|386680,KRTAP10-5,386680
gene_9288,KRTAP10-6|386674,KRTAP10-6,386674
gene_9289,KRTAP10-7|386675,KRTAP10-7,386675
gene_9290,KRTAP10-8|386681,KRTAP10-8,386681
gene_9291,KRTAP10-9|386676,KRTAP10-9,386676
gene_9292,KRTAP11-1|337880,KRTAP11-1,337880
gene_9293,KRTAP12-1|353332,KRTAP12-1,353332
gene_9294,KRTAP12-2|353323,KRTAP12-2,353323
gene_9295,KRTAP12-3|386683,KRTAP12-3,386683
gene_9296,KRTAP12-4|386684,KRTAP12-4,386684
gene_9297,KRTAP13-1|140258,KRTAP13-1,140258
gene_9298,KRTAP13-2|337959,KRTAP13-2,337959
gene_9299,KRTAP13-3|337960,KRTAP13-3,337960
gene_9300,KRTAP13-4|284827,KRTAP13-4,284827
gene_9301,KRTAP15-1|254950,KRTAP15-1,254950
gene_9302,KRTAP17-1|83902,KRTAP17-1,83902
gene_9303,KRTAP19-1|337882,KRTAP19-1,337882
gene_9304,KRTAP19-2|337969,KRTAP19-2,337969
gene_9305,KRTAP19-3|337970,KRTAP19-3,337970
gene_9306,KRTAP19-4|337971,KRTAP19-4,337971
gene_9307,KRTAP19-5|337972,KRTAP19-5,337972
gene_9308,KRTAP19-6|337973,KRTAP19-6,337973
gene_9309,KRTAP19-7|337974,KRTAP19-7,337974
gene_9310,KRTAP19-8|728299,KRTAP19-8,728299
gene_9311,KRTAP2-1|81872,KRTAP2-1,81872
gene_9312,KRTAP2-2|728279,KRTAP2-2,728279
gene_9313,KRTAP2-4|85294,KRTAP2-4,85294
gene_9314,KRTAP20-1|337975,KRTAP20-1,337975
gene_9315,KRTAP20-2|337976,KRTAP20-2,337976
gene_9316,KRTAP20-3|337985,KRTAP20-3,337985
gene_9317,KRTAP20-4|100151643,KRTAP20-4,100151643
gene_9318,KRTAP21-1|337977,KRTAP21-1,337977
gene_9319,KRTAP21-2|337978,KRTAP21-2,337978
gene_9320,KRTAP22-1|337979,KRTAP22-1,337979
gene_9321,KRTAP23-1|337963,KRTAP23-1,337963
gene_9322,KRTAP24-1|643803,KRTAP24-1,643803
gene_9323,KRTAP25-1|100131902,KRTAP25-1,100131902
gene_9324,KRTAP26-1|388818,KRTAP26-1,388818
gene_9325,KRTAP27-1|643812,KRTAP27-1,643812
gene_9326,KRTAP3-1|83896,KRTAP3-1,83896
gene_9327,KRTAP3-2|83897,KRTAP3-2,83897
gene_9328,KRTAP3-3|85293,KRTAP3-3,85293
gene_9329,KRTAP4-11|653240,KRTAP4-11,653240
gene_9330,KRTAP4-12|83755,KRTAP4-12,83755
gene_9331,KRTAP4-1|85285,KRTAP4-1,85285
gene_9332,KRTAP4-2|85291,KRTAP4-2,85291
gene_9333,KRTAP4-3|85290,KRTAP4-3,85290
gene_9334,KRTAP4-4|84616,KRTAP4-4,84616
gene_9335,KRTAP4-5|85289,KRTAP4-5,85289
gene_9336,KRTAP4-7|100132476,KRTAP4-7,100132476
gene_9337,KRTAP4-8|728224,KRTAP4-8,728224
gene_9338,KRTAP4-9|100132386,KRTAP4-9,100132386
gene_9339,KRTAP5-10|387273,KRTAP5-10,387273
gene_9340,KRTAP5-11|440051,KRTAP5-11,440051
gene_9341,KRTAP5-1|387264,KRTAP5-1,387264
gene_9342,KRTAP5-2|440021,KRTAP5-2,440021
gene_9343,KRTAP5-3|387266,KRTAP5-3,387266
gene_9344,KRTAP5-4|387267,KRTAP5-4,387267
gene_9345,KRTAP5-5|439915,KRTAP5-5,439915
gene_9346,KRTAP5-6|440023,KRTAP5-6,440023
gene_9347,KRTAP5-7|440050,KRTAP5-7,440050
gene_9348,KRTAP5-8|57830,KRTAP5-8,57830
gene_9349,KRTAP5-9|3846,KRTAP5-9,3846
gene_9350,KRTAP6-1|337966,KRTAP6-1,337966
gene_9351,KRTAP6-2|337967,KRTAP6-2,337967
gene_9352,KRTAP6-3|337968,KRTAP6-3,337968
gene_9353,KRTAP7-1|337878,KRTAP7-1,337878
gene_9354,KRTAP8-1|337879,KRTAP8-1,337879
gene_9355,KRTAP9-2|83899,KRTAP9-2,83899
gene_9356,KRTAP9-4|85280,KRTAP9-4,85280
gene_9357,KRTAP9-8|83901,KRTAP9-8,83901
gene_9358,KRTAP9-9|81870,KRTAP9-9,81870
gene_9359,KRTCAP2|200185,KRTCAP2,200185
gene_9360,KRTCAP3|200634,KRTCAP3,200634
gene_9361,KRTDAP|388533,KRTDAP,388533
gene_9362,KSR1|8844,KSR1,8844
gene_9363,KSR2|283455,KSR2,283455
gene_9364,KTELC1|56983,KTELC1,56983
gene_9365,KTI12|112970,KTI12,112970
gene_9366,KTN1|3895,KTN1,3895
gene_9367,KYNU|8942,KYNU,8942
gene_9368,KY|339855,KY,339855
gene_9369,L1CAM|3897,L1CAM,3897
gene_9370,L1TD1|54596,L1TD1,54596
gene_9371,L2HGDH|79944,L2HGDH,79944
gene_9372,L3MBTL2|83746,L3MBTL2,83746
gene_9373,L3MBTL3|84456,L3MBTL3,84456
gene_9374,L3MBTL4|91133,L3MBTL4,91133
gene_9375,L3MBTL|26013,L3MBTL,26013
gene_9376,LACE1|246269,LACE1,246269
gene_9377,LACRT|90070,LACRT,90070
gene_9378,LACTB2|51110,LACTB2,51110
gene_9379,LACTB|114294,LACTB,114294
gene_9380,LAD1|3898,LAD1,3898
gene_9381,LAG3|3902,LAG3,3902
gene_9382,LAGE3|8270,LAGE3,8270
gene_9383,LAIR1|3903,LAIR1,3903
gene_9384,LAIR2|3904,LAIR2,3904
gene_9385,LALBA|3906,LALBA,3906
gene_9386,LAMA1|284217,LAMA1,284217
gene_9387,LAMA2|3908,LAMA2,3908
gene_9388,LAMA3|3909,LAMA3,3909
gene_9389,LAMA4|3910,LAMA4,3910
gene_9390,LAMA5|3911,LAMA5,3911
gene_9391,LAMB1|3912,LAMB1,3912
gene_9392,LAMB2L|22973,LAMB2L,22973
gene_9393,LAMB2|3913,LAMB2,3913
gene_9394,LAMB3|3914,LAMB3,3914
gene_9395,LAMB4|22798,LAMB4,22798
gene_9396,LAMC1|3915,LAMC1,3915
gene_9397,LAMC2|3918,LAMC2,3918
gene_9398,LAMC3|10319,LAMC3,10319
gene_9399,LAMP1|3916,LAMP1,3916
gene_9400,LAMP2|3920,LAMP2,3920
gene_9401,LAMP3|27074,LAMP3,27074
gene_9402,LANCL1|10314,LANCL1,10314
gene_9403,LANCL2|55915,LANCL2,55915
gene_9404,LANCL3|347404,LANCL3,347404
gene_9405,LAP3|51056,LAP3,51056
gene_9406,LAPTM4A|9741,LAPTM4A,9741
gene_9407,LAPTM4B|55353,LAPTM4B,55353
gene_9408,LAPTM5|7805,LAPTM5,7805
gene_9409,LARGE|9215,LARGE,9215
gene_9410,LARP1B|55132,LARP1B,55132
gene_9411,LARP1|23367,LARP1,23367
gene_9412,LARP4B|23185,LARP4B,23185
gene_9413,LARP4|113251,LARP4,113251
gene_9414,LARP6|55323,LARP6,55323
gene_9415,LARP7|51574,LARP7,51574
gene_9416,LARS2|23395,LARS2,23395
gene_9417,LARS|51520,LARS,51520
gene_9418,LAS1L|81887,LAS1L,81887
gene_9419,LASP1|3927,LASP1,3927
gene_9420,LASS1|10715,LASS1,10715
gene_9421,LASS2|29956,LASS2,29956
gene_9422,LASS3|204219,LASS3,204219
gene_9423,LASS4|79603,LASS4,79603
gene_9424,LASS5|91012,LASS5,91012
gene_9425,LASS6|253782,LASS6,253782
gene_9426,LAT2|7462,LAT2,7462
gene_9427,LATS1|9113,LATS1,9113
gene_9428,LATS2|26524,LATS2,26524
gene_9429,LAT|27040,LAT,27040
gene_9430,LAX1|54900,LAX1,54900
gene_9431,LAYN|143903,LAYN,143903
gene_9432,LBH|81606,LBH,81606
gene_9433,LBP|3929,LBP,3929
gene_9434,LBR|3930,LBR,3930
gene_9435,LBX1|10660,LBX1,10660
gene_9436,LBX2|85474,LBX2,85474
gene_9437,LBXCOR1|390598,LBXCOR1,390598
gene_9438,LCA5L|150082,LCA5L,150082
gene_9439,LCA5|167691,LCA5,167691
gene_9440,LCAT|3931,LCAT,3931
gene_9441,LCE1A|353131,LCE1A,353131
gene_9442,LCE1B|353132,LCE1B,353132
gene_9443,LCE1C|353133,LCE1C,353133
gene_9444,LCE1D|353134,LCE1D,353134
gene_9445,LCE1E|353135,LCE1E,353135
gene_9446,LCE1F|353137,LCE1F,353137
gene_9447,LCE2A|353139,LCE2A,353139
gene_9448,LCE2B|26239,LCE2B,26239
gene_9449,LCE2C|353140,LCE2C,353140
gene_9450,LCE2D|353141,LCE2D,353141
gene_9451,LCE3A|353142,LCE3A,353142
gene_9452,LCE3B|353143,LCE3B,353143
gene_9453,LCE3C|353144,LCE3C,353144
gene_9454,LCE3D|84648,LCE3D,84648
gene_9455,LCE3E|353145,LCE3E,353145
gene_9456,LCE4A|199834,LCE4A,199834
gene_9457,LCE5A|254910,LCE5A,254910
gene_9458,LCE6A|448835,LCE6A,448835
gene_9459,LCK|3932,LCK,3932
gene_9460,LCLAT1|253558,LCLAT1,253558
gene_9461,LCMT1|51451,LCMT1,51451
gene_9462,LCMT2|9836,LCMT2,9836
gene_9463,LCN10|414332,LCN10,414332
gene_9464,LCN12|286256,LCN12,286256
gene_9465,LCN15|389812,LCN15,389812
gene_9466,LCN1|3933,LCN1,3933
gene_9467,LCN2|3934,LCN2,3934
gene_9468,LCN6|158062,LCN6,158062
gene_9469,LCN8|138307,LCN8,138307
gene_9470,LCN9|392399,LCN9,392399
gene_9471,LCNL1|401562,LCNL1,401562
gene_9472,LCORL|254251,LCORL,254251
gene_9473,LCOR|84458,LCOR,84458
gene_9474,LCP1|3936,LCP1,3936
gene_9475,LCP2|3937,LCP2,3937
gene_9476,LCTL|197021,LCTL,197021
gene_9477,LCT|3938,LCT,3938
gene_9478,LDB1|8861,LDB1,8861
gene_9479,LDB2|9079,LDB2,9079
gene_9480,LDB3|11155,LDB3,11155
gene_9481,LDHAL6A|160287,LDHAL6A,160287
gene_9482,LDHAL6B|92483,LDHAL6B,92483
gene_9483,LDHA|3939,LDHA,3939
gene_9484,LDHB|3945,LDHB,3945
gene_9485,LDHC|3948,LDHC,3948
gene_9486,LDHD|197257,LDHD,197257
gene_9487,LDLRAD1|388633,LDLRAD1,388633
gene_9488,LDLRAD2|401944,LDLRAD2,401944
gene_9489,LDLRAD3|143458,LDLRAD3,143458
gene_9490,LDLRAP1|26119,LDLRAP1,26119
gene_9491,LDLR|3949,LDLR,3949
gene_9492,LDOC1L|84247,LDOC1L,84247
gene_9493,LDOC1|23641,LDOC1,23641
gene_9494,LEAP2|116842,LEAP2,116842
gene_9495,LECT1|11061,LECT1,11061
gene_9496,LECT2|3950,LECT2,3950
gene_9497,LEF1|51176,LEF1,51176
gene_9498,LEFTY1|10637,LEFTY1,10637
gene_9499,LEFTY2|7044,LEFTY2,7044
gene_9500,LEKR1|389170,LEKR1,389170
gene_9501,LELP1|149018,LELP1,149018
gene_9502,LEMD1|93273,LEMD1,93273
gene_9503,LEMD2|221496,LEMD2,221496
gene_9504,LEMD3|23592,LEMD3,23592
gene_9505,LENEP|55891,LENEP,55891
gene_9506,LENG1|79165,LENG1,79165
gene_9507,LENG8|114823,LENG8,114823
gene_9508,LENG9|94059,LENG9,94059
gene_9509,LEO1|123169,LEO1,123169
gene_9510,LEPRE1|64175,LEPRE1,64175
gene_9511,LEPREL1|55214,LEPREL1,55214
gene_9512,LEPREL2|10536,LEPREL2,10536
gene_9513,LEPROTL1|23484,LEPROTL1,23484
gene_9514,LEPROT|54741,LEPROT,54741
gene_9515,LEPR|3953,LEPR,3953
gene_9516,LEP|3952,LEP,3952
gene_9517,LETM1|3954,LETM1,3954
gene_9518,LETM2|137994,LETM2,137994
gene_9519,LETMD1|25875,LETMD1,25875
gene_9520,LEUTX|342900,LEUTX,342900
gene_9521,LFNG|3955,LFNG,3955
gene_9522,LGALS12|85329,LGALS12,85329
gene_9523,LGALS13|29124,LGALS13,29124
gene_9524,LGALS14|56891,LGALS14,56891
gene_9525,LGALS1|3956,LGALS1,3956
gene_9526,LGALS2|3957,LGALS2,3957
gene_9527,LGALS3BP|3959,LGALS3BP,3959
gene_9528,LGALS3|3958,LGALS3,3958
gene_9529,LGALS4|3960,LGALS4,3960
gene_9530,LGALS7B|653499,LGALS7B,653499
gene_9531,LGALS7|3963,LGALS7,3963
gene_9532,LGALS8|3964,LGALS8,3964
gene_9533,LGALS9B|284194,LGALS9B,284194
gene_9534,LGALS9C|654346,LGALS9C,654346
gene_9535,LGALS9|3965,LGALS9,3965
gene_9536,LGI1|9211,LGI1,9211
gene_9537,LGI2|55203,LGI2,55203
gene_9538,LGI3|203190,LGI3,203190
gene_9539,LGI4|163175,LGI4,163175
gene_9540,LGMN|5641,LGMN,5641
gene_9541,LGR4|55366,LGR4,55366
gene_9542,LGR5|8549,LGR5,8549
gene_9543,LGR6|59352,LGR6,59352
gene_9544,LGSN|51557,LGSN,51557
gene_9545,LGTN|1939,LGTN,1939
gene_9546,LHB|3972,LHB,3972
gene_9547,LHCGR|3973,LHCGR,3973
gene_9548,LHFPL1|340596,LHFPL1,340596
gene_9549,LHFPL2|10184,LHFPL2,10184
gene_9550,LHFPL3|375612,LHFPL3,375612
gene_9551,LHFPL4|375323,LHFPL4,375323
gene_9552,LHFPL5|222662,LHFPL5,222662
gene_9553,LHFP|10186,LHFP,10186
gene_9554,LHPP|64077,LHPP,64077
gene_9555,LHX1|3975,LHX1,3975
gene_9556,LHX2|9355,LHX2,9355
gene_9557,LHX3|8022,LHX3,8022
gene_9558,LHX4|89884,LHX4,89884
gene_9559,LHX5|64211,LHX5,64211
gene_9560,LHX6|26468,LHX6,26468
gene_9561,LHX8|431707,LHX8,431707
gene_9562,LHX9|56956,LHX9,56956
gene_9563,LIAS|11019,LIAS,11019
gene_9564,LIFR|3977,LIFR,3977
gene_9565,LIF|3976,LIF,3976
gene_9566,LIG1|3978,LIG1,3978
gene_9567,LIG3|3980,LIG3,3980
gene_9568,LIG4|3981,LIG4,3981
gene_9569,LILRA1|11024,LILRA1,11024
gene_9570,LILRA2|11027,LILRA2,11027
gene_9571,LILRA3|11026,LILRA3,11026
gene_9572,LILRA4|23547,LILRA4,23547
gene_9573,LILRA5|353514,LILRA5,353514
gene_9574,LILRA6|79168,LILRA6,79168
gene_9575,LILRB1|10859,LILRB1,10859
gene_9576,LILRB2|10288,LILRB2,10288
gene_9577,LILRB3|11025,LILRB3,11025
gene_9578,LILRB4|11006,LILRB4,11006
gene_9579,LILRB5|10990,LILRB5,10990
gene_9580,LILRP2|79166,LILRP2,79166
gene_9581,LIM2|3982,LIM2,3982
gene_9582,LIMA1|51474,LIMA1,51474
gene_9583,LIMCH1|22998,LIMCH1,22998
gene_9584,LIMD1|8994,LIMD1,8994
gene_9585,LIMD2|80774,LIMD2,80774
gene_9586,LIME1|54923,LIME1,54923
gene_9587,LIMK1|3984,LIMK1,3984
gene_9588,LIMK2|3985,LIMK2,3985
gene_9589,LIMS1|3987,LIMS1,3987
gene_9590,LIMS2|55679,LIMS2,55679
gene_9591,LIMS3-LOC440895|100271835,LIMS3-LOC440895,100271835
gene_9592,LIMS3|96626,LIMS3,96626
gene_9593,LIN28A|79727,LIN28A,79727
gene_9594,LIN28B|389421,LIN28B,389421
gene_9595,LIN37|55957,LIN37,55957
gene_9596,LIN52|91750,LIN52,91750
gene_9597,LIN54|132660,LIN54,132660
gene_9598,LIN7A|8825,LIN7A,8825
gene_9599,LIN7B|64130,LIN7B,64130
gene_9600,LIN7C|55327,LIN7C,55327
gene_9601,LIN9|286826,LIN9,286826
gene_9602,LINGO1|84894,LINGO1,84894
gene_9603,LINGO2|158038,LINGO2,158038
gene_9604,LINGO3|645191,LINGO3,645191
gene_9605,LINGO4|339398,LINGO4,339398
gene_9606,LINS1|55180,LINS1,55180
gene_9607,LIPA|3988,LIPA,3988
gene_9608,LIPC|3990,LIPC,3990
gene_9609,LIPE|3991,LIPE,3991
gene_9610,LIPF|8513,LIPF,8513
gene_9611,LIPG|9388,LIPG,9388
gene_9612,LIPH|200879,LIPH,200879
gene_9613,LIPI|149998,LIPI,149998
gene_9614,LIPJ|142910,LIPJ,142910
gene_9615,LIPK|643414,LIPK,643414
gene_9616,LIPM|340654,LIPM,340654
gene_9617,LIPN|643418,LIPN,643418
gene_9618,LIPT1|51601,LIPT1,51601
gene_9619,LIPT2|387787,LIPT2,387787
gene_9620,LITAF|9516,LITAF,9516
gene_9621,LIX1L|128077,LIX1L,128077
gene_9622,LIX1|167410,LIX1,167410
gene_9623,LLGL1|3996,LLGL1,3996
gene_9624,LLGL2|3993,LLGL2,3993
gene_9625,LLPH|84298,LLPH,84298
gene_9626,LMAN1L|79748,LMAN1L,79748
gene_9627,LMAN1|3998,LMAN1,3998
gene_9628,LMAN2L|81562,LMAN2L,81562
gene_9629,LMAN2|10960,LMAN2,10960
gene_9630,LMBR1L|55716,LMBR1L,55716
gene_9631,LMBR1|64327,LMBR1,64327
gene_9632,LMBRD1|55788,LMBRD1,55788
gene_9633,LMBRD2|92255,LMBRD2,92255
gene_9634,LMCD1|29995,LMCD1,29995
gene_9635,LMF1|64788,LMF1,64788
gene_9636,LMF2|91289,LMF2,91289
gene_9637,LMLN|89782,LMLN,89782
gene_9638,LMNA|4000,LMNA,4000
gene_9639,LMNB1|4001,LMNB1,4001
gene_9640,LMNB2|84823,LMNB2,84823
gene_9641,LMO1|4004,LMO1,4004
gene_9642,LMO2|4005,LMO2,4005
gene_9643,LMO3|55885,LMO3,55885
gene_9644,LMO4|8543,LMO4,8543
gene_9645,LMO7|4008,LMO7,4008
gene_9646,LMOD1|25802,LMOD1,25802
gene_9647,LMOD2|442721,LMOD2,442721
gene_9648,LMOD3|56203,LMOD3,56203
gene_9649,LMTK2|22853,LMTK2,22853
gene_9650,LMTK3|114783,LMTK3,114783
gene_9651,LMX1A|4009,LMX1A,4009
gene_9652,LMX1B|4010,LMX1B,4010
gene_9653,LNP1|348801,LNP1,348801
gene_9654,LNPEP|4012,LNPEP,4012
gene_9655,LNX1|84708,LNX1,84708
gene_9656,LNX2|222484,LNX2,222484
gene_9657,LOC100009676|100009676,LOC100009676,100009676
gene_9658,LOC100101266|100101266,LOC100101266,100101266
gene_9659,LOC100101938|100101938,LOC100101938,100101938
gene_9660,LOC100124692|100124692,LOC100124692,100124692
gene_9661,LOC100125556|100125556,LOC100125556,100125556
gene_9662,LOC100126784|100126784,LOC100126784,100126784
gene_9663,LOC100127888|100127888,LOC100127888,100127888
gene_9664,LOC100128023|100128023,LOC100128023,100128023
gene_9665,LOC100128076|100128076,LOC100128076,100128076
gene_9666,LOC100128164|100128164,LOC100128164,100128164
gene_9667,LOC100128191|100128191,LOC100128191,100128191
gene_9668,LOC100128239|100128239,LOC100128239,100128239
gene_9669,LOC100128288|100128288,LOC100128288,100128288
gene_9670,LOC100128292|100128292,LOC100128292,100128292
gene_9671,LOC100128542|100128542,LOC100128542,100128542
gene_9672,LOC100128554|100128554,LOC100128554,100128554
gene_9673,LOC100128573|100128573,LOC100128573,100128573
gene_9674,LOC100128640|100128640,LOC100128640,100128640
gene_9675,LOC100128675|100128675,LOC100128675,100128675
gene_9676,LOC100128788|100128788,LOC100128788,100128788
gene_9677,LOC100128811|100128811,LOC100128811,100128811
gene_9678,LOC100128822|100128822,LOC100128822,100128822
gene_9679,LOC100128842|100128842,LOC100128842,100128842
gene_9680,LOC100128977|100128977,LOC100128977,100128977
gene_9681,LOC100129034|100129034,LOC100129034,100129034
gene_9682,LOC100129055|100129055,LOC100129055,100129055
gene_9683,LOC100129066|100129066,LOC100129066,100129066
gene_9684,LOC100129387|100129387,LOC100129387,100129387
gene_9685,LOC100129534|100129534,LOC100129534,100129534
gene_9686,LOC100129550|100129550,LOC100129550,100129550
gene_9687,LOC100129637|100129637,LOC100129637,100129637
gene_9688,LOC100129716|100129716,LOC100129716,100129716
gene_9689,LOC100129726|100129726,LOC100129726,100129726
gene_9690,LOC100129935|100129935,LOC100129935,100129935
gene_9691,LOC100130015|100130015,LOC100130015,100130015
gene_9692,LOC100130093|100130093,LOC100130093,100130093
gene_9693,LOC100130148|100130148,LOC100130148,100130148
gene_9694,LOC100130238|100130238,LOC100130238,100130238
gene_9695,LOC100130264|100130264,LOC100130264,100130264
gene_9696,LOC100130274|100130274,LOC100130274,100130274
gene_9697,LOC100130331|100130331,LOC100130331,100130331
gene_9698,LOC100130386|100130386,LOC100130386,100130386
gene_9699,LOC100130522|100130522,LOC100130522,100130522
gene_9700,LOC100130557|100130557,LOC100130557,100130557
gene_9701,LOC100130581|100130581,LOC100130581,100130581
gene_9702,LOC100130691|100130691,LOC100130691,100130691
gene_9703,LOC100130776|100130776,LOC100130776,100130776
gene_9704,LOC100130872|100130872,LOC100130872,100130872
gene_9705,LOC100130932|100130932,LOC100130932,100130932
gene_9706,LOC100130933|100130933,LOC100130933,100130933
gene_9707,LOC100130987|100130987,LOC100130987,100130987
gene_9708,LOC100131193|100131193,LOC100131193,100131193
gene_9709,LOC100131434|100131434,LOC100131434,100131434
gene_9710,LOC100131496|100131496,LOC100131496,100131496
gene_9711,LOC100131551|100131551,LOC100131551,100131551
gene_9712,LOC100131691|100131691,LOC100131691,100131691
gene_9713,LOC100131726|100131726,LOC100131726,100131726
gene_9714,LOC100132111|100132111,LOC100132111,100132111
gene_9715,LOC100132215|100132215,LOC100132215,100132215
gene_9716,LOC100132247|100132247,LOC100132247,100132247
gene_9717,LOC100132287|100132287,LOC100132287,100132287
gene_9718,LOC100132288|100132288,LOC100132288,100132288
gene_9719,LOC100132354|100132354,LOC100132354,100132354
gene_9720,LOC100132707|100132707,LOC100132707,100132707
gene_9721,LOC100132724|100132724,LOC100132724,100132724
gene_9722,LOC100132831|100132831,LOC100132831,100132831
gene_9723,LOC100132832|100132832,LOC100132832,100132832
gene_9724,LOC100133050|100133050,LOC100133050,100133050
gene_9725,LOC100133161|100133161,LOC100133161,100133161
gene_9726,LOC100133308|100133308,LOC100133308,100133308
gene_9727,LOC100133331|100133331,LOC100133331,100133331
gene_9728,LOC100133469|100133469,LOC100133469,100133469
gene_9729,LOC100133545|100133545,LOC100133545,100133545
gene_9730,LOC100133612|100133612,LOC100133612,100133612
gene_9731,LOC100133669|100133669,LOC100133669,100133669
gene_9732,LOC100133893|100133893,LOC100133893,100133893
gene_9733,LOC100133920|100133920,LOC100133920,100133920
gene_9734,LOC100133957|100133957,LOC100133957,100133957
gene_9735,LOC100133985|100133985,LOC100133985,100133985
gene_9736,LOC100133991|100133991,LOC100133991,100133991
gene_9737,LOC100134229|100134229,LOC100134229,100134229
gene_9738,LOC100134259|100134259,LOC100134259,100134259
gene_9739,LOC100134368|100134368,LOC100134368,100134368
gene_9740,LOC100134713|100134713,LOC100134713,100134713
gene_9741,LOC100134868|100134868,LOC100134868,100134868
gene_9742,LOC100144603|100144603,LOC100144603,100144603
gene_9743,LOC100144604|100144604,LOC100144604,100144604
gene_9744,LOC100169752|100169752,LOC100169752,100169752
gene_9745,LOC100170939|100170939,LOC100170939,100170939
gene_9746,LOC100188947|100188947,LOC100188947,100188947
gene_9747,LOC100188949|100188949,LOC100188949,100188949
gene_9748,LOC100189589|100189589,LOC100189589,100189589
gene_9749,LOC100190938|100190938,LOC100190938,100190938
gene_9750,LOC100190939|100190939,LOC100190939,100190939
gene_9751,LOC100190940|100190940,LOC100190940,100190940
gene_9752,LOC100190986|100190986,LOC100190986,100190986
gene_9753,LOC100192378|100192378,LOC100192378,100192378
gene_9754,LOC100192379|100192379,LOC100192379,100192379
gene_9755,LOC100192426|100192426,LOC100192426,100192426
gene_9756,LOC100216001|100216001,LOC100216001,100216001
gene_9757,LOC100216545|100216545,LOC100216545,100216545
gene_9758,LOC100233209|100233209,LOC100233209,100233209
gene_9759,LOC100240726|100240726,LOC100240726,100240726
gene_9760,LOC100240734|100240734,LOC100240734,100240734
gene_9761,LOC100240735|100240735,LOC100240735,100240735
gene_9762,LOC100268168|100268168,LOC100268168,100268168
gene_9763,LOC100270710|100270710,LOC100270710,100270710
gene_9764,LOC100270746|100270746,LOC100270746,100270746
gene_9765,LOC100270804|100270804,LOC100270804,100270804
gene_9766,LOC100271722|100271722,LOC100271722,100271722
gene_9767,LOC100271831|100271831,LOC100271831,100271831
gene_9768,LOC100271832|100271832,LOC100271832,100271832
gene_9769,LOC100271836|100271836,LOC100271836,100271836
gene_9770,LOC100272146|100272146,LOC100272146,100272146
gene_9771,LOC100272216|100272216,LOC100272216,100272216
gene_9772,LOC100272217|100272217,LOC100272217,100272217
gene_9773,LOC100272228|100272228,LOC100272228,100272228
gene_9774,LOC100286793|100286793,LOC100286793,100286793
gene_9775,LOC100286844|100286844,LOC100286844,100286844
gene_9776,LOC100287227|100287227,LOC100287227,100287227
gene_9777,LOC100287704|100287704,LOC100287704,100287704
gene_9778,LOC100287718|100287718,LOC100287718,100287718
gene_9779,LOC100288778|100288778,LOC100288778,100288778
gene_9780,LOC100289341|100289341,LOC100289341,100289341
gene_9781,LOC100302401|100302401,LOC100302401,100302401
gene_9782,LOC100302640|100302640,LOC100302640,100302640
gene_9783,LOC100302650|100302650,LOC100302650,100302650
gene_9784,LOC100303728|100303728,LOC100303728,100303728
gene_9785,LOC113230|113230,LOC113230,113230
gene_9786,LOC115110|115110,LOC115110,115110
gene_9787,LOC116437|116437,LOC116437,116437
gene_9788,LOC121838|121838,LOC121838,121838
gene_9789,LOC121952|121952,LOC121952,121952
gene_9790,LOC126536|126536,LOC126536,126536
gene_9791,LOC127841|127841,LOC127841,127841
gene_9792,LOC134466|134466,LOC134466,134466
gene_9793,LOC143188|143188,LOC143188,143188
gene_9794,LOC143666|143666,LOC143666,143666
gene_9795,LOC144438|144438,LOC144438,144438
gene_9796,LOC144486|144486,LOC144486,144486
gene_9797,LOC144571|144571,LOC144571,144571
gene_9798,LOC144742|144742,LOC144742,144742
gene_9799,LOC144776|144776,LOC144776,144776
gene_9800,LOC145474|145474,LOC145474,145474
gene_9801,LOC145783|145783,LOC145783,145783
gene_9802,LOC145820|145820,LOC145820,145820
gene_9803,LOC145837|145837,LOC145837,145837
gene_9804,LOC145845|145845,LOC145845,145845
gene_9805,LOC146336|146336,LOC146336,146336
gene_9806,LOC146481|146481,LOC146481,146481
gene_9807,LOC146880|146880,LOC146880,146880
gene_9808,LOC147727|147727,LOC147727,147727
gene_9809,LOC147804|147804,LOC147804,147804
gene_9810,LOC148145|148145,LOC148145,148145
gene_9811,LOC148189|148189,LOC148189,148189
gene_9812,LOC148413|148413,LOC148413,148413
gene_9813,LOC148696|148696,LOC148696,148696
gene_9814,LOC148709|148709,LOC148709,148709
gene_9815,LOC148824|148824,LOC148824,148824
gene_9816,LOC149134|149134,LOC149134,149134
gene_9817,LOC149620|149620,LOC149620,149620
gene_9818,LOC149837|149837,LOC149837,149837
gene_9819,LOC150185|150185,LOC150185,150185
gene_9820,LOC150197|150197,LOC150197,150197
gene_9821,LOC150381|150381,LOC150381,150381
gene_9822,LOC150527|150527,LOC150527,150527
gene_9823,LOC150568|150568,LOC150568,150568
gene_9824,LOC150622|150622,LOC150622,150622
gene_9825,LOC150776|150776,LOC150776,150776
gene_9826,LOC150786|150786,LOC150786,150786
gene_9827,LOC151009|151009,LOC151009,151009
gene_9828,LOC151162|151162,LOC151162,151162
gene_9829,LOC151174|151174,LOC151174,151174
gene_9830,LOC151300|151300,LOC151300,151300
gene_9831,LOC151534|151534,LOC151534,151534
gene_9832,LOC151658|151658,LOC151658,151658
gene_9833,LOC152024|152024,LOC152024,152024
gene_9834,LOC152217|152217,LOC152217,152217
gene_9835,LOC152225|152225,LOC152225,152225
gene_9836,LOC153328|153328,LOC153328,153328
gene_9837,LOC153684|153684,LOC153684,153684
gene_9838,LOC153910|153910,LOC153910,153910
gene_9839,LOC154449|154449,LOC154449,154449
gene_9840,LOC154761|154761,LOC154761,154761
gene_9841,LOC154822|154822,LOC154822,154822
gene_9842,LOC157381|157381,LOC157381,157381
gene_9843,LOC157627|157627,LOC157627,157627
gene_9844,LOC158376|158376,LOC158376,158376
gene_9845,LOC158572|158572,LOC158572,158572
gene_9846,LOC158696|158696,LOC158696,158696
gene_9847,LOC162632|162632,LOC162632,162632
gene_9848,LOC168474|168474,LOC168474,168474
gene_9849,LOC200030|200030,LOC200030,200030
gene_9850,LOC200726|200726,LOC200726,200726
gene_9851,LOC201651|201651,LOC201651,201651
gene_9852,LOC202181|202181,LOC202181,202181
gene_9853,LOC202781|202781,LOC202781,202781
gene_9854,LOC219347|219347,LOC219347,219347
gene_9855,LOC220429|220429,LOC220429,220429
gene_9856,LOC220594|220594,LOC220594,220594
gene_9857,LOC220729|220729,LOC220729,220729
gene_9858,LOC220930|220930,LOC220930,220930
gene_9859,LOC221122|221122,LOC221122,221122
gene_9860,LOC221442|221442,LOC221442,221442
gene_9861,LOC221710|221710,LOC221710,221710
gene_9862,LOC222699|222699,LOC222699,222699
gene_9863,LOC253039|253039,LOC253039,253039
gene_9864,LOC253724|253724,LOC253724,253724
gene_9865,LOC254312|254312,LOC254312,254312
gene_9866,LOC254559|254559,LOC254559,254559
gene_9867,LOC255025|255025,LOC255025,255025
gene_9868,LOC255167|255167,LOC255167,255167
gene_9869,LOC256880|256880,LOC256880,256880
gene_9870,LOC257358|257358,LOC257358,257358
gene_9871,LOC25845|25845,LOC25845,25845
gene_9872,LOC26102|26102,LOC26102,26102
gene_9873,LOC282997|282997,LOC282997,282997
gene_9874,LOC283050|283050,LOC283050,283050
gene_9875,LOC283070|283070,LOC283070,283070
gene_9876,LOC283174|283174,LOC283174,283174
gene_9877,LOC283267|283267,LOC283267,283267
gene_9878,LOC283314|283314,LOC283314,283314
gene_9879,LOC283332|283332,LOC283332,283332
gene_9880,LOC283392|283392,LOC283392,283392
gene_9881,LOC283404|283404,LOC283404,283404
gene_9882,LOC283663|283663,LOC283663,283663
gene_9883,LOC283731|283731,LOC283731,283731
gene_9884,LOC283761|283761,LOC283761,283761
gene_9885,LOC283856|283856,LOC283856,283856
gene_9886,LOC283867|283867,LOC283867,283867
gene_9887,LOC283914|283914,LOC283914,283914
gene_9888,LOC283922|283922,LOC283922,283922
gene_9889,LOC283999|283999,LOC283999,283999
gene_9890,LOC284009|284009,LOC284009,284009
gene_9891,LOC284023|284023,LOC284023,284023
gene_9892,LOC284100|284100,LOC284100,284100
gene_9893,LOC284232|284232,LOC284232,284232
gene_9894,LOC284233|284233,LOC284233,284233
gene_9895,LOC284276|284276,LOC284276,284276
gene_9896,LOC284379|284379,LOC284379,284379
gene_9897,LOC284440|284440,LOC284440,284440
gene_9898,LOC284441|284441,LOC284441,284441
gene_9899,LOC284551|284551,LOC284551,284551
gene_9900,LOC284578|284578,LOC284578,284578
gene_9901,LOC284632|284632,LOC284632,284632
gene_9902,LOC284661|284661,LOC284661,284661
gene_9903,LOC284688|284688,LOC284688,284688
gene_9904,LOC284749|284749,LOC284749,284749
gene_9905,LOC284788|284788,LOC284788,284788
gene_9906,LOC284798|284798,LOC284798,284798
gene_9907,LOC284837|284837,LOC284837,284837
gene_9908,LOC284900|284900,LOC284900,284900
gene_9909,LOC285033|285033,LOC285033,285033
gene_9910,LOC285045|285045,LOC285045,285045
gene_9911,LOC285074|285074,LOC285074,285074
gene_9912,LOC285194|285194,LOC285194,285194
gene_9913,LOC285205|285205,LOC285205,285205
gene_9914,LOC285359|285359,LOC285359,285359
gene_9915,LOC285370|285370,LOC285370,285370
gene_9916,LOC285375|285375,LOC285375,285375
gene_9917,LOC285401|285401,LOC285401,285401
gene_9918,LOC285419|285419,LOC285419,285419
gene_9919,LOC285456|285456,LOC285456,285456
gene_9920,LOC285501|285501,LOC285501,285501
gene_9921,LOC285548|285548,LOC285548,285548
gene_9922,LOC285593|285593,LOC285593,285593
gene_9923,LOC285627|285627,LOC285627,285627
gene_9924,LOC285629|285629,LOC285629,285629
gene_9925,LOC285692|285692,LOC285692,285692
gene_9926,LOC285696|285696,LOC285696,285696
gene_9927,LOC285733|285733,LOC285733,285733
gene_9928,LOC285735|285735,LOC285735,285735
gene_9929,LOC285740|285740,LOC285740,285740
gene_9930,LOC285768|285768,LOC285768,285768
gene_9931,LOC285780|285780,LOC285780,285780
gene_9932,LOC285796|285796,LOC285796,285796
gene_9933,LOC285830|285830,LOC285830,285830
gene_9934,LOC285847|285847,LOC285847,285847
gene_9935,LOC285954|285954,LOC285954,285954
gene_9936,LOC286002|286002,LOC286002,286002
gene_9937,LOC286094|286094,LOC286094,286094
gene_9938,LOC286135|286135,LOC286135,286135
gene_9939,LOC286238|286238,LOC286238,286238
gene_9940,LOC286359|286359,LOC286359,286359
gene_9941,LOC286367|286367,LOC286367,286367
gene_9942,LOC286467|286467,LOC286467,286467
gene_9943,LOC29034|29034,LOC29034,29034
gene_9944,LOC338588|338588,LOC338588,338588
gene_9945,LOC338651|338651,LOC338651,338651
gene_9946,LOC338758|338758,LOC338758,338758
gene_9947,LOC338799|338799,LOC338799,338799
gene_9948,LOC339047|339047,LOC339047,339047
gene_9949,LOC339240|339240,LOC339240,339240
gene_9950,LOC339290|339290,LOC339290,339290
gene_9951,LOC339524|339524,LOC339524,339524
gene_9952,LOC339535|339535,LOC339535,339535
gene_9953,LOC339568|339568,LOC339568,339568
gene_9954,LOC339674|339674,LOC339674,339674
gene_9955,LOC339788|339788,LOC339788,339788
gene_9956,LOC340017|340017,LOC340017,340017
gene_9957,LOC340074|340074,LOC340074,340074
gene_9958,LOC340094|340094,LOC340094,340094
gene_9959,LOC340357|340357,LOC340357,340357
gene_9960,LOC340508|340508,LOC340508,340508
gene_9961,LOC341056|341056,LOC341056,341056
gene_9962,LOC342346|342346,LOC342346,342346
gene_9963,LOC344595|344595,LOC344595,344595
gene_9964,LOC344967|344967,LOC344967,344967
gene_9965,LOC347376|347376,LOC347376,347376
gene_9966,LOC348021|348021,LOC348021,348021
gene_9967,LOC348840|348840,LOC348840,348840
gene_9968,LOC348926|348926,LOC348926,348926
gene_9969,LOC349114|349114,LOC349114,349114
gene_9970,LOC349196|349196,LOC349196,349196
gene_9971,LOC360030|360030,LOC360030,360030
gene_9972,LOC374443|374443,LOC374443,374443
gene_9973,LOC374491|374491,LOC374491,374491
gene_9974,LOC375190|375190,LOC375190,375190
gene_9975,LOC387646|387646,LOC387646,387646
gene_9976,LOC387647|387647,LOC387647,387647
gene_9977,LOC388152|388152,LOC388152,388152
gene_9978,LOC388242|388242,LOC388242,388242
gene_9979,LOC388387|388387,LOC388387,388387
gene_9980,LOC388428|388428,LOC388428,388428
gene_9981,LOC388588|388588,LOC388588,388588
gene_9982,LOC388692|388692,LOC388692,388692
gene_9983,LOC388789|388789,LOC388789,388789
gene_9984,LOC388796|388796,LOC388796,388796
gene_9985,LOC388946|388946,LOC388946,388946
gene_9986,LOC388955|388955,LOC388955,388955
gene_9987,LOC389033|389033,LOC389033,389033
gene_9988,LOC389332|389332,LOC389332,389332
gene_9989,LOC389333|389333,LOC389333,389333
gene_9990,LOC389458|389458,LOC389458,389458
gene_9991,LOC389493|389493,LOC389493,389493
gene_9992,LOC389634|389634,LOC389634,389634
gene_9993,LOC389705|389705,LOC389705,389705
gene_9994,LOC389791|389791,LOC389791,389791
gene_9995,LOC390595|390595,LOC390595,390595
gene_9996,LOC390858|390858,LOC390858,390858
gene_9997,LOC391322|391322,LOC391322,391322
gene_9998,LOC392196|392196,LOC392196,392196
gene_9999,LOC399744|399744,LOC399744,399744
gene_10000,LOC399815|399815,LOC399815,399815
gene_10001,LOC399959|399959,LOC399959,399959
gene_10002,LOC400027|400027,LOC400027,400027
gene_10003,LOC400043|400043,LOC400043,400043
gene_10004,LOC400657|400657,LOC400657,400657
gene_10005,LOC400696|400696,LOC400696,400696
gene_10006,LOC400752|400752,LOC400752,400752
gene_10007,LOC400759|400759,LOC400759,400759
gene_10008,LOC400794|400794,LOC400794,400794
gene_10009,LOC400804|400804,LOC400804,400804
gene_10010,LOC400891|400891,LOC400891,400891
gene_10011,LOC400927|400927,LOC400927,400927
gene_10012,LOC400931|400931,LOC400931,400931
gene_10013,LOC400940|400940,LOC400940,400940
gene_10014,LOC401010|401010,LOC401010,401010
gene_10015,LOC401052|401052,LOC401052,401052
gene_10016,LOC401093|401093,LOC401093,401093
gene_10017,LOC401127|401127,LOC401127,401127
gene_10018,LOC401387|401387,LOC401387,401387
gene_10019,LOC401397|401397,LOC401397,401397
gene_10020,LOC401431|401431,LOC401431,401431
gene_10021,LOC401463|401463,LOC401463,401463
gene_10022,LOC401588|401588,LOC401588,401588
gene_10023,LOC402377|402377,LOC402377,402377
gene_10024,LOC402644|402644,LOC402644,402644
gene_10025,LOC407835|407835,LOC407835,407835
gene_10026,LOC415056|415056,LOC415056,415056
gene_10027,LOC440040|440040,LOC440040,440040
gene_10028,LOC440173|440173,LOC440173,440173
gene_10029,LOC440354|440354,LOC440354,440354
gene_10030,LOC440356|440356,LOC440356,440356
gene_10031,LOC440461|440461,LOC440461,440461
gene_10032,LOC440563|440563,LOC440563,440563
gene_10033,LOC440896|440896,LOC440896,440896
gene_10034,LOC440905|440905,LOC440905,440905
gene_10035,LOC440925|440925,LOC440925,440925
gene_10036,LOC440944|440944,LOC440944,440944
gene_10037,LOC440957|440957,LOC440957,440957
gene_10038,LOC441046|441046,LOC441046,441046
gene_10039,LOC441089|441089,LOC441089,441089
gene_10040,LOC441177|441177,LOC441177,441177
gene_10041,LOC441204|441204,LOC441204,441204
gene_10042,LOC441208|441208,LOC441208,441208
gene_10043,LOC441294|441294,LOC441294,441294
gene_10044,LOC441454|441454,LOC441454,441454
gene_10045,LOC441455|441455,LOC441455,441455
gene_10046,LOC441601|441601,LOC441601,441601
gene_10047,LOC441666|441666,LOC441666,441666
gene_10048,LOC441869|441869,LOC441869,441869
gene_10049,LOC442308|442308,LOC442308,442308
gene_10050,LOC442421|442421,LOC442421,442421
gene_10051,LOC442454|442454,LOC442454,442454
gene_10052,LOC442459|442459,LOC442459,442459
gene_10053,LOC493754|493754,LOC493754,493754
gene_10054,LOC494141|494141,LOC494141,494141
gene_10055,LOC541471|541471,LOC541471,541471
gene_10056,LOC541473|541473,LOC541473,541473
gene_10057,LOC550112|550112,LOC550112,550112
gene_10058,LOC550643|550643,LOC550643,550643
gene_10059,LOC554202|554202,LOC554202,554202
gene_10060,LOC55908|55908,LOC55908,55908
gene_10061,LOC572558|572558,LOC572558,572558
gene_10062,LOC595101|595101,LOC595101,595101
gene_10063,LOC606724|606724,LOC606724,606724
gene_10064,LOC613037|613037,LOC613037,613037
gene_10065,LOC619207|619207,LOC619207,619207
gene_10066,LOC641298|641298,LOC641298,641298
gene_10067,LOC641367|641367,LOC641367,641367
gene_10068,LOC642587|642587,LOC642587,642587
gene_10069,LOC642597|642597,LOC642597,642597
gene_10070,LOC642826|642826,LOC642826,642826
gene_10071,LOC642846|642846,LOC642846,642846
gene_10072,LOC642852|642852,LOC642852,642852
gene_10073,LOC642929|642929,LOC642929,642929
gene_10074,LOC643008|643008,LOC643008,643008
gene_10075,LOC643387|643387,LOC643387,643387
gene_10076,LOC643486|643486,LOC643486,643486
gene_10077,LOC643677|643677,LOC643677,643677
gene_10078,LOC643719|643719,LOC643719,643719
gene_10079,LOC643763|643763,LOC643763,643763
gene_10080,LOC643837|643837,LOC643837,643837
gene_10081,LOC643923|643923,LOC643923,643923
gene_10082,LOC643955|643955,LOC643955,643955
gene_10083,LOC644145|644145,LOC644145,644145
gene_10084,LOC644165|644165,LOC644165,644165
gene_10085,LOC644172|644172,LOC644172,644172
gene_10086,LOC644538|644538,LOC644538,644538
gene_10087,LOC644669|644669,LOC644669,644669
gene_10088,LOC644936|644936,LOC644936,644936
gene_10089,LOC645166|645166,LOC645166,645166
gene_10090,LOC645323|645323,LOC645323,645323
gene_10091,LOC645332|645332,LOC645332,645332
gene_10092,LOC645431|645431,LOC645431,645431
gene_10093,LOC645676|645676,LOC645676,645676
gene_10094,LOC645752|645752,LOC645752,645752
gene_10095,LOC646214|646214,LOC646214,646214
gene_10096,LOC646471|646471,LOC646471,646471
gene_10097,LOC646498|646498,LOC646498,646498
gene_10098,LOC646627|646627,LOC646627,646627
gene_10099,LOC646762|646762,LOC646762,646762
gene_10100,LOC646813|646813,LOC646813,646813
gene_10101,LOC646851|646851,LOC646851,646851
gene_10102,LOC646982|646982,LOC646982,646982
gene_10103,LOC646999|646999,LOC646999,646999
gene_10104,LOC647121|647121,LOC647121,647121
gene_10105,LOC647288|647288,LOC647288,647288
gene_10106,LOC647309|647309,LOC647309,647309
gene_10107,LOC647859|647859,LOC647859,647859
gene_10108,LOC647946|647946,LOC647946,647946
gene_10109,LOC647979|647979,LOC647979,647979
gene_10110,LOC648691|648691,LOC648691,648691
gene_10111,LOC648740|648740,LOC648740,648740
gene_10112,LOC649330|649330,LOC649330,649330
gene_10113,LOC650293|650293,LOC650293,650293
gene_10114,LOC650368|650368,LOC650368,650368
gene_10115,LOC650623|650623,LOC650623,650623
gene_10116,LOC651250|651250,LOC651250,651250
gene_10117,LOC652276|652276,LOC652276,652276
gene_10118,LOC653113|653113,LOC653113,653113
gene_10119,LOC653501|653501,LOC653501,653501
gene_10120,LOC653544|653544,LOC653544,653544
gene_10121,LOC653545|653545,LOC653545,653545
gene_10122,LOC653566|653566,LOC653566,653566
gene_10123,LOC653653|653653,LOC653653,653653
gene_10124,LOC653786|653786,LOC653786,653786
gene_10125,LOC654342|654342,LOC654342,654342
gene_10126,LOC654433|654433,LOC654433,654433
gene_10127,LOC678655|678655,LOC678655,678655
gene_10128,LOC723809|723809,LOC723809,723809
gene_10129,LOC723972|723972,LOC723972,723972
gene_10130,LOC727677|727677,LOC727677,727677
gene_10131,LOC727896|727896,LOC727896,727896
gene_10132,LOC727924|727924,LOC727924,727924
gene_10133,LOC728024|728024,LOC728024,728024
gene_10134,LOC728190|728190,LOC728190,728190
gene_10135,LOC728264|728264,LOC728264,728264
gene_10136,LOC728276|728276,LOC728276,728276
gene_10137,LOC728323|728323,LOC728323,728323
gene_10138,LOC728392|728392,LOC728392,728392
gene_10139,LOC728410|728410,LOC728410,728410
gene_10140,LOC728554|728554,LOC728554,728554
gene_10141,LOC728606|728606,LOC728606,728606
gene_10142,LOC728613|728613,LOC728613,728613
gene_10143,LOC728640|728640,LOC728640,728640
gene_10144,LOC728643|728643,LOC728643,728643
gene_10145,LOC728723|728723,LOC728723,728723
gene_10146,LOC728743|728743,LOC728743,728743
gene_10147,LOC728758|728758,LOC728758,728758
gene_10148,LOC728819|728819,LOC728819,728819
gene_10149,LOC728855|728855,LOC728855,728855
gene_10150,LOC728875|728875,LOC728875,728875
gene_10151,LOC728989|728989,LOC728989,728989
gene_10152,LOC729020|729020,LOC729020,729020
gene_10153,LOC729082|729082,LOC729082,729082
gene_10154,LOC729121|729121,LOC729121,729121
gene_10155,LOC729156|729156,LOC729156,729156
gene_10156,LOC729176|729176,LOC729176,729176
gene_10157,LOC729234|729234,LOC729234,729234
gene_10158,LOC729375|729375,LOC729375,729375
gene_10159,LOC729467|729467,LOC729467,729467
gene_10160,LOC729603|729603,LOC729603,729603
gene_10161,LOC729609|729609,LOC729609,729609
gene_10162,LOC729668|729668,LOC729668,729668
gene_10163,LOC729678|729678,LOC729678,729678
gene_10164,LOC729799|729799,LOC729799,729799
gene_10165,LOC729991-MEF2B|4207,LOC729991-MEF2B,4207
gene_10166,LOC729991|729991,LOC729991,729991
gene_10167,LOC730101|730101,LOC730101,730101
gene_10168,LOC730668|730668,LOC730668,730668
gene_10169,LOC730811|730811,LOC730811,730811
gene_10170,LOC731779|731779,LOC731779,731779
gene_10171,LOC731789|731789,LOC731789,731789
gene_10172,LOC732275|732275,LOC732275,732275
gene_10173,LOC80054|80054,LOC80054,80054
gene_10174,LOC80154|80154,LOC80154,80154
gene_10175,LOC81691|81691,LOC81691,81691
gene_10176,LOC84740|84740,LOC84740,84740
gene_10177,LOC84856|84856,LOC84856,84856
gene_10178,LOC84931|84931,LOC84931,84931
gene_10179,LOC84989|84989,LOC84989,84989
gene_10180,LOC90110|90110,LOC90110,90110
gene_10181,LOC90246|90246,LOC90246,90246
gene_10182,LOC90586|90586,LOC90586,90586
gene_10183,LOC90784|90784,LOC90784,90784
gene_10184,LOC90834|90834,LOC90834,90834
gene_10185,LOC91149|91149,LOC91149,91149
gene_10186,LOC91316|91316,LOC91316,91316
gene_10187,LOC91450|91450,LOC91450,91450
gene_10188,LOC91948|91948,LOC91948,91948
gene_10189,LOC92249|92249,LOC92249,92249
gene_10190,LOC92659|92659,LOC92659,92659
gene_10191,LOC92973|92973,LOC92973,92973
gene_10192,LOC93432|93432,LOC93432,93432
gene_10193,LOC93622|93622,LOC93622,93622
gene_10194,LOC96610|96610,LOC96610,96610
gene_10195,LOH12CR1|118426,LOH12CR1,118426
gene_10196,LOH12CR2|503693,LOH12CR2,503693
gene_10197,LOH3CR2A|29931,LOH3CR2A,29931
gene_10198,LONP1|9361,LONP1,9361
gene_10199,LONP2|83752,LONP2,83752
gene_10200,LONRF1|91694,LONRF1,91694
gene_10201,LONRF2|164832,LONRF2,164832
gene_10202,LONRF3|79836,LONRF3,79836
gene_10203,LOR|4014,LOR,4014
gene_10204,LOXHD1|125336,LOXHD1,125336
gene_10205,LOXL1|4016,LOXL1,4016
gene_10206,LOXL2|4017,LOXL2,4017
gene_10207,LOXL3|84695,LOXL3,84695
gene_10208,LOXL4|84171,LOXL4,84171
gene_10209,LOX|4015,LOX,4015
gene_10210,LPAL2|80350,LPAL2,80350
gene_10211,LPAR1|1902,LPAR1,1902
gene_10212,LPAR2|9170,LPAR2,9170
gene_10213,LPAR3|23566,LPAR3,23566
gene_10214,LPAR4|2846,LPAR4,2846
gene_10215,LPAR5|57121,LPAR5,57121
gene_10216,LPAR6|10161,LPAR6,10161
gene_10217,LPA|4018,LPA,4018
gene_10218,LPCAT1|79888,LPCAT1,79888
gene_10219,LPCAT2|54947,LPCAT2,54947
gene_10220,LPCAT3|10162,LPCAT3,10162
gene_10221,LPCAT4|254531,LPCAT4,254531
gene_10222,LPGAT1|9926,LPGAT1,9926
gene_10223,LPHN1|22859,LPHN1,22859
gene_10224,LPHN2|23266,LPHN2,23266
gene_10225,LPHN3|23284,LPHN3,23284
gene_10226,LPIN1|23175,LPIN1,23175
gene_10227,LPIN2|9663,LPIN2,9663
gene_10228,LPIN3|64900,LPIN3,64900
gene_10229,LPL|4023,LPL,4023
gene_10230,LPO|4025,LPO,4025
gene_10231,LPPR1|54886,LPPR1,54886
gene_10232,LPPR2|64748,LPPR2,64748
gene_10233,LPPR3|79948,LPPR3,79948
gene_10234,LPPR4|9890,LPPR4,9890
gene_10235,LPPR5|163404,LPPR5,163404
gene_10236,LPP|4026,LPP,4026
gene_10237,LPXN|9404,LPXN,9404
gene_10238,LQK1|642946,LQK1,642946
gene_10239,LRAT|9227,LRAT,9227
gene_10240,LRBA|987,LRBA,987
gene_10241,LRCH1|23143,LRCH1,23143
gene_10242,LRCH2|57631,LRCH2,57631
gene_10243,LRCH3|84859,LRCH3,84859
gene_10244,LRCH4|4034,LRCH4,4034
gene_10245,LRDD|55367,LRDD,55367
gene_10246,LRFN1|57622,LRFN1,57622
gene_10247,LRFN2|57497,LRFN2,57497
gene_10248,LRFN3|79414,LRFN3,79414
gene_10249,LRFN4|78999,LRFN4,78999
gene_10250,LRFN5|145581,LRFN5,145581
gene_10251,LRG1|116844,LRG1,116844
gene_10252,LRGUK|136332,LRGUK,136332
gene_10253,LRIG1|26018,LRIG1,26018
gene_10254,LRIG2|9860,LRIG2,9860
gene_10255,LRIG3|121227,LRIG3,121227
gene_10256,LRIT1|26103,LRIT1,26103
gene_10257,LRIT2|340745,LRIT2,340745
gene_10258,LRIT3|345193,LRIT3,345193
gene_10259,LRMP|4033,LRMP,4033
gene_10260,LRP10|26020,LRP10,26020
gene_10261,LRP11|84918,LRP11,84918
gene_10262,LRP12|29967,LRP12,29967
gene_10263,LRP1B|53353,LRP1B,53353
gene_10264,LRP1|4035,LRP1,4035
gene_10265,LRP2BP|55805,LRP2BP,55805
gene_10266,LRP2|4036,LRP2,4036
gene_10267,LRP3|4037,LRP3,4037
gene_10268,LRP4|4038,LRP4,4038
gene_10269,LRP5L|91355,LRP5L,91355
gene_10270,LRP5|4041,LRP5,4041
gene_10271,LRP6|4040,LRP6,4040
gene_10272,LRP8|7804,LRP8,7804
gene_10273,LRPAP1|4043,LRPAP1,4043
gene_10274,LRPPRC|10128,LRPPRC,10128
gene_10275,LRRC10B|390205,LRRC10B,390205
gene_10276,LRRC10|376132,LRRC10,376132
gene_10277,LRRC14B|389257,LRRC14B,389257
gene_10278,LRRC14|9684,LRRC14,9684
gene_10279,LRRC15|131578,LRRC15,131578
gene_10280,LRRC16A|55604,LRRC16A,55604
gene_10281,LRRC16B|90668,LRRC16B,90668
gene_10282,LRRC17|10234,LRRC17,10234
gene_10283,LRRC18|474354,LRRC18,474354
gene_10284,LRRC19|64922,LRRC19,64922
gene_10285,LRRC1|55227,LRRC1,55227
gene_10286,LRRC20|55222,LRRC20,55222
gene_10287,LRRC23|10233,LRRC23,10233
gene_10288,LRRC24|441381,LRRC24,441381
gene_10289,LRRC25|126364,LRRC25,126364
gene_10290,LRRC26|389816,LRRC26,389816
gene_10291,LRRC27|80313,LRRC27,80313
gene_10292,LRRC28|123355,LRRC28,123355
gene_10293,LRRC29|26231,LRRC29,26231
gene_10294,LRRC2|79442,LRRC2,79442
gene_10295,LRRC30|339291,LRRC30,339291
gene_10296,LRRC31|79782,LRRC31,79782
gene_10297,LRRC32|2615,LRRC32,2615
gene_10298,LRRC33|375387,LRRC33,375387
gene_10299,LRRC34|151827,LRRC34,151827
gene_10300,LRRC36|55282,LRRC36,55282
gene_10301,LRRC37A2|474170,LRRC37A2,474170
gene_10302,LRRC37A3|374819,LRRC37A3,374819
gene_10303,LRRC37A4|55073,LRRC37A4,55073
gene_10304,LRRC37A|9884,LRRC37A,9884
gene_10305,LRRC37B2|147172,LRRC37B2,147172
gene_10306,LRRC37B|114659,LRRC37B,114659
gene_10307,LRRC39|127495,LRRC39,127495
gene_10308,LRRC3B|116135,LRRC3B,116135
gene_10309,LRRC3|81543,LRRC3,81543
gene_10310,LRRC40|55631,LRRC40,55631
gene_10311,LRRC41|10489,LRRC41,10489
gene_10312,LRRC42|115353,LRRC42,115353
gene_10313,LRRC43|254050,LRRC43,254050
gene_10314,LRRC45|201255,LRRC45,201255
gene_10315,LRRC46|90506,LRRC46,90506
gene_10316,LRRC47|57470,LRRC47,57470
gene_10317,LRRC48|83450,LRRC48,83450
gene_10318,LRRC49|54839,LRRC49,54839
gene_10319,LRRC4B|94030,LRRC4B,94030
gene_10320,LRRC4C|57689,LRRC4C,57689
gene_10321,LRRC4|64101,LRRC4,64101
gene_10322,LRRC50|123872,LRRC50,123872
gene_10323,LRRC52|440699,LRRC52,440699
gene_10324,LRRC55|219527,LRRC55,219527
gene_10325,LRRC56|115399,LRRC56,115399
gene_10326,LRRC57|255252,LRRC57,255252
gene_10327,LRRC58|116064,LRRC58,116064
gene_10328,LRRC59|55379,LRRC59,55379
gene_10329,LRRC61|65999,LRRC61,65999
gene_10330,LRRC66|339977,LRRC66,339977
gene_10331,LRRC67|286187,LRRC67,286187
gene_10332,LRRC69|100130742,LRRC69,100130742
gene_10333,LRRC6|23639,LRRC6,23639
gene_10334,LRRC70|100130733,LRRC70,100130733
gene_10335,LRRC7|57554,LRRC7,57554
gene_10336,LRRC8A|56262,LRRC8A,56262
gene_10337,LRRC8B|23507,LRRC8B,23507
gene_10338,LRRC8C|84230,LRRC8C,84230
gene_10339,LRRC8D|55144,LRRC8D,55144
gene_10340,LRRC8E|80131,LRRC8E,80131
gene_10341,LRRCC1|85444,LRRCC1,85444
gene_10342,LRRFIP1|9208,LRRFIP1,9208
gene_10343,LRRFIP2|9209,LRRFIP2,9209
gene_10344,LRRIQ1|84125,LRRIQ1,84125
gene_10345,LRRIQ3|127255,LRRIQ3,127255
gene_10346,LRRIQ4|344657,LRRIQ4,344657
gene_10347,LRRK1|79705,LRRK1,79705
gene_10348,LRRK2|120892,LRRK2,120892
gene_10349,LRRN1|57633,LRRN1,57633
gene_10350,LRRN2|10446,LRRN2,10446
gene_10351,LRRN3|54674,LRRN3,54674
gene_10352,LRRN4CL|221091,LRRN4CL,221091
gene_10353,LRRN4|164312,LRRN4,164312
gene_10354,LRRTM1|347730,LRRTM1,347730
gene_10355,LRRTM2|26045,LRRTM2,26045
gene_10356,LRRTM3|347731,LRRTM3,347731
gene_10357,LRRTM4|80059,LRRTM4,80059
gene_10358,LRSAM1|90678,LRSAM1,90678
gene_10359,LRTM1|57408,LRTM1,57408
gene_10360,LRTM2|654429,LRTM2,654429
gene_10361,LRTOMT|220074,LRTOMT,220074
gene_10362,LRWD1|222229,LRWD1,222229
gene_10363,LSAMP|4045,LSAMP,4045
gene_10364,LSG1|55341,LSG1,55341
gene_10365,LSM10|84967,LSM10,84967
gene_10366,LSM11|134353,LSM11,134353
gene_10367,LSM12|124801,LSM12,124801
gene_10368,LSM14A|26065,LSM14A,26065
gene_10369,LSM14B|149986,LSM14B,149986
gene_10370,LSM1|27257,LSM1,27257
gene_10371,LSM2|57819,LSM2,57819
gene_10372,LSM3|27258,LSM3,27258
gene_10373,LSM4|25804,LSM4,25804
gene_10374,LSM5|23658,LSM5,23658
gene_10375,LSM6|11157,LSM6,11157
gene_10376,LSM7|51690,LSM7,51690
gene_10377,LSMD1|84316,LSMD1,84316
gene_10378,LSP1|4046,LSP1,4046
gene_10379,LSR|51599,LSR,51599
gene_10380,LSS|4047,LSS,4047
gene_10381,LST-3TM12|338821,LST-3TM12,338821
gene_10382,LST1|7940,LST1,7940
gene_10383,LTA4H|4048,LTA4H,4048
gene_10384,LTA|4049,LTA,4049
gene_10385,LTB4R2|56413,LTB4R2,56413
gene_10386,LTB4R|1241,LTB4R,1241
gene_10387,LTBP1|4052,LTBP1,4052
gene_10388,LTBP2|4053,LTBP2,4053
gene_10389,LTBP3|4054,LTBP3,4054
gene_10390,LTBP4|8425,LTBP4,8425
gene_10391,LTBR|4055,LTBR,4055
gene_10392,LTB|4050,LTB,4050
gene_10393,LTC4S|4056,LTC4S,4056
gene_10394,LTF|4057,LTF,4057
gene_10395,LTK|4058,LTK,4058
gene_10396,LTV1|84946,LTV1,84946
gene_10397,LUC7L2|51631,LUC7L2,51631
gene_10398,LUC7L3|51747,LUC7L3,51747
gene_10399,LUC7L|55692,LUC7L,55692
gene_10400,LUM|4060,LUM,4060
gene_10401,LUZP1|7798,LUZP1,7798
gene_10402,LUZP2|338645,LUZP2,338645
gene_10403,LUZP4|51213,LUZP4,51213
gene_10404,LUZP6|767558,LUZP6,767558
gene_10405,LXN|56925,LXN,56925
gene_10406,LY6D|8581,LY6D,8581
gene_10407,LY6E|4061,LY6E,4061
gene_10408,LY6G5B|58496,LY6G5B,58496
gene_10409,LY6G5C|80741,LY6G5C,80741
gene_10410,LY6G6C|80740,LY6G6C,80740
gene_10411,LY6G6D|58530,LY6G6D,58530
gene_10412,LY6G6E|79136,LY6G6E,79136
gene_10413,LY6G6F|259215,LY6G6F,259215
gene_10414,LY6H|4062,LY6H,4062
gene_10415,LY6K|54742,LY6K,54742
gene_10416,LY75|4065,LY75,4065
gene_10417,LY86|9450,LY86,9450
gene_10418,LY96|23643,LY96,23643
gene_10419,LY9|4063,LY9,4063
gene_10420,LYAR|55646,LYAR,55646
gene_10421,LYG1|129530,LYG1,129530
gene_10422,LYG2|254773,LYG2,254773
gene_10423,LYL1|4066,LYL1,4066
gene_10424,LYNX1|66004,LYNX1,66004
gene_10425,LYN|4067,LYN,4067
gene_10426,LYPD1|116372,LYPD1,116372
gene_10427,LYPD2|137797,LYPD2,137797
gene_10428,LYPD3|27076,LYPD3,27076
gene_10429,LYPD4|147719,LYPD4,147719
gene_10430,LYPD5|284348,LYPD5,284348
gene_10431,LYPD6B|130576,LYPD6B,130576
gene_10432,LYPD6|130574,LYPD6,130574
gene_10433,LYPLA1|10434,LYPLA1,10434
gene_10434,LYPLA2P1|653639,LYPLA2P1,653639
gene_10435,LYPLA2|11313,LYPLA2,11313
gene_10436,LYPLAL1|127018,LYPLAL1,127018
gene_10437,LYRM1|57149,LYRM1,57149
gene_10438,LYRM2|57226,LYRM2,57226
gene_10439,LYRM4|57128,LYRM4,57128
gene_10440,LYRM5|144363,LYRM5,144363
gene_10441,LYRM7|90624,LYRM7,90624
gene_10442,LYSMD1|388695,LYSMD1,388695
gene_10443,LYSMD2|256586,LYSMD2,256586
gene_10444,LYSMD3|116068,LYSMD3,116068
gene_10445,LYSMD4|145748,LYSMD4,145748
gene_10446,LYST|1130,LYST,1130
gene_10447,LYVE1|10894,LYVE1,10894
gene_10448,LYZL1|84569,LYZL1,84569
gene_10449,LYZL2|119180,LYZL2,119180
gene_10450,LYZL4|131375,LYZL4,131375
gene_10451,LYZL6|57151,LYZL6,57151
gene_10452,LYZ|4069,LYZ,4069
gene_10453,LZIC|84328,LZIC,84328
gene_10454,LZTFL1|54585,LZTFL1,54585
gene_10455,LZTR1|8216,LZTR1,8216
gene_10456,LZTS1|11178,LZTS1,11178
gene_10457,LZTS2|84445,LZTS2,84445
gene_10458,M6PR|4074,M6PR,4074
gene_10459,MAB21L1|4081,MAB21L1,4081
gene_10460,MAB21L2|10586,MAB21L2,10586
gene_10461,MACC1|346389,MACC1,346389
gene_10462,MACF1|23499,MACF1,23499
gene_10463,MACROD1|28992,MACROD1,28992
gene_10464,MACROD2|140733,MACROD2,140733
gene_10465,MAD1L1|8379,MAD1L1,8379
gene_10466,MAD2L1BP|9587,MAD2L1BP,9587
gene_10467,MAD2L1|4085,MAD2L1,4085
gene_10468,MAD2L2|10459,MAD2L2,10459
gene_10469,MADCAM1|8174,MADCAM1,8174
gene_10470,MADD|8567,MADD,8567
gene_10471,MAEA|10296,MAEA,10296
gene_10472,MAEL|84944,MAEL,84944
gene_10473,MAF1|84232,MAF1,84232
gene_10474,MAFA|389692,MAFA,389692
gene_10475,MAFB|9935,MAFB,9935
gene_10476,MAFF|23764,MAFF,23764
gene_10477,MAFG|4097,MAFG,4097
gene_10478,MAFK|7975,MAFK,7975
gene_10479,MAF|4094,MAF,4094
gene_10480,MAGEA10|4109,MAGEA10,4109
gene_10481,MAGEA11|4110,MAGEA11,4110
gene_10482,MAGEA12|4111,MAGEA12,4111
gene_10483,MAGEA1|4100,MAGEA1,4100
gene_10484,MAGEA2|4101,MAGEA2,4101
gene_10485,MAGEA3|4102,MAGEA3,4102
gene_10486,MAGEA4|4103,MAGEA4,4103
gene_10487,MAGEA5|4104,MAGEA5,4104
gene_10488,MAGEA6|4105,MAGEA6,4105
gene_10489,MAGEA8|4107,MAGEA8,4107
gene_10490,MAGEA9B|728269,MAGEA9B,728269
gene_10491,MAGEB10|139422,MAGEB10,139422
gene_10492,MAGEB16|139604,MAGEB16,139604
gene_10493,MAGEB18|286514,MAGEB18,286514
gene_10494,MAGEB1|4112,MAGEB1,4112
gene_10495,MAGEB2|4113,MAGEB2,4113
gene_10496,MAGEB3|4114,MAGEB3,4114
gene_10497,MAGEB4|4115,MAGEB4,4115
gene_10498,MAGEB6|158809,MAGEB6,158809
gene_10499,MAGEC1|9947,MAGEC1,9947
gene_10500,MAGEC2|51438,MAGEC2,51438
gene_10501,MAGEC3|139081,MAGEC3,139081
gene_10502,MAGED1|9500,MAGED1,9500
gene_10503,MAGED2|10916,MAGED2,10916
gene_10504,MAGED4B|81557,MAGED4B,81557
gene_10505,MAGED4|728239,MAGED4,728239
gene_10506,MAGEE1|57692,MAGEE1,57692
gene_10507,MAGEE2|139599,MAGEE2,139599
gene_10508,MAGEF1|64110,MAGEF1,64110
gene_10509,MAGEH1|28986,MAGEH1,28986
gene_10510,MAGEL2|54551,MAGEL2,54551
gene_10511,MAGI1|9223,MAGI1,9223
gene_10512,MAGI2|9863,MAGI2,9863
gene_10513,MAGI3|260425,MAGI3,260425
gene_10514,MAGIX|79917,MAGIX,79917
gene_10515,MAGOHB|55110,MAGOHB,55110
gene_10516,MAGOH|4116,MAGOH,4116
gene_10517,MAGT1|84061,MAGT1,84061
gene_10518,MAG|4099,MAG,4099
gene_10519,MAK16|84549,MAK16,84549
gene_10520,MAK|4117,MAK,4117
gene_10521,MAL2|114569,MAL2,114569
gene_10522,MALAT1|378938,MALAT1,378938
gene_10523,MALL|7851,MALL,7851
gene_10524,MALT1|10892,MALT1,10892
gene_10525,MAL|4118,MAL,4118
gene_10526,MAMDC2|256691,MAMDC2,256691
gene_10527,MAMDC4|158056,MAMDC4,158056
gene_10528,MAML1|9794,MAML1,9794
gene_10529,MAML2|84441,MAML2,84441
gene_10530,MAML3|55534,MAML3,55534
gene_10531,MAMLD1|10046,MAMLD1,10046
gene_10532,MAMSTR|284358,MAMSTR,284358
gene_10533,MAN1A1|4121,MAN1A1,4121
gene_10534,MAN1A2|10905,MAN1A2,10905
gene_10535,MAN1B1|11253,MAN1B1,11253
gene_10536,MAN1C1|57134,MAN1C1,57134
gene_10537,MAN2A1|4124,MAN2A1,4124
gene_10538,MAN2A2|4122,MAN2A2,4122
gene_10539,MAN2B1|4125,MAN2B1,4125
gene_10540,MAN2B2|23324,MAN2B2,23324
gene_10541,MAN2C1|4123,MAN2C1,4123
gene_10542,MANBAL|63905,MANBAL,63905
gene_10543,MANBA|4126,MANBA,4126
gene_10544,MANEAL|149175,MANEAL,149175
gene_10545,MANEA|79694,MANEA,79694
gene_10546,MANF|7873,MANF,7873
gene_10547,MANSC1|54682,MANSC1,54682
gene_10548,MAOA|4128,MAOA,4128
gene_10549,MAOB|4129,MAOB,4129
gene_10550,MAP1A|4130,MAP1A,4130
gene_10551,MAP1B|4131,MAP1B,4131
gene_10552,MAP1D|254042,MAP1D,254042
gene_10553,MAP1LC3A|84557,MAP1LC3A,84557
gene_10554,MAP1LC3B2|643246,MAP1LC3B2,643246
gene_10555,MAP1LC3B|81631,MAP1LC3B,81631
gene_10556,MAP1LC3C|440738,MAP1LC3C,440738
gene_10557,MAP1S|55201,MAP1S,55201
gene_10558,MAP2K1|5604,MAP2K1,5604
gene_10559,MAP2K2|5605,MAP2K2,5605
gene_10560,MAP2K3|5606,MAP2K3,5606
gene_10561,MAP2K4|6416,MAP2K4,6416
gene_10562,MAP2K5|5607,MAP2K5,5607
gene_10563,MAP2K6|5608,MAP2K6,5608
gene_10564,MAP2K7|5609,MAP2K7,5609
gene_10565,MAP2|4133,MAP2,4133
gene_10566,MAP3K10|4294,MAP3K10,4294
gene_10567,MAP3K11|4296,MAP3K11,4296
gene_10568,MAP3K12|7786,MAP3K12,7786
gene_10569,MAP3K13|9175,MAP3K13,9175
gene_10570,MAP3K14|9020,MAP3K14,9020
gene_10571,MAP3K15|389840,MAP3K15,389840
gene_10572,MAP3K1|4214,MAP3K1,4214
gene_10573,MAP3K2|10746,MAP3K2,10746
gene_10574,MAP3K3|4215,MAP3K3,4215
gene_10575,MAP3K4|4216,MAP3K4,4216
gene_10576,MAP3K5|4217,MAP3K5,4217
gene_10577,MAP3K6|9064,MAP3K6,9064
gene_10578,MAP3K7|6885,MAP3K7,6885
gene_10579,MAP3K8|1326,MAP3K8,1326
gene_10580,MAP3K9|4293,MAP3K9,4293
gene_10581,MAP4K1|11184,MAP4K1,11184
gene_10582,MAP4K2|5871,MAP4K2,5871
gene_10583,MAP4K3|8491,MAP4K3,8491
gene_10584,MAP4K4|9448,MAP4K4,9448
gene_10585,MAP4K5|11183,MAP4K5,11183
gene_10586,MAP4|4134,MAP4,4134
gene_10587,MAP6D1|79929,MAP6D1,79929
gene_10588,MAP6|4135,MAP6,4135
gene_10589,MAP7D1|55700,MAP7D1,55700
gene_10590,MAP7D2|256714,MAP7D2,256714
gene_10591,MAP7D3|79649,MAP7D3,79649
gene_10592,MAP7|9053,MAP7,9053
gene_10593,MAP9|79884,MAP9,79884
gene_10594,MAPK10|5602,MAPK10,5602
gene_10595,MAPK11|5600,MAPK11,5600
gene_10596,MAPK12|6300,MAPK12,6300
gene_10597,MAPK13|5603,MAPK13,5603
gene_10598,MAPK14|1432,MAPK14,1432
gene_10599,MAPK15|225689,MAPK15,225689
gene_10600,MAPK1IP1L|93487,MAPK1IP1L,93487
gene_10601,MAPK1|5594,MAPK1,5594
gene_10602,MAPK3|5595,MAPK3,5595
gene_10603,MAPK4|5596,MAPK4,5596
gene_10604,MAPK6|5597,MAPK6,5597
gene_10605,MAPK7|5598,MAPK7,5598
gene_10606,MAPK8IP1|9479,MAPK8IP1,9479
gene_10607,MAPK8IP2|23542,MAPK8IP2,23542
gene_10608,MAPK8IP3|23162,MAPK8IP3,23162
gene_10609,MAPK8|5599,MAPK8,5599
gene_10610,MAPK9|5601,MAPK9,5601
gene_10611,MAPKAP1|79109,MAPKAP1,79109
gene_10612,MAPKAPK2|9261,MAPKAPK2,9261
gene_10613,MAPKAPK3|7867,MAPKAPK3,7867
gene_10614,MAPKAPK5|8550,MAPKAPK5,8550
gene_10615,MAPKBP1|23005,MAPKBP1,23005
gene_10616,MAPKSP1|8649,MAPKSP1,8649
gene_10617,MAPRE1|22919,MAPRE1,22919
gene_10618,MAPRE2|10982,MAPRE2,10982
gene_10619,MAPRE3|22924,MAPRE3,22924
gene_10620,MAPT|4137,MAPT,4137
gene_10621,MARCH10|162333,MARCH10,162333
gene_10622,MARCH11|441061,MARCH11,441061
gene_10623,MARCH1|55016,MARCH1,55016
gene_10624,MARCH2|51257,MARCH2,51257
gene_10625,MARCH3|115123,MARCH3,115123
gene_10626,MARCH4|57574,MARCH4,57574
gene_10627,MARCH5|54708,MARCH5,54708
gene_10628,MARCH6|10299,MARCH6,10299
gene_10629,MARCH7|64844,MARCH7,64844
gene_10630,MARCH8|220972,MARCH8,220972
gene_10631,MARCH9|92979,MARCH9,92979
gene_10632,MARCKSL1|65108,MARCKSL1,65108
gene_10633,MARCKS|4082,MARCKS,4082
gene_10634,MARCO|8685,MARCO,8685
gene_10635,MARK1|4139,MARK1,4139
gene_10636,MARK2|2011,MARK2,2011
gene_10637,MARK3|4140,MARK3,4140
gene_10638,MARK4|57787,MARK4,57787
gene_10639,MARS2|92935,MARS2,92935
gene_10640,MARS|4141,MARS,4141
gene_10641,MARVELD1|83742,MARVELD1,83742
gene_10642,MARVELD2|153562,MARVELD2,153562
gene_10643,MARVELD3|91862,MARVELD3,91862
gene_10644,MAS1L|116511,MAS1L,116511
gene_10645,MAS1|4142,MAS1,4142
gene_10646,MASP1|5648,MASP1,5648
gene_10647,MASP2|10747,MASP2,10747
gene_10648,MAST1|22983,MAST1,22983
gene_10649,MAST2|23139,MAST2,23139
gene_10650,MAST3|23031,MAST3,23031
gene_10651,MAST4|375449,MAST4,375449
gene_10652,MASTL|84930,MASTL,84930
gene_10653,MAT1A|4143,MAT1A,4143
gene_10654,MAT2A|4144,MAT2A,4144
gene_10655,MAT2B|27430,MAT2B,27430
gene_10656,MATK|4145,MATK,4145
gene_10657,MATN1|4146,MATN1,4146
gene_10658,MATN2|4147,MATN2,4147
gene_10659,MATN3|4148,MATN3,4148
gene_10660,MATN4|8785,MATN4,8785
gene_10661,MATR3|9782,MATR3,9782
gene_10662,MAVS|57506,MAVS,57506
gene_10663,MAX|4149,MAX,4149
gene_10664,MAZ|4150,MAZ,4150
gene_10665,MBD1|4152,MBD1,4152
gene_10666,MBD2|8932,MBD2,8932
gene_10667,MBD3L1|85509,MBD3L1,85509
gene_10668,MBD3L2|125997,MBD3L2,125997
gene_10669,MBD3L5|284428,MBD3L5,284428
gene_10670,MBD3|53615,MBD3,53615
gene_10671,MBD4|8930,MBD4,8930
gene_10672,MBD5|55777,MBD5,55777
gene_10673,MBD6|114785,MBD6,114785
gene_10674,MBIP|51562,MBIP,51562
gene_10675,MBL1P|8512,MBL1P,8512
gene_10676,MBL2|4153,MBL2,4153
gene_10677,MBLAC1|255374,MBLAC1,255374
gene_10678,MBLAC2|153364,MBLAC2,153364
gene_10679,MBNL1|4154,MBNL1,4154
gene_10680,MBNL2|10150,MBNL2,10150
gene_10681,MBNL3|55796,MBNL3,55796
gene_10682,MBOAT1|154141,MBOAT1,154141
gene_10683,MBOAT2|129642,MBOAT2,129642
gene_10684,MBOAT4|619373,MBOAT4,619373
gene_10685,MBOAT7|79143,MBOAT7,79143
gene_10686,MBP|4155,MBP,4155
gene_10687,MBTD1|54799,MBTD1,54799
gene_10688,MBTPS1|8720,MBTPS1,8720
gene_10689,MBTPS2|51360,MBTPS2,51360
gene_10690,MB|4151,MB,4151
gene_10691,MC1R|4157,MC1R,4157
gene_10692,MC2R|4158,MC2R,4158
gene_10693,MC3R|4159,MC3R,4159
gene_10694,MC4R|4160,MC4R,4160
gene_10695,MC5R|4161,MC5R,4161
gene_10696,MCAM|4162,MCAM,4162
gene_10697,MCART1|92014,MCART1,92014
gene_10698,MCART2|147407,MCART2,147407
gene_10699,MCART3P|442229,MCART3P,442229
gene_10700,MCART6|401612,MCART6,401612
gene_10701,MCAT|27349,MCAT,27349
gene_10702,MCCC1|56922,MCCC1,56922
gene_10703,MCCC2|64087,MCCC2,64087
gene_10704,MCCD1|401250,MCCD1,401250
gene_10705,MCC|4163,MCC,4163
gene_10706,MCEE|84693,MCEE,84693
gene_10707,MCF2L2|23101,MCF2L2,23101
gene_10708,MCF2L|23263,MCF2L,23263
gene_10709,MCF2|4168,MCF2,4168
gene_10710,MCFD2|90411,MCFD2,90411
gene_10711,MCHR1|2847,MCHR1,2847
gene_10712,MCHR2|84539,MCHR2,84539
gene_10713,MCL1|4170,MCL1,4170
gene_10714,MCM10|55388,MCM10,55388
gene_10715,MCM2|4171,MCM2,4171
gene_10716,MCM3APAS|114044,MCM3APAS,114044
gene_10717,MCM3AP|8888,MCM3AP,8888
gene_10718,MCM3|4172,MCM3,4172
gene_10719,MCM4|4173,MCM4,4173
gene_10720,MCM5|4174,MCM5,4174
gene_10721,MCM6|4175,MCM6,4175
gene_10722,MCM7|4176,MCM7,4176
gene_10723,MCM8|84515,MCM8,84515
gene_10724,MCM9|254394,MCM9,254394
gene_10725,MCOLN1|57192,MCOLN1,57192
gene_10726,MCOLN2|255231,MCOLN2,255231
gene_10727,MCOLN3|55283,MCOLN3,55283
gene_10728,MCPH1|79648,MCPH1,79648
gene_10729,MCRS1|10445,MCRS1,10445
gene_10730,MCTP1|79772,MCTP1,79772
gene_10731,MCTP2|55784,MCTP2,55784
gene_10732,MCTS1|28985,MCTS1,28985
gene_10733,MDC1|9656,MDC1,9656
gene_10734,MDFIC|29969,MDFIC,29969
gene_10735,MDFI|4188,MDFI,4188
gene_10736,MDGA1|266727,MDGA1,266727
gene_10737,MDGA2|161357,MDGA2,161357
gene_10738,MDH1B|130752,MDH1B,130752
gene_10739,MDH1|4190,MDH1,4190
gene_10740,MDH2|4191,MDH2,4191
gene_10741,MDK|4192,MDK,4192
gene_10742,MDM1|56890,MDM1,56890
gene_10743,MDM2|4193,MDM2,4193
gene_10744,MDM4|4194,MDM4,4194
gene_10745,MDN1|23195,MDN1,23195
gene_10746,MDP1|145553,MDP1,145553
gene_10747,MDS2|259283,MDS2,259283
gene_10748,ME1|4199,ME1,4199
gene_10749,ME2|4200,ME2,4200
gene_10750,ME3|10873,ME3,10873
gene_10751,MEA1|4201,MEA1,4201
gene_10752,MEAF6|64769,MEAF6,64769
gene_10753,MECOM|2122,MECOM,2122
gene_10754,MECP2|4204,MECP2,4204
gene_10755,MECR|51102,MECR,51102
gene_10756,MED10|84246,MED10,84246
gene_10757,MED11|400569,MED11,400569
gene_10758,MED12L|116931,MED12L,116931
gene_10759,MED12|9968,MED12,9968
gene_10760,MED13L|23389,MED13L,23389
gene_10761,MED13|9969,MED13,9969
gene_10762,MED14|9282,MED14,9282
gene_10763,MED15|51586,MED15,51586
gene_10764,MED16|10025,MED16,10025
gene_10765,MED17|9440,MED17,9440
gene_10766,MED18|54797,MED18,54797
gene_10767,MED19|219541,MED19,219541
gene_10768,MED1|5469,MED1,5469
gene_10769,MED20|9477,MED20,9477
gene_10770,MED21|9412,MED21,9412
gene_10771,MED22|6837,MED22,6837
gene_10772,MED23|9439,MED23,9439
gene_10773,MED24|9862,MED24,9862
gene_10774,MED25|81857,MED25,81857
gene_10775,MED26|9441,MED26,9441
gene_10776,MED27|9442,MED27,9442
gene_10777,MED28|80306,MED28,80306
gene_10778,MED29|55588,MED29,55588
gene_10779,MED30|90390,MED30,90390
gene_10780,MED31|51003,MED31,51003
gene_10781,MED4|29079,MED4,29079
gene_10782,MED6|10001,MED6,10001
gene_10783,MED7|9443,MED7,9443
gene_10784,MED8|112950,MED8,112950
gene_10785,MED9|55090,MED9,55090
gene_10786,MEF2A|4205,MEF2A,4205
gene_10787,MEF2B|100271849,MEF2B,100271849
gene_10788,MEF2C|4208,MEF2C,4208
gene_10789,MEF2D|4209,MEF2D,4209
gene_10790,MEFV|4210,MEFV,4210
gene_10791,MEG3|55384,MEG3,55384
gene_10792,MEG8|79104,MEG8,79104
gene_10793,MEGF10|84466,MEGF10,84466
gene_10794,MEGF11|84465,MEGF11,84465
gene_10795,MEGF6|1953,MEGF6,1953
gene_10796,MEGF8|1954,MEGF8,1954
gene_10797,MEGF9|1955,MEGF9,1955
gene_10798,MEI1|150365,MEI1,150365
gene_10799,MEIG1|644890,MEIG1,644890
gene_10800,MEIS1|4211,MEIS1,4211
gene_10801,MEIS2|4212,MEIS2,4212
gene_10802,MEIS3P1|4213,MEIS3P1,4213
gene_10803,MEIS3|56917,MEIS3,56917
gene_10804,MELK|9833,MELK,9833
gene_10805,MEMO1|51072,MEMO1,51072
gene_10806,MEN1|4221,MEN1,4221
gene_10807,MEOX1|4222,MEOX1,4222
gene_10808,MEOX2|4223,MEOX2,4223
gene_10809,MEP1A|4224,MEP1A,4224
gene_10810,MEP1B|4225,MEP1B,4225
gene_10811,MEPCE|56257,MEPCE,56257
gene_10812,MEPE|56955,MEPE,56955
gene_10813,MERTK|10461,MERTK,10461
gene_10814,MESDC1|59274,MESDC1,59274
gene_10815,MESDC2|23184,MESDC2,23184
gene_10816,MESP1|55897,MESP1,55897
gene_10817,MESP2|145873,MESP2,145873
gene_10818,MESTIT1|317751,MESTIT1,317751
gene_10819,MEST|4232,MEST,4232
gene_10820,METAP1|23173,METAP1,23173
gene_10821,METAP2|10988,METAP2,10988
gene_10822,METRNL|284207,METRNL,284207
gene_10823,METRN|79006,METRN,79006
gene_10824,METT10D|79066,METT10D,79066
gene_10825,METT11D1|64745,METT11D1,64745
gene_10826,METT5D1|196074,METT5D1,196074
gene_10827,METTL10|399818,METTL10,399818
gene_10828,METTL11A|28989,METTL11A,28989
gene_10829,METTL11B|149281,METTL11B,149281
gene_10830,METTL12|751071,METTL12,751071
gene_10831,METTL13|51603,METTL13,51603
gene_10832,METTL14|57721,METTL14,57721
gene_10833,METTL1|4234,METTL1,4234
gene_10834,METTL2A|339175,METTL2A,339175
gene_10835,METTL2B|55798,METTL2B,55798
gene_10836,METTL3|56339,METTL3,56339
gene_10837,METTL4|64863,METTL4,64863
gene_10838,METTL5|29081,METTL5,29081
gene_10839,METTL6|131965,METTL6,131965
gene_10840,METTL7A|25840,METTL7A,25840
gene_10841,METTL7B|196410,METTL7B,196410
gene_10842,METTL8|79828,METTL8,79828
gene_10843,METTL9|51108,METTL9,51108
gene_10844,MET|4233,MET,4233
gene_10845,MEX3A|92312,MEX3A,92312
gene_10846,MEX3B|84206,MEX3B,84206
gene_10847,MEX3C|51320,MEX3C,51320
gene_10848,MEX3D|399664,MEX3D,399664
gene_10849,MFAP1|4236,MFAP1,4236
gene_10850,MFAP2|4237,MFAP2,4237
gene_10851,MFAP3L|9848,MFAP3L,9848
gene_10852,MFAP3|4238,MFAP3,4238
gene_10853,MFAP4|4239,MFAP4,4239
gene_10854,MFAP5|8076,MFAP5,8076
gene_10855,MFF|56947,MFF,56947
gene_10856,MFGE8|4240,MFGE8,4240
gene_10857,MFHAS1|9258,MFHAS1,9258
gene_10858,MFI2|4241,MFI2,4241
gene_10859,MFN1|55669,MFN1,55669
gene_10860,MFN2|9927,MFN2,9927
gene_10861,MFNG|4242,MFNG,4242
gene_10862,MFRP|83552,MFRP,83552
gene_10863,MFSD10|10227,MFSD10,10227
gene_10864,MFSD11|79157,MFSD11,79157
gene_10865,MFSD1|64747,MFSD1,64747
gene_10866,MFSD2A|84879,MFSD2A,84879
gene_10867,MFSD2B|388931,MFSD2B,388931
gene_10868,MFSD3|113655,MFSD3,113655
gene_10869,MFSD4|148808,MFSD4,148808
gene_10870,MFSD5|84975,MFSD5,84975
gene_10871,MFSD6L|162387,MFSD6L,162387
gene_10872,MFSD6|54842,MFSD6,54842
gene_10873,MFSD7|84179,MFSD7,84179
gene_10874,MFSD8|256471,MFSD8,256471
gene_10875,MFSD9|84804,MFSD9,84804
gene_10876,MGAM|8972,MGAM,8972
gene_10877,MGAT1|4245,MGAT1,4245
gene_10878,MGAT2|4247,MGAT2,4247
gene_10879,MGAT3|4248,MGAT3,4248
gene_10880,MGAT4A|11320,MGAT4A,11320
gene_10881,MGAT4B|11282,MGAT4B,11282
gene_10882,MGAT4C|25834,MGAT4C,25834
gene_10883,MGAT5B|146664,MGAT5B,146664
gene_10884,MGAT5|4249,MGAT5,4249
gene_10885,MGA|23269,MGA,23269
gene_10886,MGC12916|84815,MGC12916,84815
gene_10887,MGC12982|84793,MGC12982,84793
gene_10888,MGC14436|84983,MGC14436,84983
gene_10889,MGC15885|197003,MGC15885,197003
gene_10890,MGC16025|85009,MGC16025,85009
gene_10891,MGC16121|84848,MGC16121,84848
gene_10892,MGC16142|84849,MGC16142,84849
gene_10893,MGC16275|85001,MGC16275,85001
gene_10894,MGC16384|114130,MGC16384,114130
gene_10895,MGC16703|113691,MGC16703,113691
gene_10896,MGC21881|389741,MGC21881,389741
gene_10897,MGC23270|196872,MGC23270,196872
gene_10898,MGC23284|197187,MGC23284,197187
gene_10899,MGC26647|219557,MGC26647,219557
gene_10900,MGC27382|149047,MGC27382,149047
gene_10901,MGC2752|65996,MGC2752,65996
gene_10902,MGC2889|84789,MGC2889,84789
gene_10903,MGC29506|51237,MGC29506,51237
gene_10904,MGC34034|154089,MGC34034,154089
gene_10905,MGC3771|81854,MGC3771,81854
gene_10906,MGC42105|167359,MGC42105,167359
gene_10907,MGC4473|79100,MGC4473,79100
gene_10908,MGC45800|90768,MGC45800,90768
gene_10909,MGC57346|401884,MGC57346,401884
gene_10910,MGC70857|414919,MGC70857,414919
gene_10911,MGC72080|389538,MGC72080,389538
gene_10912,MGC87042|256227,MGC87042,256227
gene_10913,MGEA5|10724,MGEA5,10724
gene_10914,MGLL|11343,MGLL,11343
gene_10915,MGMT|4255,MGMT,4255
gene_10916,MGP|4256,MGP,4256
gene_10917,MGRN1|23295,MGRN1,23295
gene_10918,MGST1|4257,MGST1,4257
gene_10919,MGST2|4258,MGST2,4258
gene_10920,MGST3|4259,MGST3,4259
gene_10921,MIA2|117153,MIA2,117153
gene_10922,MIA3|375056,MIA3,375056
gene_10923,MIAT|440823,MIAT,440823
gene_10924,MIA|8190,MIA,8190
gene_10925,MIB1|57534,MIB1,57534
gene_10926,MIB2|142678,MIB2,142678
gene_10927,MICAL1|64780,MICAL1,64780
gene_10928,MICAL2|9645,MICAL2,9645
gene_10929,MICAL3|57553,MICAL3,57553
gene_10930,MICALCL|84953,MICALCL,84953
gene_10931,MICALL1|85377,MICALL1,85377
gene_10932,MICALL2|79778,MICALL2,79778
gene_10933,MICA|4276,MICA,4276
gene_10934,MICB|4277,MICB,4277
gene_10935,MID1IP1|58526,MID1IP1,58526
gene_10936,MID1|4281,MID1,4281
gene_10937,MID2|11043,MID2,11043
gene_10938,MIDN|90007,MIDN,90007
gene_10939,MIER1|57708,MIER1,57708
gene_10940,MIER2|54531,MIER2,54531
gene_10941,MIER3|166968,MIER3,166968
gene_10942,MIF4GD|57409,MIF4GD,57409
gene_10943,MIF|4282,MIF,4282
gene_10944,MIIP|60672,MIIP,60672
gene_10945,MIMT1|100073347,MIMT1,100073347
gene_10946,MINA|84864,MINA,84864
gene_10947,MINK1|50488,MINK1,50488
gene_10948,MINPP1|9562,MINPP1,9562
gene_10949,MIOS|54468,MIOS,54468
gene_10950,MIOX|55586,MIOX,55586
gene_10951,MIPEP|4285,MIPEP,4285
gene_10952,MIPOL1|145282,MIPOL1,145282
gene_10953,MIP|4284,MIP,4284
gene_10954,MIR155HG|114614,MIR155HG,114614
gene_10955,MIR17HG|407975,MIR17HG,407975
gene_10956,MIS12|79003,MIS12,79003
gene_10957,MITD1|129531,MITD1,129531
gene_10958,MITF|4286,MITF,4286
gene_10959,MIXL1|83881,MIXL1,83881
gene_10960,MKI67IP|84365,MKI67IP,84365
gene_10961,MKI67|4288,MKI67,4288
gene_10962,MKKS|8195,MKKS,8195
gene_10963,MKL1|57591,MKL1,57591
gene_10964,MKL2|57496,MKL2,57496
gene_10965,MKLN1|4289,MKLN1,4289
gene_10966,MKNK1|8569,MKNK1,8569
gene_10967,MKNK2|2872,MKNK2,2872
gene_10968,MKRN1|23608,MKRN1,23608
gene_10969,MKRN2|23609,MKRN2,23609
gene_10970,MKRN3|7681,MKRN3,7681
gene_10971,MKS1|54903,MKS1,54903
gene_10972,MKX|283078,MKX,283078
gene_10973,MLANA|2315,MLANA,2315
gene_10974,MLC1|23209,MLC1,23209
gene_10975,MLEC|9761,MLEC,9761
gene_10976,MLF1IP|79682,MLF1IP,79682
gene_10977,MLF1|4291,MLF1,4291
gene_10978,MLF2|8079,MLF2,8079
gene_10979,MLH1|4292,MLH1,4292
gene_10980,MLH3|27030,MLH3,27030
gene_10981,MLKL|197259,MLKL,197259
gene_10982,MLL2|8085,MLL2,8085
gene_10983,MLL3|58508,MLL3,58508
gene_10984,MLL4|9757,MLL4,9757
gene_10985,MLL5|55904,MLL5,55904
gene_10986,MLLT10|8028,MLLT10,8028
gene_10987,MLLT11|10962,MLLT11,10962
gene_10988,MLLT1|4298,MLLT1,4298
gene_10989,MLLT3|4300,MLLT3,4300
gene_10990,MLLT4|4301,MLLT4,4301
gene_10991,MLLT6|4302,MLLT6,4302
gene_10992,MLL|4297,MLL,4297
gene_10993,MLNR|2862,MLNR,2862
gene_10994,MLN|4295,MLN,4295
gene_10995,MLPH|79083,MLPH,79083
gene_10996,MLST8|64223,MLST8,64223
gene_10997,MLXIPL|51085,MLXIPL,51085
gene_10998,MLXIP|22877,MLXIP,22877
gene_10999,MLX|6945,MLX,6945
gene_11000,MLYCD|23417,MLYCD,23417
gene_11001,MMAA|166785,MMAA,166785
gene_11002,MMAB|326625,MMAB,326625
gene_11003,MMACHC|25974,MMACHC,25974
gene_11004,MMADHC|27249,MMADHC,27249
gene_11005,MMD2|221938,MMD2,221938
gene_11006,MMD|23531,MMD,23531
gene_11007,MMEL1|79258,MMEL1,79258
gene_11008,MME|4311,MME,4311
gene_11009,MMGT1|93380,MMGT1,93380
gene_11010,MMP10|4319,MMP10,4319
gene_11011,MMP11|4320,MMP11,4320
gene_11012,MMP12|4321,MMP12,4321
gene_11013,MMP13|4322,MMP13,4322
gene_11014,MMP14|4323,MMP14,4323
gene_11015,MMP15|4324,MMP15,4324
gene_11016,MMP16|4325,MMP16,4325
gene_11017,MMP17|4326,MMP17,4326
gene_11018,MMP19|4327,MMP19,4327
gene_11019,MMP1|4312,MMP1,4312
gene_11020,MMP20|9313,MMP20,9313
gene_11021,MMP21|118856,MMP21,118856
gene_11022,MMP23A|8511,MMP23A,8511
gene_11023,MMP23B|8510,MMP23B,8510
gene_11024,MMP24|10893,MMP24,10893
gene_11025,MMP25|64386,MMP25,64386
gene_11026,MMP26|56547,MMP26,56547
gene_11027,MMP27|64066,MMP27,64066
gene_11028,MMP28|79148,MMP28,79148
gene_11029,MMP2|4313,MMP2,4313
gene_11030,MMP3|4314,MMP3,4314
gene_11031,MMP7|4316,MMP7,4316
gene_11032,MMP8|4317,MMP8,4317
gene_11033,MMP9|4318,MMP9,4318
gene_11034,MMRN1|22915,MMRN1,22915
gene_11035,MMRN2|79812,MMRN2,79812
gene_11036,MMS19|64210,MMS19,64210
gene_11037,MN1|4330,MN1,4330
gene_11038,MNAT1|4331,MNAT1,4331
gene_11039,MND1|84057,MND1,84057
gene_11040,MNDA|4332,MNDA,4332
gene_11041,MNS1|55329,MNS1,55329
gene_11042,MNT|4335,MNT,4335
gene_11043,MNX1|3110,MNX1,3110
gene_11044,MOAP1|64112,MOAP1,64112
gene_11045,MOB2|81532,MOB2,81532
gene_11046,MOBKL1A|92597,MOBKL1A,92597
gene_11047,MOBKL1B|55233,MOBKL1B,55233
gene_11048,MOBKL2A|126308,MOBKL2A,126308
gene_11049,MOBKL2B|79817,MOBKL2B,79817
gene_11050,MOBKL2C|148932,MOBKL2C,148932
gene_11051,MOBKL3|25843,MOBKL3,25843
gene_11052,MOBP|4336,MOBP,4336
gene_11053,MOCOS|55034,MOCOS,55034
gene_11054,MOCS1|4337,MOCS1,4337
gene_11055,MOCS2|4338,MOCS2,4338
gene_11056,MOCS3|27304,MOCS3,27304
gene_11057,MOGAT1|116255,MOGAT1,116255
gene_11058,MOGAT2|80168,MOGAT2,80168
gene_11059,MOGAT3|346606,MOGAT3,346606
gene_11060,MOGS|7841,MOGS,7841
gene_11061,MOG|4340,MOG,4340
gene_11062,MON1A|84315,MON1A,84315
gene_11063,MON1B|22879,MON1B,22879
gene_11064,MON2|23041,MON2,23041
gene_11065,MORC1|27136,MORC1,27136
gene_11066,MORC2|22880,MORC2,22880
gene_11067,MORC3|23515,MORC3,23515
gene_11068,MORC4|79710,MORC4,79710
gene_11069,MORF4L1|10933,MORF4L1,10933
gene_11070,MORF4L2|9643,MORF4L2,9643
gene_11071,MORF4|10934,MORF4,10934
gene_11072,MORN1|79906,MORN1,79906
gene_11073,MORN2|729967,MORN2,729967
gene_11074,MORN3|283385,MORN3,283385
gene_11075,MORN4|118812,MORN4,118812
gene_11076,MORN5|254956,MORN5,254956
gene_11077,MOSC1|64757,MOSC1,64757
gene_11078,MOSC2|54996,MOSC2,54996
gene_11079,MOSPD1|56180,MOSPD1,56180
gene_11080,MOSPD2|158747,MOSPD2,158747
gene_11081,MOSPD3|64598,MOSPD3,64598
gene_11082,MOS|4342,MOS,4342
gene_11083,MOV10L1|54456,MOV10L1,54456
gene_11084,MOV10|4343,MOV10,4343
gene_11085,MOXD1|26002,MOXD1,26002
gene_11086,MPDU1|9526,MPDU1,9526
gene_11087,MPDZ|8777,MPDZ,8777
gene_11088,MPEG1|219972,MPEG1,219972
gene_11089,MPG|4350,MPG,4350
gene_11090,MPHOSPH10|10199,MPHOSPH10,10199
gene_11091,MPHOSPH6|10200,MPHOSPH6,10200
gene_11092,MPHOSPH8|54737,MPHOSPH8,54737
gene_11093,MPHOSPH9|10198,MPHOSPH9,10198
gene_11094,MPI|4351,MPI,4351
gene_11095,MPL|4352,MPL,4352
gene_11096,MPND|84954,MPND,84954
gene_11097,MPO|4353,MPO,4353
gene_11098,MPP1|4354,MPP1,4354
gene_11099,MPP2|4355,MPP2,4355
gene_11100,MPP3|4356,MPP3,4356
gene_11101,MPP4|58538,MPP4,58538
gene_11102,MPP5|64398,MPP5,64398
gene_11103,MPP6|51678,MPP6,51678
gene_11104,MPP7|143098,MPP7,143098
gene_11105,MPPE1|65258,MPPE1,65258
gene_11106,MPPED1|758,MPPED1,758
gene_11107,MPPED2|744,MPPED2,744
gene_11108,MPRIP|23164,MPRIP,23164
gene_11109,MPST|4357,MPST,4357
gene_11110,MPV17L2|84769,MPV17L2,84769
gene_11111,MPV17L|255027,MPV17L,255027
gene_11112,MPV17|4358,MPV17,4358
gene_11113,MPZL1|9019,MPZL1,9019
gene_11114,MPZL2|10205,MPZL2,10205
gene_11115,MPZL3|196264,MPZL3,196264
gene_11116,MPZ|4359,MPZ,4359
gene_11117,MR1|3140,MR1,3140
gene_11118,MRAP2|112609,MRAP2,112609
gene_11119,MRAP|56246,MRAP,56246
gene_11120,MRAS|22808,MRAS,22808
gene_11121,MRC1|4360,MRC1,4360
gene_11122,MRC2|9902,MRC2,9902
gene_11123,MRE11A|4361,MRE11A,4361
gene_11124,MREG|55686,MREG,55686
gene_11125,MRFAP1L1|114932,MRFAP1L1,114932
gene_11126,MRFAP1|93621,MRFAP1,93621
gene_11127,MRGPRD|116512,MRGPRD,116512
gene_11128,MRGPRE|116534,MRGPRE,116534
gene_11129,MRGPRF|116535,MRGPRF,116535
gene_11130,MRGPRG|386746,MRGPRG,386746
gene_11131,MRGPRX1|259249,MRGPRX1,259249
gene_11132,MRGPRX2|117194,MRGPRX2,117194
gene_11133,MRGPRX3|117195,MRGPRX3,117195
gene_11134,MRGPRX4|117196,MRGPRX4,117196
gene_11135,MRI1|84245,MRI1,84245
gene_11136,MRM1|79922,MRM1,79922
gene_11137,MRO|83876,MRO,83876
gene_11138,MRP63|78988,MRP63,78988
gene_11139,MRPL10|124995,MRPL10,124995
gene_11140,MRPL11|65003,MRPL11,65003
gene_11141,MRPL12|6182,MRPL12,6182
gene_11142,MRPL13|28998,MRPL13,28998
gene_11143,MRPL14|64928,MRPL14,64928
gene_11144,MRPL15|29088,MRPL15,29088
gene_11145,MRPL16|54948,MRPL16,54948
gene_11146,MRPL17|63875,MRPL17,63875
gene_11147,MRPL18|29074,MRPL18,29074
gene_11148,MRPL19|9801,MRPL19,9801
gene_11149,MRPL1|65008,MRPL1,65008
gene_11150,MRPL20|55052,MRPL20,55052
gene_11151,MRPL21|219927,MRPL21,219927
gene_11152,MRPL22|29093,MRPL22,29093
gene_11153,MRPL23|6150,MRPL23,6150
gene_11154,MRPL24|79590,MRPL24,79590
gene_11155,MRPL27|51264,MRPL27,51264
gene_11156,MRPL28|10573,MRPL28,10573
gene_11157,MRPL2|51069,MRPL2,51069
gene_11158,MRPL30|51263,MRPL30,51263
gene_11159,MRPL32|64983,MRPL32,64983
gene_11160,MRPL33|9553,MRPL33,9553
gene_11161,MRPL34|64981,MRPL34,64981
gene_11162,MRPL35|51318,MRPL35,51318
gene_11163,MRPL36|64979,MRPL36,64979
gene_11164,MRPL37|51253,MRPL37,51253
gene_11165,MRPL38|64978,MRPL38,64978
gene_11166,MRPL39|54148,MRPL39,54148
gene_11167,MRPL3|11222,MRPL3,11222
gene_11168,MRPL40|64976,MRPL40,64976
gene_11169,MRPL41|64975,MRPL41,64975
gene_11170,MRPL42P5|359821,MRPL42P5,359821
gene_11171,MRPL42|28977,MRPL42,28977
gene_11172,MRPL43|84545,MRPL43,84545
gene_11173,MRPL44|65080,MRPL44,65080
gene_11174,MRPL45|84311,MRPL45,84311
gene_11175,MRPL46|26589,MRPL46,26589
gene_11176,MRPL47|57129,MRPL47,57129
gene_11177,MRPL48|51642,MRPL48,51642
gene_11178,MRPL49|740,MRPL49,740
gene_11179,MRPL4|51073,MRPL4,51073
gene_11180,MRPL50|54534,MRPL50,54534
gene_11181,MRPL51|51258,MRPL51,51258
gene_11182,MRPL52|122704,MRPL52,122704
gene_11183,MRPL53|116540,MRPL53,116540
gene_11184,MRPL54|116541,MRPL54,116541
gene_11185,MRPL55|128308,MRPL55,128308
gene_11186,MRPL9|65005,MRPL9,65005
gene_11187,MRPS10|55173,MRPS10,55173
gene_11188,MRPS11|64963,MRPS11,64963
gene_11189,MRPS12|6183,MRPS12,6183
gene_11190,MRPS14|63931,MRPS14,63931
gene_11191,MRPS15|64960,MRPS15,64960
gene_11192,MRPS16|51021,MRPS16,51021
gene_11193,MRPS17|51373,MRPS17,51373
gene_11194,MRPS18A|55168,MRPS18A,55168
gene_11195,MRPS18B|28973,MRPS18B,28973
gene_11196,MRPS18C|51023,MRPS18C,51023
gene_11197,MRPS21|54460,MRPS21,54460
gene_11198,MRPS22|56945,MRPS22,56945
gene_11199,MRPS23|51649,MRPS23,51649
gene_11200,MRPS24|64951,MRPS24,64951
gene_11201,MRPS25|64432,MRPS25,64432
gene_11202,MRPS26|64949,MRPS26,64949
gene_11203,MRPS27|23107,MRPS27,23107
gene_11204,MRPS28|28957,MRPS28,28957
gene_11205,MRPS2|51116,MRPS2,51116
gene_11206,MRPS30|10884,MRPS30,10884
gene_11207,MRPS31|10240,MRPS31,10240
gene_11208,MRPS33|51650,MRPS33,51650
gene_11209,MRPS34|65993,MRPS34,65993
gene_11210,MRPS35|60488,MRPS35,60488
gene_11211,MRPS36|92259,MRPS36,92259
gene_11212,MRPS5|64969,MRPS5,64969
gene_11213,MRPS6|64968,MRPS6,64968
gene_11214,MRPS7|51081,MRPS7,51081
gene_11215,MRPS9|64965,MRPS9,64965
gene_11216,MRRF|92399,MRRF,92399
gene_11217,MRS2P2|729633,MRS2P2,729633
gene_11218,MRS2|57380,MRS2,57380
gene_11219,MRTO4|51154,MRTO4,51154
gene_11220,MRVI1|10335,MRVI1,10335
gene_11221,MS4A10|341116,MS4A10,341116
gene_11222,MS4A12|54860,MS4A12,54860
gene_11223,MS4A13|503497,MS4A13,503497
gene_11224,MS4A14|84689,MS4A14,84689
gene_11225,MS4A15|219995,MS4A15,219995
gene_11226,MS4A1|931,MS4A1,931
gene_11227,MS4A2|2206,MS4A2,2206
gene_11228,MS4A3|932,MS4A3,932
gene_11229,MS4A4A|51338,MS4A4A,51338
gene_11230,MS4A5|64232,MS4A5,64232
gene_11231,MS4A6A|64231,MS4A6A,64231
gene_11232,MS4A6E|245802,MS4A6E,245802
gene_11233,MS4A7|58475,MS4A7,58475
gene_11234,MS4A8B|83661,MS4A8B,83661
gene_11235,MSC|9242,MSC,9242
gene_11236,MSGN1|343930,MSGN1,343930
gene_11237,MSH2|4436,MSH2,4436
gene_11238,MSH3|4437,MSH3,4437
gene_11239,MSH4|4438,MSH4,4438
gene_11240,MSH5|4439,MSH5,4439
gene_11241,MSH6|2956,MSH6,2956
gene_11242,MSI1|4440,MSI1,4440
gene_11243,MSI2|124540,MSI2,124540
gene_11244,MSL1|339287,MSL1,339287
gene_11245,MSL2|55167,MSL2,55167
gene_11246,MSL3L2|151507,MSL3L2,151507
gene_11247,MSL3|10943,MSL3,10943
gene_11248,MSLNL|401827,MSLNL,401827
gene_11249,MSLN|10232,MSLN,10232
gene_11250,MSMB|4477,MSMB,4477
gene_11251,MSMP|692094,MSMP,692094
gene_11252,MSN|4478,MSN,4478
gene_11253,MSR1|4481,MSR1,4481
gene_11254,MSRA|4482,MSRA,4482
gene_11255,MSRB2|22921,MSRB2,22921
gene_11256,MSRB3|253827,MSRB3,253827
gene_11257,MST1P2|11209,MST1P2,11209
gene_11258,MST1P9|11223,MST1P9,11223
gene_11259,MST1R|4486,MST1R,4486
gene_11260,MST1|4485,MST1,4485
gene_11261,MST4|51765,MST4,51765
gene_11262,MSTN|2660,MSTN,2660
gene_11263,MSTO1|55154,MSTO1,55154
gene_11264,MSTO2P|100129405,MSTO2P,100129405
gene_11265,MSX1|4487,MSX1,4487
gene_11266,MSX2P1|55545,MSX2P1,55545
gene_11267,MSX2|4488,MSX2,4488
gene_11268,MT1A|4489,MT1A,4489
gene_11269,MT1B|4490,MT1B,4490
gene_11270,MT1DP|326343,MT1DP,326343
gene_11271,MT1E|4493,MT1E,4493
gene_11272,MT1F|4494,MT1F,4494
gene_11273,MT1G|4495,MT1G,4495
gene_11274,MT1H|4496,MT1H,4496
gene_11275,MT1IP|644314,MT1IP,644314
gene_11276,MT1L|4500,MT1L,4500
gene_11277,MT1M|4499,MT1M,4499
gene_11278,MT1X|4501,MT1X,4501
gene_11279,MT2A|4502,MT2A,4502
gene_11280,MT3|4504,MT3,4504
gene_11281,MT4|84560,MT4,84560
gene_11282,MTA1|9112,MTA1,9112
gene_11283,MTA2|9219,MTA2,9219
gene_11284,MTA3|57504,MTA3,57504
gene_11285,MTAP|4507,MTAP,4507
gene_11286,MTBP|27085,MTBP,27085
gene_11287,MTCH1|23787,MTCH1,23787
gene_11288,MTCH2|23788,MTCH2,23788
gene_11289,MTCP1NB|100272147,MTCP1NB,100272147
gene_11290,MTCP1|4515,MTCP1,4515
gene_11291,MTDH|92140,MTDH,92140
gene_11292,MTERFD1|51001,MTERFD1,51001
gene_11293,MTERFD2|130916,MTERFD2,130916
gene_11294,MTERFD3|80298,MTERFD3,80298
gene_11295,MTERF|7978,MTERF,7978
gene_11296,MTF1|4520,MTF1,4520
gene_11297,MTF2|22823,MTF2,22823
gene_11298,MTFMT|123263,MTFMT,123263
gene_11299,MTFR1|9650,MTFR1,9650
gene_11300,MTG1|92170,MTG1,92170
gene_11301,MTHFD1L|25902,MTHFD1L,25902
gene_11302,MTHFD1|4522,MTHFD1,4522
gene_11303,MTHFD2L|441024,MTHFD2L,441024
gene_11304,MTHFD2|10797,MTHFD2,10797
gene_11305,MTHFR|4524,MTHFR,4524
gene_11306,MTHFSD|64779,MTHFSD,64779
gene_11307,MTHFS|10588,MTHFS,10588
gene_11308,MTIF2|4528,MTIF2,4528
gene_11309,MTIF3|219402,MTIF3,219402
gene_11310,MTL5|9633,MTL5,9633
gene_11311,MTM1|4534,MTM1,4534
gene_11312,MTMR10|54893,MTMR10,54893
gene_11313,MTMR11|10903,MTMR11,10903
gene_11314,MTMR12|54545,MTMR12,54545
gene_11315,MTMR14|64419,MTMR14,64419
gene_11316,MTMR15|22909,MTMR15,22909
gene_11317,MTMR1|8776,MTMR1,8776
gene_11318,MTMR2|8898,MTMR2,8898
gene_11319,MTMR3|8897,MTMR3,8897
gene_11320,MTMR4|9110,MTMR4,9110
gene_11321,MTMR6|9107,MTMR6,9107
gene_11322,MTMR7|9108,MTMR7,9108
gene_11323,MTMR8|55613,MTMR8,55613
gene_11324,MTMR9L|339483,MTMR9L,339483
gene_11325,MTMR9|66036,MTMR9,66036
gene_11326,MTNR1A|4543,MTNR1A,4543
gene_11327,MTNR1B|4544,MTNR1B,4544
gene_11328,MTO1|25821,MTO1,25821
gene_11329,MTOR|2475,MTOR,2475
gene_11330,MTP18|51537,MTP18,51537
gene_11331,MTPAP|55149,MTPAP,55149
gene_11332,MTRF1L|54516,MTRF1L,54516
gene_11333,MTRF1|9617,MTRF1,9617
gene_11334,MTRR|4552,MTRR,4552
gene_11335,MTR|4548,MTR,4548
gene_11336,MTSS1L|92154,MTSS1L,92154
gene_11337,MTSS1|9788,MTSS1,9788
gene_11338,MTTP|4547,MTTP,4547
gene_11339,MTUS1|57509,MTUS1,57509
gene_11340,MTUS2|23281,MTUS2,23281
gene_11341,MTVR2|246754,MTVR2,246754
gene_11342,MTX1|4580,MTX1,4580
gene_11343,MTX2|10651,MTX2,10651
gene_11344,MTX3|345778,MTX3,345778
gene_11345,MUC12|10071,MUC12,10071
gene_11346,MUC13|56667,MUC13,56667
gene_11347,MUC15|143662,MUC15,143662
gene_11348,MUC16|94025,MUC16,94025
gene_11349,MUC17|140453,MUC17,140453
gene_11350,MUC1|4582,MUC1,4582
gene_11351,MUC20|200958,MUC20,200958
gene_11352,MUC21|394263,MUC21,394263
gene_11353,MUC2|4583,MUC2,4583
gene_11354,MUC4|4585,MUC4,4585
gene_11355,MUC5B|727897,MUC5B,727897
gene_11356,MUC6|4588,MUC6,4588
gene_11357,MUC7|4589,MUC7,4589
gene_11358,MUCL1|118430,MUCL1,118430
gene_11359,MUDENG|55745,MUDENG,55745
gene_11360,MUL1|79594,MUL1,79594
gene_11361,MUM1L1|139221,MUM1L1,139221
gene_11362,MUM1|84939,MUM1,84939
gene_11363,MURC|347273,MURC,347273
gene_11364,MUS81|80198,MUS81,80198
gene_11365,MUSK|4593,MUSK,4593
gene_11366,MUSTN1|389125,MUSTN1,389125
gene_11367,MUTED|63915,MUTED,63915
gene_11368,MUTYH|4595,MUTYH,4595
gene_11369,MUT|4594,MUT,4594
gene_11370,MVD|4597,MVD,4597
gene_11371,MVK|4598,MVK,4598
gene_11372,MVP|9961,MVP,9961
gene_11373,MX1|4599,MX1,4599
gene_11374,MX2|4600,MX2,4600
gene_11375,MXD1|4084,MXD1,4084
gene_11376,MXD3|83463,MXD3,83463
gene_11377,MXD4|10608,MXD4,10608
gene_11378,MXI1|4601,MXI1,4601
gene_11379,MXRA5|25878,MXRA5,25878
gene_11380,MXRA7|439921,MXRA7,439921
gene_11381,MXRA8|54587,MXRA8,54587
gene_11382,MYADML2|255275,MYADML2,255275
gene_11383,MYADML|151325,MYADML,151325
gene_11384,MYADM|91663,MYADM,91663
gene_11385,MYBBP1A|10514,MYBBP1A,10514
gene_11386,MYBL1|4603,MYBL1,4603
gene_11387,MYBL2|4605,MYBL2,4605
gene_11388,MYBPC1|4604,MYBPC1,4604
gene_11389,MYBPC2|4606,MYBPC2,4606
gene_11390,MYBPC3|4607,MYBPC3,4607
gene_11391,MYBPHL|343263,MYBPHL,343263
gene_11392,MYBPH|4608,MYBPH,4608
gene_11393,MYB|4602,MYB,4602
gene_11394,MYCBP2|23077,MYCBP2,23077
gene_11395,MYCBPAP|84073,MYCBPAP,84073
gene_11396,MYCBP|26292,MYCBP,26292
gene_11397,MYCL1|4610,MYCL1,4610
gene_11398,MYCNOS|10408,MYCNOS,10408
gene_11399,MYCN|4613,MYCN,4613
gene_11400,MYCT1|80177,MYCT1,80177
gene_11401,MYC|4609,MYC,4609
gene_11402,MYD88|4615,MYD88,4615
gene_11403,MYEF2|50804,MYEF2,50804
gene_11404,MYEOV2|150678,MYEOV2,150678
gene_11405,MYEOV|26579,MYEOV,26579
gene_11406,MYF5|4617,MYF5,4617
gene_11407,MYF6|4618,MYF6,4618
gene_11408,MYH10|4628,MYH10,4628
gene_11409,MYH11|4629,MYH11,4629
gene_11410,MYH13|8735,MYH13,8735
gene_11411,MYH14|79784,MYH14,79784
gene_11412,MYH15|22989,MYH15,22989
gene_11413,MYH16|84176,MYH16,84176
gene_11414,MYH1|4619,MYH1,4619
gene_11415,MYH2|4620,MYH2,4620
gene_11416,MYH3|4621,MYH3,4621
gene_11417,MYH4|4622,MYH4,4622
gene_11418,MYH6|4624,MYH6,4624
gene_11419,MYH7B|57644,MYH7B,57644
gene_11420,MYH7|4625,MYH7,4625
gene_11421,MYH8|4626,MYH8,4626
gene_11422,MYH9|4627,MYH9,4627
gene_11423,MYL10|93408,MYL10,93408
gene_11424,MYL12A|10627,MYL12A,10627
gene_11425,MYL12B|103910,MYL12B,103910
gene_11426,MYL1|4632,MYL1,4632
gene_11427,MYL2|4633,MYL2,4633
gene_11428,MYL3|4634,MYL3,4634
gene_11429,MYL4|4635,MYL4,4635
gene_11430,MYL5|4636,MYL5,4636
gene_11431,MYL6B|140465,MYL6B,140465
gene_11432,MYL6|4637,MYL6,4637
gene_11433,MYL7|58498,MYL7,58498
gene_11434,MYL9|10398,MYL9,10398
gene_11435,MYLIP|29116,MYLIP,29116
gene_11436,MYLK2|85366,MYLK2,85366
gene_11437,MYLK3|91807,MYLK3,91807
gene_11438,MYLK4|340156,MYLK4,340156
gene_11439,MYLK|4638,MYLK,4638
gene_11440,MYLPF|29895,MYLPF,29895
gene_11441,MYNN|55892,MYNN,55892
gene_11442,MYO10|4651,MYO10,4651
gene_11443,MYO15A|51168,MYO15A,51168
gene_11444,MYO15B|80022,MYO15B,80022
gene_11445,MYO16|23026,MYO16,23026
gene_11446,MYO18A|399687,MYO18A,399687
gene_11447,MYO18B|84700,MYO18B,84700
gene_11448,MYO19|80179,MYO19,80179
gene_11449,MYO1A|4640,MYO1A,4640
gene_11450,MYO1B|4430,MYO1B,4430
gene_11451,MYO1C|4641,MYO1C,4641
gene_11452,MYO1D|4642,MYO1D,4642
gene_11453,MYO1E|4643,MYO1E,4643
gene_11454,MYO1F|4542,MYO1F,4542
gene_11455,MYO1G|64005,MYO1G,64005
gene_11456,MYO1H|283446,MYO1H,283446
gene_11457,MYO3A|53904,MYO3A,53904
gene_11458,MYO3B|140469,MYO3B,140469
gene_11459,MYO5A|4644,MYO5A,4644
gene_11460,MYO5B|4645,MYO5B,4645
gene_11461,MYO5C|55930,MYO5C,55930
gene_11462,MYO6|4646,MYO6,4646
gene_11463,MYO7A|4647,MYO7A,4647
gene_11464,MYO7B|4648,MYO7B,4648
gene_11465,MYO9A|4649,MYO9A,4649
gene_11466,MYO9B|4650,MYO9B,4650
gene_11467,MYOCD|93649,MYOCD,93649
gene_11468,MYOC|4653,MYOC,4653
gene_11469,MYOD1|4654,MYOD1,4654
gene_11470,MYOF|26509,MYOF,26509
gene_11471,MYOG|4656,MYOG,4656
gene_11472,MYOM1|8736,MYOM1,8736
gene_11473,MYOM2|9172,MYOM2,9172
gene_11474,MYOM3|127294,MYOM3,127294
gene_11475,MYOT|9499,MYOT,9499
gene_11476,MYOZ1|58529,MYOZ1,58529
gene_11477,MYOZ2|51778,MYOZ2,51778
gene_11478,MYOZ3|91977,MYOZ3,91977
gene_11479,MYPN|84665,MYPN,84665
gene_11480,MYPOP|339344,MYPOP,339344
gene_11481,MYRIP|25924,MYRIP,25924
gene_11482,MYSM1|114803,MYSM1,114803
gene_11483,MYST1|84148,MYST1,84148
gene_11484,MYST2|11143,MYST2,11143
gene_11485,MYST3|7994,MYST3,7994
gene_11486,MYST4|23522,MYST4,23522
gene_11487,MYT1L|23040,MYT1L,23040
gene_11488,MYT1|4661,MYT1,4661
gene_11489,MZF1|7593,MZF1,7593
gene_11490,N4BP1|9683,N4BP1,9683
gene_11491,N4BP2L1|90634,N4BP2L1,90634
gene_11492,N4BP2L2|10443,N4BP2L2,10443
gene_11493,N4BP2|55728,N4BP2,55728
gene_11494,N4BP3|23138,N4BP3,23138
gene_11495,N6AMT1|29104,N6AMT1,29104
gene_11496,N6AMT2|221143,N6AMT2,221143
gene_11497,NAA10|8260,NAA10,8260
gene_11498,NAA11|84779,NAA11,84779
gene_11499,NAA15|80155,NAA15,80155
gene_11500,NAA16|79612,NAA16,79612
gene_11501,NAA20|51126,NAA20,51126
gene_11502,NAA25|80018,NAA25,80018
gene_11503,NAA30|122830,NAA30,122830
gene_11504,NAA35|60560,NAA35,60560
gene_11505,NAA38|51691,NAA38,51691
gene_11506,NAA40|79829,NAA40,79829
gene_11507,NAA50|80218,NAA50,80218
gene_11508,NAAA|27163,NAAA,27163
gene_11509,NAALAD2|10003,NAALAD2,10003
gene_11510,NAALADL1|10004,NAALADL1,10004
gene_11511,NAALADL2|254827,NAALADL2,254827
gene_11512,NAB1|4664,NAB1,4664
gene_11513,NAB2|4665,NAB2,4665
gene_11514,NACA2|342538,NACA2,342538
gene_11515,NACAD|23148,NACAD,23148
gene_11516,NACAP1|83955,NACAP1,83955
gene_11517,NACA|4666,NACA,4666
gene_11518,NACC1|112939,NACC1,112939
gene_11519,NACC2|138151,NACC2,138151
gene_11520,NADK|65220,NADK,65220
gene_11521,NADSYN1|55191,NADSYN1,55191
gene_11522,NAE1|8883,NAE1,8883
gene_11523,NAF1|92345,NAF1,92345
gene_11524,NAGA|4668,NAGA,4668
gene_11525,NAGK|55577,NAGK,55577
gene_11526,NAGLU|4669,NAGLU,4669
gene_11527,NAGPA|51172,NAGPA,51172
gene_11528,NAGS|162417,NAGS,162417
gene_11529,NAIF1|203245,NAIF1,203245
gene_11530,NAIP|4671,NAIP,4671
gene_11531,NALCN|259232,NALCN,259232
gene_11532,NAMPT|10135,NAMPT,10135
gene_11533,NANOG|79923,NANOG,79923
gene_11534,NANOS1|340719,NANOS1,340719
gene_11535,NANOS2|339345,NANOS2,339345
gene_11536,NANOS3|342977,NANOS3,342977
gene_11537,NANP|140838,NANP,140838
gene_11538,NANS|54187,NANS,54187
gene_11539,NAP1L1|4673,NAP1L1,4673
gene_11540,NAP1L2|4674,NAP1L2,4674
gene_11541,NAP1L3|4675,NAP1L3,4675
gene_11542,NAP1L4|4676,NAP1L4,4676
gene_11543,NAP1L5|266812,NAP1L5,266812
gene_11544,NAP1L6|645996,NAP1L6,645996
gene_11545,NAPA|8775,NAPA,8775
gene_11546,NAPB|63908,NAPB,63908
gene_11547,NAPEPLD|222236,NAPEPLD,222236
gene_11548,NAPG|8774,NAPG,8774
gene_11549,NAPRT1|93100,NAPRT1,93100
gene_11550,NAPSA|9476,NAPSA,9476
gene_11551,NAPSB|256236,NAPSB,256236
gene_11552,NARFL|64428,NARFL,64428
gene_11553,NARF|26502,NARF,26502
gene_11554,NARG2|79664,NARG2,79664
gene_11555,NARS2|79731,NARS2,79731
gene_11556,NARS|4677,NARS,4677
gene_11557,NASP|4678,NASP,4678
gene_11558,NAT10|55226,NAT10,55226
gene_11559,NAT14|57106,NAT14,57106
gene_11560,NAT15|79903,NAT15,79903
gene_11561,NAT1|9,NAT1,9
gene_11562,NAT2|10,NAT2,10
gene_11563,NAT6|24142,NAT6,24142
gene_11564,NAT8B|51471,NAT8B,51471
gene_11565,NAT8L|339983,NAT8L,339983
gene_11566,NAT8|9027,NAT8,9027
gene_11567,NAT9|26151,NAT9,26151
gene_11568,NAV1|89796,NAV1,89796
gene_11569,NAV2|89797,NAV2,89797
gene_11570,NAV3|89795,NAV3,89795
gene_11571,NBAS|51594,NBAS,51594
gene_11572,NBEAL1|65065,NBEAL1,65065
gene_11573,NBEAL2|23218,NBEAL2,23218
gene_11574,NBEA|26960,NBEA,26960
gene_11575,NBL1|4681,NBL1,4681
gene_11576,NBLA00301|79804,NBLA00301,79804
gene_11577,NBN|4683,NBN,4683
gene_11578,NBPF10|100132406,NBPF10,100132406
gene_11579,NBPF14|25832,NBPF14,25832
gene_11580,NBPF15|284565,NBPF15,284565
gene_11581,NBPF16|728936,NBPF16,728936
gene_11582,NBPF1|55672,NBPF1,55672
gene_11583,NBPF22P|285622,NBPF22P,285622
gene_11584,NBPF3|84224,NBPF3,84224
gene_11585,NBPF4|148545,NBPF4,148545
gene_11586,NBPF6|653149,NBPF6,653149
gene_11587,NBPF7|343505,NBPF7,343505
gene_11588,NBPF9|400818,NBPF9,400818
gene_11589,NBR1|4077,NBR1,4077
gene_11590,NBR2|10230,NBR2,10230
gene_11591,NCALD|83988,NCALD,83988
gene_11592,NCAM1|4684,NCAM1,4684
gene_11593,NCAM2|4685,NCAM2,4685
gene_11594,NCAN|1463,NCAN,1463
gene_11595,NCAPD2|9918,NCAPD2,9918
gene_11596,NCAPD3|23310,NCAPD3,23310
gene_11597,NCAPG2|54892,NCAPG2,54892
gene_11598,NCAPG|64151,NCAPG,64151
gene_11599,NCAPH2|29781,NCAPH2,29781
gene_11600,NCAPH|23397,NCAPH,23397
gene_11601,NCBP1|4686,NCBP1,4686
gene_11602,NCBP2|22916,NCBP2,22916
gene_11603,NCCRP1|342897,NCCRP1,342897
gene_11604,NCDN|23154,NCDN,23154
gene_11605,NCEH1|57552,NCEH1,57552
gene_11606,NCF1B|654816,NCF1B,654816
gene_11607,NCF1C|654817,NCF1C,654817
gene_11608,NCF1|653361,NCF1,653361
gene_11609,NCF2|4688,NCF2,4688
gene_11610,NCF4|4689,NCF4,4689
gene_11611,NCK1|4690,NCK1,4690
gene_11612,NCK2|8440,NCK2,8440
gene_11613,NCKAP1L|3071,NCKAP1L,3071
gene_11614,NCKAP1|10787,NCKAP1,10787
gene_11615,NCKAP5L|57701,NCKAP5L,57701
gene_11616,NCKAP5|344148,NCKAP5,344148
gene_11617,NCKIPSD|51517,NCKIPSD,51517
gene_11618,NCLN|56926,NCLN,56926
gene_11619,NCL|4691,NCL,4691
gene_11620,NCOA1|8648,NCOA1,8648
gene_11621,NCOA2|10499,NCOA2,10499
gene_11622,NCOA3|8202,NCOA3,8202
gene_11623,NCOA4|8031,NCOA4,8031
gene_11624,NCOA5|57727,NCOA5,57727
gene_11625,NCOA6|23054,NCOA6,23054
gene_11626,NCOA7|135112,NCOA7,135112
gene_11627,NCOR1|9611,NCOR1,9611
gene_11628,NCOR2|9612,NCOR2,9612
gene_11629,NCR1|9437,NCR1,9437
gene_11630,NCR2|9436,NCR2,9436
gene_11631,NCR3|259197,NCR3,259197
gene_11632,NCRNA00028|140875,NCRNA00028,140875
gene_11633,NCRNA00029|100144596,NCRNA00029,100144596
gene_11634,NCRNA00032|158035,NCRNA00032,158035
gene_11635,NCRNA00051|619434,NCRNA00051,619434
gene_11636,NCRNA00052|145978,NCRNA00052,145978
gene_11637,NCRNA00081|92482,NCRNA00081,92482
gene_11638,NCRNA00085|147650,NCRNA00085,147650
gene_11639,NCRNA00086|399668,NCRNA00086,399668
gene_11640,NCRNA00087|644596,NCRNA00087,644596
gene_11641,NCRNA00092|100188953,NCRNA00092,100188953
gene_11642,NCRNA00093|100188954,NCRNA00093,100188954
gene_11643,NCRNA00094|266655,NCRNA00094,266655
gene_11644,NCRNA00095|283932,NCRNA00095,283932
gene_11645,NCRNA00099|359822,NCRNA00099,359822
gene_11646,NCRNA00105|80161,NCRNA00105,80161
gene_11647,NCRNA00107|283981,NCRNA00107,283981
gene_11648,NCRNA00110|642976,NCRNA00110,642976
gene_11649,NCRNA00111|54090,NCRNA00111,54090
gene_11650,NCRNA00112|54089,NCRNA00112,54089
gene_11651,NCRNA00113|54088,NCRNA00113,54088
gene_11652,NCRNA00114|400866,NCRNA00114,400866
gene_11653,NCRNA00115|79854,NCRNA00115,79854
gene_11654,NCRNA00116|205251,NCRNA00116,205251
gene_11655,NCRNA00119|348808,NCRNA00119,348808
gene_11656,NCRNA00120|55389,NCRNA00120,55389
gene_11657,NCRNA00152|112597,NCRNA00152,112597
gene_11658,NCRNA00157|54075,NCRNA00157,54075
gene_11659,NCRNA00158|54072,NCRNA00158,54072
gene_11660,NCRNA00159|54070,NCRNA00159,54070
gene_11661,NCRNA00160|54064,NCRNA00160,54064
gene_11662,NCRNA00161|118421,NCRNA00161,118421
gene_11663,NCRNA00162|378825,NCRNA00162,378825
gene_11664,NCRNA00164|554226,NCRNA00164,554226
gene_11665,NCRNA00167|440072,NCRNA00167,440072
gene_11666,NCRNA00169|400508,NCRNA00169,400508
gene_11667,NCRNA00171|80862,NCRNA00171,80862
gene_11668,NCRNA00173|100287569,NCRNA00173,100287569
gene_11669,NCRNA00174|285908,NCRNA00174,285908
gene_11670,NCRNA00175|378832,NCRNA00175,378832
gene_11671,NCRNA00176|284739,NCRNA00176,284739
gene_11672,NCRNA00181|503538,NCRNA00181,503538
gene_11673,NCRNA00182|100302692,NCRNA00182,100302692
gene_11674,NCRNA00183|554203,NCRNA00183,554203
gene_11675,NCRNA00185|55410,NCRNA00185,55410
gene_11676,NCRNA00188|125144,NCRNA00188,125144
gene_11677,NCRNA00189|193629,NCRNA00189,193629
gene_11678,NCRNA00200|399706,NCRNA00200,399706
gene_11679,NCRNA00201|284702,NCRNA00201,284702
gene_11680,NCRNA00202|387644,NCRNA00202,387644
gene_11681,NCRNA00203|319085,NCRNA00203,319085
gene_11682,NCRNA00204B|286967,NCRNA00204B,286967
gene_11683,NCRNA00207|388910,NCRNA00207,388910
gene_11684,NCRNA00219|114915,NCRNA00219,114915
gene_11685,NCRNA00230B|401629,NCRNA00230B,401629
gene_11686,NCRNA00235|64493,NCRNA00235,64493
gene_11687,NCS1|23413,NCS1,23413
gene_11688,NCSTN|23385,NCSTN,23385
gene_11689,NDC80|10403,NDC80,10403
gene_11690,NDE1|54820,NDE1,54820
gene_11691,NDEL1|81565,NDEL1,81565
gene_11692,NDFIP1|80762,NDFIP1,80762
gene_11693,NDFIP2|54602,NDFIP2,54602
gene_11694,NDNL2|56160,NDNL2,56160
gene_11695,NDN|4692,NDN,4692
gene_11696,NDOR1|27158,NDOR1,27158
gene_11697,NDP|4693,NDP,4693
gene_11698,NDRG1|10397,NDRG1,10397
gene_11699,NDRG2|57447,NDRG2,57447
gene_11700,NDRG3|57446,NDRG3,57446
gene_11701,NDRG4|65009,NDRG4,65009
gene_11702,NDST1|3340,NDST1,3340
gene_11703,NDST2|8509,NDST2,8509
gene_11704,NDST3|9348,NDST3,9348
gene_11705,NDST4|64579,NDST4,64579
gene_11706,NDUFA10|4705,NDUFA10,4705
gene_11707,NDUFA11|126328,NDUFA11,126328
gene_11708,NDUFA12|55967,NDUFA12,55967
gene_11709,NDUFA13|51079,NDUFA13,51079
gene_11710,NDUFA1|4694,NDUFA1,4694
gene_11711,NDUFA2|4695,NDUFA2,4695
gene_11712,NDUFA3|4696,NDUFA3,4696
gene_11713,NDUFA4L2|56901,NDUFA4L2,56901
gene_11714,NDUFA4|4697,NDUFA4,4697
gene_11715,NDUFA5|4698,NDUFA5,4698
gene_11716,NDUFA6|4700,NDUFA6,4700
gene_11717,NDUFA7|4701,NDUFA7,4701
gene_11718,NDUFA8|4702,NDUFA8,4702
gene_11719,NDUFA9|4704,NDUFA9,4704
gene_11720,NDUFAB1|4706,NDUFAB1,4706
gene_11721,NDUFAF1|51103,NDUFAF1,51103
gene_11722,NDUFAF2|91942,NDUFAF2,91942
gene_11723,NDUFAF3|25915,NDUFAF3,25915
gene_11724,NDUFAF4|29078,NDUFAF4,29078
gene_11725,NDUFB10|4716,NDUFB10,4716
gene_11726,NDUFB11|54539,NDUFB11,54539
gene_11727,NDUFB1|4707,NDUFB1,4707
gene_11728,NDUFB2|4708,NDUFB2,4708
gene_11729,NDUFB3|4709,NDUFB3,4709
gene_11730,NDUFB4|4710,NDUFB4,4710
gene_11731,NDUFB5|4711,NDUFB5,4711
gene_11732,NDUFB6|4712,NDUFB6,4712
gene_11733,NDUFB7|4713,NDUFB7,4713
gene_11734,NDUFB8|4714,NDUFB8,4714
gene_11735,NDUFB9|4715,NDUFB9,4715
gene_11736,NDUFC1|4717,NDUFC1,4717
gene_11737,NDUFC2|4718,NDUFC2,4718
gene_11738,NDUFS1|4719,NDUFS1,4719
gene_11739,NDUFS2|4720,NDUFS2,4720
gene_11740,NDUFS3|4722,NDUFS3,4722
gene_11741,NDUFS4|4724,NDUFS4,4724
gene_11742,NDUFS5|4725,NDUFS5,4725
gene_11743,NDUFS6|4726,NDUFS6,4726
gene_11744,NDUFS7|374291,NDUFS7,374291
gene_11745,NDUFS8|4728,NDUFS8,4728
gene_11746,NDUFV1|4723,NDUFV1,4723
gene_11747,NDUFV2|4729,NDUFV2,4729
gene_11748,NDUFV3|4731,NDUFV3,4731
gene_11749,NEAT1|283131,NEAT1,283131
gene_11750,NEBL|10529,NEBL,10529
gene_11751,NEB|4703,NEB,4703
gene_11752,NECAB1|64168,NECAB1,64168
gene_11753,NECAB2|54550,NECAB2,54550
gene_11754,NECAB3|63941,NECAB3,63941
gene_11755,NECAP1|25977,NECAP1,25977
gene_11756,NECAP2|55707,NECAP2,55707
gene_11757,NEDD1|121441,NEDD1,121441
gene_11758,NEDD4L|23327,NEDD4L,23327
gene_11759,NEDD4|4734,NEDD4,4734
gene_11760,NEDD8|4738,NEDD8,4738
gene_11761,NEDD9|4739,NEDD9,4739
gene_11762,NEFH|4744,NEFH,4744
gene_11763,NEFL|4747,NEFL,4747
gene_11764,NEFM|4741,NEFM,4741
gene_11765,NEGR1|257194,NEGR1,257194
gene_11766,NEIL1|79661,NEIL1,79661
gene_11767,NEIL2|252969,NEIL2,252969
gene_11768,NEIL3|55247,NEIL3,55247
gene_11769,NEK10|152110,NEK10,152110
gene_11770,NEK11|79858,NEK11,79858
gene_11771,NEK1|4750,NEK1,4750
gene_11772,NEK2|4751,NEK2,4751
gene_11773,NEK3|4752,NEK3,4752
gene_11774,NEK4|6787,NEK4,6787
gene_11775,NEK5|341676,NEK5,341676
gene_11776,NEK6|10783,NEK6,10783
gene_11777,NEK7|140609,NEK7,140609
gene_11778,NEK8|284086,NEK8,284086
gene_11779,NEK9|91754,NEK9,91754
gene_11780,NELF|26012,NELF,26012
gene_11781,NELL1|4745,NELL1,4745
gene_11782,NELL2|4753,NELL2,4753
gene_11783,NENF|29937,NENF,29937
gene_11784,NEO1|4756,NEO1,4756
gene_11785,NES|10763,NES,10763
gene_11786,NET1|10276,NET1,10276
gene_11787,NETO1|81832,NETO1,81832
gene_11788,NETO2|81831,NETO2,81831
gene_11789,NEU1|4758,NEU1,4758
gene_11790,NEU2|4759,NEU2,4759
gene_11791,NEU3|10825,NEU3,10825
gene_11792,NEU4|129807,NEU4,129807
gene_11793,NEURL1B|54492,NEURL1B,54492
gene_11794,NEURL2|140825,NEURL2,140825
gene_11795,NEURL3|93082,NEURL3,93082
gene_11796,NEURL4|84461,NEURL4,84461
gene_11797,NEURL|9148,NEURL,9148
gene_11798,NEUROD1|4760,NEUROD1,4760
gene_11799,NEUROD2|4761,NEUROD2,4761
gene_11800,NEUROD4|58158,NEUROD4,58158
gene_11801,NEUROD6|63974,NEUROD6,63974
gene_11802,NEUROG1|4762,NEUROG1,4762
gene_11803,NEUROG2|63973,NEUROG2,63973
gene_11804,NEUROG3|50674,NEUROG3,50674
gene_11805,NEXN|91624,NEXN,91624
gene_11806,NF1P1|440225,NF1P1,440225
gene_11807,NF1|4763,NF1,4763
gene_11808,NF2|4771,NF2,4771
gene_11809,NFAM1|150372,NFAM1,150372
gene_11810,NFASC|23114,NFASC,23114
gene_11811,NFAT5|10725,NFAT5,10725
gene_11812,NFATC1|4772,NFATC1,4772
gene_11813,NFATC2IP|84901,NFATC2IP,84901
gene_11814,NFATC2|4773,NFATC2,4773
gene_11815,NFATC3|4775,NFATC3,4775
gene_11816,NFATC4|4776,NFATC4,4776
gene_11817,NFE2L1|4779,NFE2L1,4779
gene_11818,NFE2L2|4780,NFE2L2,4780
gene_11819,NFE2L3|9603,NFE2L3,9603
gene_11820,NFE2|4778,NFE2,4778
gene_11821,NFIA|4774,NFIA,4774
gene_11822,NFIB|4781,NFIB,4781
gene_11823,NFIC|4782,NFIC,4782
gene_11824,NFIL3|4783,NFIL3,4783
gene_11825,NFIX|4784,NFIX,4784
gene_11826,NFKB1|4790,NFKB1,4790
gene_11827,NFKB2|4791,NFKB2,4791
gene_11828,NFKBIA|4792,NFKBIA,4792
gene_11829,NFKBIB|4793,NFKBIB,4793
gene_11830,NFKBID|84807,NFKBID,84807
gene_11831,NFKBIE|4794,NFKBIE,4794
gene_11832,NFKBIL1|4795,NFKBIL1,4795
gene_11833,NFKBIL2|4796,NFKBIL2,4796
gene_11834,NFKBIZ|64332,NFKBIZ,64332
gene_11835,NFRKB|4798,NFRKB,4798
gene_11836,NFS1|9054,NFS1,9054
gene_11837,NFU1|27247,NFU1,27247
gene_11838,NFX1|4799,NFX1,4799
gene_11839,NFXL1|152518,NFXL1,152518
gene_11840,NFYA|4800,NFYA,4800
gene_11841,NFYB|4801,NFYB,4801
gene_11842,NFYC|4802,NFYC,4802
gene_11843,NGB|58157,NGB,58157
gene_11844,NGDN|25983,NGDN,25983
gene_11845,NGEF|25791,NGEF,25791
gene_11846,NGFRAP1|27018,NGFRAP1,27018
gene_11847,NGFR|4804,NGFR,4804
gene_11848,NGF|4803,NGF,4803
gene_11849,NGLY1|55768,NGLY1,55768
gene_11850,NGRN|51335,NGRN,51335
gene_11851,NHEDC1|150159,NHEDC1,150159
gene_11852,NHEDC2|133308,NHEDC2,133308
gene_11853,NHEG1|100294720,NHEG1,100294720
gene_11854,NHEJ1|79840,NHEJ1,79840
gene_11855,NHLH1|4807,NHLH1,4807
gene_11856,NHLH2|4808,NHLH2,4808
gene_11857,NHLRC1|378884,NHLRC1,378884
gene_11858,NHLRC2|374354,NHLRC2,374354
gene_11859,NHLRC3|387921,NHLRC3,387921
gene_11860,NHLRC4|283948,NHLRC4,283948
gene_11861,NHP2L1|4809,NHP2L1,4809
gene_11862,NHP2|55651,NHP2,55651
gene_11863,NHSL1|57224,NHSL1,57224
gene_11864,NHSL2|340527,NHSL2,340527
gene_11865,NHS|4810,NHS,4810
gene_11866,NICN1|84276,NICN1,84276
gene_11867,NID1|4811,NID1,4811
gene_11868,NID2|22795,NID2,22795
gene_11869,NIF3L1|60491,NIF3L1,60491
gene_11870,NINJ1|4814,NINJ1,4814
gene_11871,NINJ2|4815,NINJ2,4815
gene_11872,NINL|22981,NINL,22981
gene_11873,NIN|51199,NIN,51199
gene_11874,NIP7|51388,NIP7,51388
gene_11875,NIPA1|123606,NIPA1,123606
gene_11876,NIPA2|81614,NIPA2,81614
gene_11877,NIPAL1|152519,NIPAL1,152519
gene_11878,NIPAL2|79815,NIPAL2,79815
gene_11879,NIPAL3|57185,NIPAL3,57185
gene_11880,NIPAL4|348938,NIPAL4,348938
gene_11881,NIPBL|25836,NIPBL,25836
gene_11882,NIPSNAP1|8508,NIPSNAP1,8508
gene_11883,NIPSNAP3A|25934,NIPSNAP3A,25934
gene_11884,NIPSNAP3B|55335,NIPSNAP3B,55335
gene_11885,NISCH|11188,NISCH,11188
gene_11886,NIT1|4817,NIT1,4817
gene_11887,NIT2|56954,NIT2,56954
gene_11888,NKAIN1|79570,NKAIN1,79570
gene_11889,NKAIN2|154215,NKAIN2,154215
gene_11890,NKAIN3|286183,NKAIN3,286183
gene_11891,NKAIN4|128414,NKAIN4,128414
gene_11892,NKAPL|222698,NKAPL,222698
gene_11893,NKAP|79576,NKAP,79576
gene_11894,NKD1|85407,NKD1,85407
gene_11895,NKD2|85409,NKD2,85409
gene_11896,NKG7|4818,NKG7,4818
gene_11897,NKIRAS1|28512,NKIRAS1,28512
gene_11898,NKIRAS2|28511,NKIRAS2,28511
gene_11899,NKPD1|284353,NKPD1,284353
gene_11900,NKRF|55922,NKRF,55922
gene_11901,NKTR|4820,NKTR,4820
gene_11902,NKX1-2|390010,NKX1-2,390010
gene_11903,NKX2-1|7080,NKX2-1,7080
gene_11904,NKX2-2|4821,NKX2-2,4821
gene_11905,NKX2-3|159296,NKX2-3,159296
gene_11906,NKX2-4|644524,NKX2-4,644524
gene_11907,NKX2-5|1482,NKX2-5,1482
gene_11908,NKX2-6|137814,NKX2-6,137814
gene_11909,NKX2-8|26257,NKX2-8,26257
gene_11910,NKX3-1|4824,NKX3-1,4824
gene_11911,NKX3-2|579,NKX3-2,579
gene_11912,NKX6-1|4825,NKX6-1,4825
gene_11913,NKX6-2|84504,NKX6-2,84504
gene_11914,NKX6-3|157848,NKX6-3,157848
gene_11915,NLE1|54475,NLE1,54475
gene_11916,NLGN1|22871,NLGN1,22871
gene_11917,NLGN2|57555,NLGN2,57555
gene_11918,NLGN3|54413,NLGN3,54413
gene_11919,NLGN4X|57502,NLGN4X,57502
gene_11920,NLGN4Y|22829,NLGN4Y,22829
gene_11921,NLK|51701,NLK,51701
gene_11922,NLN|57486,NLN,57486
gene_11923,NLRC3|197358,NLRC3,197358
gene_11924,NLRC4|58484,NLRC4,58484
gene_11925,NLRC5|84166,NLRC5,84166
gene_11926,NLRP10|338322,NLRP10,338322
gene_11927,NLRP11|204801,NLRP11,204801
gene_11928,NLRP12|91662,NLRP12,91662
gene_11929,NLRP13|126204,NLRP13,126204
gene_11930,NLRP14|338323,NLRP14,338323
gene_11931,NLRP1|22861,NLRP1,22861
gene_11932,NLRP2|55655,NLRP2,55655
gene_11933,NLRP3|114548,NLRP3,114548
gene_11934,NLRP4|147945,NLRP4,147945
gene_11935,NLRP5|126206,NLRP5,126206
gene_11936,NLRP6|171389,NLRP6,171389
gene_11937,NLRP7|199713,NLRP7,199713
gene_11938,NLRP8|126205,NLRP8,126205
gene_11939,NLRP9|338321,NLRP9,338321
gene_11940,NLRX1|79671,NLRX1,79671
gene_11941,NMBR|4829,NMBR,4829
gene_11942,NMB|4828,NMB,4828
gene_11943,NMD3|51068,NMD3,51068
gene_11944,NME1-NME2|654364,NME1-NME2,654364
gene_11945,NME1|4830,NME1,4830
gene_11946,NME2P1|283458,NME2P1,283458
gene_11947,NME2|4831,NME2,4831
gene_11948,NME3|4832,NME3,4832
gene_11949,NME4|4833,NME4,4833
gene_11950,NME5|8382,NME5,8382
gene_11951,NME6|10201,NME6,10201
gene_11952,NME7|29922,NME7,29922
gene_11953,NMI|9111,NMI,9111
gene_11954,NMNAT1|64802,NMNAT1,64802
gene_11955,NMNAT2|23057,NMNAT2,23057
gene_11956,NMNAT3|349565,NMNAT3,349565
gene_11957,NMRAL1|57407,NMRAL1,57407
gene_11958,NMS|129521,NMS,129521
gene_11959,NMT1|4836,NMT1,4836
gene_11960,NMT2|9397,NMT2,9397
gene_11961,NMUR1|10316,NMUR1,10316
gene_11962,NMUR2|56923,NMUR2,56923
gene_11963,NMU|10874,NMU,10874
gene_11964,NNAT|4826,NNAT,4826
gene_11965,NNMT|4837,NNMT,4837
gene_11966,NNT|23530,NNT,23530
gene_11967,NOB1|28987,NOB1,28987
gene_11968,NOBOX|135935,NOBOX,135935
gene_11969,NOC2L|26155,NOC2L,26155
gene_11970,NOC3L|64318,NOC3L,64318
gene_11971,NOC4L|79050,NOC4L,79050
gene_11972,NOD1|10392,NOD1,10392
gene_11973,NOD2|64127,NOD2,64127
gene_11974,NODAL|4838,NODAL,4838
gene_11975,NOG|9241,NOG,9241
gene_11976,NOL10|79954,NOL10,79954
gene_11977,NOL11|25926,NOL11,25926
gene_11978,NOL12|79159,NOL12,79159
gene_11979,NOL3|8996,NOL3,8996
gene_11980,NOL4|8715,NOL4,8715
gene_11981,NOL6|65083,NOL6,65083
gene_11982,NOL7|51406,NOL7,51406
gene_11983,NOL8|55035,NOL8,55035
gene_11984,NOL9|79707,NOL9,79707
gene_11985,NOLC1|9221,NOLC1,9221
gene_11986,NOM1|64434,NOM1,64434
gene_11987,NOMO1|23420,NOMO1,23420
gene_11988,NOMO2|283820,NOMO2,283820
gene_11989,NOMO3|408050,NOMO3,408050
gene_11990,NONO|4841,NONO,4841
gene_11991,NOP10|55505,NOP10,55505
gene_11992,NOP14|8602,NOP14,8602
gene_11993,NOP16|51491,NOP16,51491
gene_11994,NOP2|4839,NOP2,4839
gene_11995,NOP56|10528,NOP56,10528
gene_11996,NOP58|51602,NOP58,51602
gene_11997,NOS1AP|9722,NOS1AP,9722
gene_11998,NOS1|4842,NOS1,4842
gene_11999,NOS2|4843,NOS2,4843
gene_12000,NOS3|4846,NOS3,4846
gene_12001,NOSIP|51070,NOSIP,51070
gene_12002,NOSTRIN|115677,NOSTRIN,115677
gene_12003,NOTCH1|4851,NOTCH1,4851
gene_12004,NOTCH2NL|388677,NOTCH2NL,388677
gene_12005,NOTCH2|4853,NOTCH2,4853
gene_12006,NOTCH3|4854,NOTCH3,4854
gene_12007,NOTCH4|4855,NOTCH4,4855
gene_12008,NOTO|344022,NOTO,344022
gene_12009,NOTUM|147111,NOTUM,147111
gene_12010,NOVA1|4857,NOVA1,4857
gene_12011,NOVA2|4858,NOVA2,4858
gene_12012,NOV|4856,NOV,4856
gene_12013,NOX1|27035,NOX1,27035
gene_12014,NOX3|50508,NOX3,50508
gene_12015,NOX4|50507,NOX4,50507
gene_12016,NOX5|79400,NOX5,79400
gene_12017,NOXA1|10811,NOXA1,10811
gene_12018,NOXO1|124056,NOXO1,124056
gene_12019,NPAS1|4861,NPAS1,4861
gene_12020,NPAS2|4862,NPAS2,4862
gene_12021,NPAS3|64067,NPAS3,64067
gene_12022,NPAS4|266743,NPAS4,266743
gene_12023,NPAT|4863,NPAT,4863
gene_12024,NPBWR1|2831,NPBWR1,2831
gene_12025,NPBWR2|2832,NPBWR2,2832
gene_12026,NPB|256933,NPB,256933
gene_12027,NPC1L1|29881,NPC1L1,29881
gene_12028,NPC1|4864,NPC1,4864
gene_12029,NPC2|10577,NPC2,10577
gene_12030,NPDC1|56654,NPDC1,56654
gene_12031,NPEPL1|79716,NPEPL1,79716
gene_12032,NPEPPS|9520,NPEPPS,9520
gene_12033,NPFFR1|64106,NPFFR1,64106
gene_12034,NPFFR2|10886,NPFFR2,10886
gene_12035,NPFF|8620,NPFF,8620
gene_12036,NPHP1|4867,NPHP1,4867
gene_12037,NPHP3|27031,NPHP3,27031
gene_12038,NPHP4|261734,NPHP4,261734
gene_12039,NPHS1|4868,NPHS1,4868
gene_12040,NPHS2|7827,NPHS2,7827
gene_12041,NPIPL3|23117,NPIPL3,23117
gene_12042,NPIP|9284,NPIP,9284
gene_12043,NPLOC4|55666,NPLOC4,55666
gene_12044,NPL|80896,NPL,80896
gene_12045,NPM1|4869,NPM1,4869
gene_12046,NPM2|10361,NPM2,10361
gene_12047,NPM3|10360,NPM3,10360
gene_12048,NPNT|255743,NPNT,255743
gene_12049,NPPA|4878,NPPA,4878
gene_12050,NPPB|4879,NPPB,4879
gene_12051,NPPC|4880,NPPC,4880
gene_12052,NPR1|4881,NPR1,4881
gene_12053,NPR2|4882,NPR2,4882
gene_12054,NPR3|4883,NPR3,4883
gene_12055,NPRL2|10641,NPRL2,10641
gene_12056,NPRL3|8131,NPRL3,8131
gene_12057,NPSR1|387129,NPSR1,387129
gene_12058,NPS|594857,NPS,594857
gene_12059,NPTN|27020,NPTN,27020
gene_12060,NPTX1|4884,NPTX1,4884
gene_12061,NPTX2|4885,NPTX2,4885
gene_12062,NPTXR|23467,NPTXR,23467
gene_12063,NPVF|64111,NPVF,64111
gene_12064,NPW|283869,NPW,283869
gene_12065,NPY1R|4886,NPY1R,4886
gene_12066,NPY2R|4887,NPY2R,4887
gene_12067,NPY5R|4889,NPY5R,4889
gene_12068,NPY6R|4888,NPY6R,4888
gene_12069,NPY|4852,NPY,4852
gene_12070,NQO1|1728,NQO1,1728
gene_12071,NQO2|4835,NQO2,4835
gene_12072,NR0B1|190,NR0B1,190
gene_12073,NR0B2|8431,NR0B2,8431
gene_12074,NR1D1|9572,NR1D1,9572
gene_12075,NR1D2|9975,NR1D2,9975
gene_12076,NR1H2|7376,NR1H2,7376
gene_12077,NR1H3|10062,NR1H3,10062
gene_12078,NR1H4|9971,NR1H4,9971
gene_12079,NR1I2|8856,NR1I2,8856
gene_12080,NR1I3|9970,NR1I3,9970
gene_12081,NR2C1|7181,NR2C1,7181
gene_12082,NR2C2AP|126382,NR2C2AP,126382
gene_12083,NR2C2|7182,NR2C2,7182
gene_12084,NR2E1|7101,NR2E1,7101
gene_12085,NR2E3|10002,NR2E3,10002
gene_12086,NR2F1|7025,NR2F1,7025
gene_12087,NR2F2|7026,NR2F2,7026
gene_12088,NR2F6|2063,NR2F6,2063
gene_12089,NR3C1|2908,NR3C1,2908
gene_12090,NR3C2|4306,NR3C2,4306
gene_12091,NR4A1|3164,NR4A1,3164
gene_12092,NR4A2|4929,NR4A2,4929
gene_12093,NR4A3|8013,NR4A3,8013
gene_12094,NR5A1|2516,NR5A1,2516
gene_12095,NR5A2|2494,NR5A2,2494
gene_12096,NR6A1|2649,NR6A1,2649
gene_12097,NRADDP|100129354,NRADDP,100129354
gene_12098,NRAP|4892,NRAP,4892
gene_12099,NRARP|441478,NRARP,441478
gene_12100,NRAS|4893,NRAS,4893
gene_12101,NRBF2|29982,NRBF2,29982
gene_12102,NRBP1|29959,NRBP1,29959
gene_12103,NRBP2|340371,NRBP2,340371
gene_12104,NRCAM|4897,NRCAM,4897
gene_12105,NRD1|4898,NRD1,4898
gene_12106,NRF1|4899,NRF1,4899
gene_12107,NRG1|3084,NRG1,3084
gene_12108,NRG2|9542,NRG2,9542
gene_12109,NRG3|10718,NRG3,10718
gene_12110,NRG4|145957,NRG4,145957
gene_12111,NRGN|4900,NRGN,4900
gene_12112,NRIP1|8204,NRIP1,8204
gene_12113,NRIP2|83714,NRIP2,83714
gene_12114,NRIP3|56675,NRIP3,56675
gene_12115,NRK|203447,NRK,203447
gene_12116,NRL|4901,NRL,4901
gene_12117,NRM|11270,NRM,11270
gene_12118,NRN1L|123904,NRN1L,123904
gene_12119,NRN1|51299,NRN1,51299
gene_12120,NRP1|8829,NRP1,8829
gene_12121,NRP2|8828,NRP2,8828
gene_12122,NRSN1|140767,NRSN1,140767
gene_12123,NRSN2|80023,NRSN2,80023
gene_12124,NRTN|4902,NRTN,4902
gene_12125,NRXN1|9378,NRXN1,9378
gene_12126,NRXN2|9379,NRXN2,9379
gene_12127,NRXN3|9369,NRXN3,9369
gene_12128,NSA2|10412,NSA2,10412
gene_12129,NSD1|64324,NSD1,64324
gene_12130,NSDHL|50814,NSDHL,50814
gene_12131,NSFL1C|55968,NSFL1C,55968
gene_12132,NSF|4905,NSF,4905
gene_12133,NSL1|25936,NSL1,25936
gene_12134,NSMAF|8439,NSMAF,8439
gene_12135,NSMCE1|197370,NSMCE1,197370
gene_12136,NSMCE2|286053,NSMCE2,286053
gene_12137,NSMCE4A|54780,NSMCE4A,54780
gene_12138,NSUN2|54888,NSUN2,54888
gene_12139,NSUN3|63899,NSUN3,63899
gene_12140,NSUN4|387338,NSUN4,387338
gene_12141,NSUN5P1|155400,NSUN5P1,155400
gene_12142,NSUN5P2|260294,NSUN5P2,260294
gene_12143,NSUN5|55695,NSUN5,55695
gene_12144,NSUN6|221078,NSUN6,221078
gene_12145,NSUN7|79730,NSUN7,79730
gene_12146,NT5C1A|84618,NT5C1A,84618
gene_12147,NT5C1B|93034,NT5C1B,93034
gene_12148,NT5C2|22978,NT5C2,22978
gene_12149,NT5C3L|115024,NT5C3L,115024
gene_12150,NT5C3|51251,NT5C3,51251
gene_12151,NT5C|30833,NT5C,30833
gene_12152,NT5DC1|221294,NT5DC1,221294
gene_12153,NT5DC2|64943,NT5DC2,64943
gene_12154,NT5DC3|51559,NT5DC3,51559
gene_12155,NT5E|4907,NT5E,4907
gene_12156,NT5M|56953,NT5M,56953
gene_12157,NTAN1|123803,NTAN1,123803
gene_12158,NTF3|4908,NTF3,4908
gene_12159,NTF4|4909,NTF4,4909
gene_12160,NTHL1|4913,NTHL1,4913
gene_12161,NTM|50863,NTM,50863
gene_12162,NTN1|9423,NTN1,9423
gene_12163,NTN3|4917,NTN3,4917
gene_12164,NTN4|59277,NTN4,59277
gene_12165,NTN5|126147,NTN5,126147
gene_12166,NTNG1|22854,NTNG1,22854
gene_12167,NTNG2|84628,NTNG2,84628
gene_12168,NTRK1|4914,NTRK1,4914
gene_12169,NTRK2|4915,NTRK2,4915
gene_12170,NTRK3|4916,NTRK3,4916
gene_12171,NTSR1|4923,NTSR1,4923
gene_12172,NTSR2|23620,NTSR2,23620
gene_12173,NTS|4922,NTS,4922
gene_12174,NUAK1|9891,NUAK1,9891
gene_12175,NUAK2|81788,NUAK2,81788
gene_12176,NUB1|51667,NUB1,51667
gene_12177,NUBP1|4682,NUBP1,4682
gene_12178,NUBP2|10101,NUBP2,10101
gene_12179,NUBPL|80224,NUBPL,80224
gene_12180,NUCB1|4924,NUCB1,4924
gene_12181,NUCB2|4925,NUCB2,4925
gene_12182,NUCKS1|64710,NUCKS1,64710
gene_12183,NUDCD1|84955,NUDCD1,84955
gene_12184,NUDCD2|134492,NUDCD2,134492
gene_12185,NUDCD3|23386,NUDCD3,23386
gene_12186,NUDC|10726,NUDC,10726
gene_12187,NUDT10|170685,NUDT10,170685
gene_12188,NUDT11|55190,NUDT11,55190
gene_12189,NUDT12|83594,NUDT12,83594
gene_12190,NUDT13|25961,NUDT13,25961
gene_12191,NUDT14|256281,NUDT14,256281
gene_12192,NUDT15|55270,NUDT15,55270
gene_12193,NUDT16L1|84309,NUDT16L1,84309
gene_12194,NUDT16P1|152195,NUDT16P1,152195
gene_12195,NUDT16|131870,NUDT16,131870
gene_12196,NUDT17|200035,NUDT17,200035
gene_12197,NUDT18|79873,NUDT18,79873
gene_12198,NUDT19|390916,NUDT19,390916
gene_12199,NUDT1|4521,NUDT1,4521
gene_12200,NUDT21|11051,NUDT21,11051
gene_12201,NUDT22|84304,NUDT22,84304
gene_12202,NUDT2|318,NUDT2,318
gene_12203,NUDT3|11165,NUDT3,11165
gene_12204,NUDT4|11163,NUDT4,11163
gene_12205,NUDT5|11164,NUDT5,11164
gene_12206,NUDT6|11162,NUDT6,11162
gene_12207,NUDT7|283927,NUDT7,283927
gene_12208,NUDT8|254552,NUDT8,254552
gene_12209,NUDT9P1|119369,NUDT9P1,119369
gene_12210,NUDT9|53343,NUDT9,53343
gene_12211,NUF2|83540,NUF2,83540
gene_12212,NUFIP1|26747,NUFIP1,26747
gene_12213,NUFIP2|57532,NUFIP2,57532
gene_12214,NUMA1|4926,NUMA1,4926
gene_12215,NUMBL|9253,NUMBL,9253
gene_12216,NUMB|8650,NUMB,8650
gene_12217,NUP107|57122,NUP107,57122
gene_12218,NUP133|55746,NUP133,55746
gene_12219,NUP153|9972,NUP153,9972
gene_12220,NUP155|9631,NUP155,9631
gene_12221,NUP160|23279,NUP160,23279
gene_12222,NUP188|23511,NUP188,23511
gene_12223,NUP205|23165,NUP205,23165
gene_12224,NUP210L|91181,NUP210L,91181
gene_12225,NUP210|23225,NUP210,23225
gene_12226,NUP214|8021,NUP214,8021
gene_12227,NUP35|129401,NUP35,129401
gene_12228,NUP37|79023,NUP37,79023
gene_12229,NUP43|348995,NUP43,348995
gene_12230,NUP50|10762,NUP50,10762
gene_12231,NUP54|53371,NUP54,53371
gene_12232,NUP62CL|54830,NUP62CL,54830
gene_12233,NUP62|23636,NUP62,23636
gene_12234,NUP85|79902,NUP85,79902
gene_12235,NUP88|4927,NUP88,4927
gene_12236,NUP93|9688,NUP93,9688
gene_12237,NUP98|4928,NUP98,4928
gene_12238,NUPL1|9818,NUPL1,9818
gene_12239,NUPL2|11097,NUPL2,11097
gene_12240,NUPR1|26471,NUPR1,26471
gene_12241,NUS1|116150,NUS1,116150
gene_12242,NUSAP1|51203,NUSAP1,51203
gene_12243,NUTF2|10204,NUTF2,10204
gene_12244,NVL|4931,NVL,4931
gene_12245,NWD1|284434,NWD1,284434
gene_12246,NXF1|10482,NXF1,10482
gene_12247,NXF2B|728343,NXF2B,728343
gene_12248,NXF2|56001,NXF2,56001
gene_12249,NXF3|56000,NXF3,56000
gene_12250,NXF4|55999,NXF4,55999
gene_12251,NXF5|55998,NXF5,55998
gene_12252,NXNL1|115861,NXNL1,115861
gene_12253,NXNL2|158046,NXNL2,158046
gene_12254,NXN|64359,NXN,64359
gene_12255,NXPH1|30010,NXPH1,30010
gene_12256,NXPH2|11249,NXPH2,11249
gene_12257,NXPH3|11248,NXPH3,11248
gene_12258,NXPH4|11247,NXPH4,11247
gene_12259,NXT1|29107,NXT1,29107
gene_12260,NXT2|55916,NXT2,55916
gene_12261,NYNRIN|57523,NYNRIN,57523
gene_12262,NYX|60506,NYX,60506
gene_12263,OAF|220323,OAF,220323
gene_12264,OAS1|4938,OAS1,4938
gene_12265,OAS2|4939,OAS2,4939
gene_12266,OAS3|4940,OAS3,4940
gene_12267,OASL|8638,OASL,8638
gene_12268,OAT|4942,OAT,4942
gene_12269,OAZ1|4946,OAZ1,4946
gene_12270,OAZ2|4947,OAZ2,4947
gene_12271,OAZ3|51686,OAZ3,51686
gene_12272,OBFC1|79991,OBFC1,79991
gene_12273,OBFC2A|64859,OBFC2A,64859
gene_12274,OBFC2B|79035,OBFC2B,79035
gene_12275,OBP2A|29991,OBP2A,29991
gene_12276,OBP2B|29989,OBP2B,29989
gene_12277,OBSCN|84033,OBSCN,84033
gene_12278,OBSL1|23363,OBSL1,23363
gene_12279,OC90|729330,OC90,729330
gene_12280,OCA2|4948,OCA2,4948
gene_12281,OCEL1|79629,OCEL1,79629
gene_12282,OCIAD1|54940,OCIAD1,54940
gene_12283,OCIAD2|132299,OCIAD2,132299
gene_12284,OCLM|10896,OCLM,10896
gene_12285,OCLN|4950,OCLN,4950
gene_12286,OCM2|4951,OCM2,4951
gene_12287,OCM|654231,OCM,654231
gene_12288,OCRL|4952,OCRL,4952
gene_12289,ODAM|54959,ODAM,54959
gene_12290,ODC1|4953,ODC1,4953
gene_12291,ODF1|4956,ODF1,4956
gene_12292,ODF2L|57489,ODF2L,57489
gene_12293,ODF2|4957,ODF2,4957
gene_12294,ODF3B|440836,ODF3B,440836
gene_12295,ODF3L1|161753,ODF3L1,161753
gene_12296,ODF3L2|284451,ODF3L2,284451
gene_12297,ODF3|113746,ODF3,113746
gene_12298,ODF4|146852,ODF4,146852
gene_12299,ODZ1|10178,ODZ1,10178
gene_12300,ODZ2|57451,ODZ2,57451
gene_12301,ODZ3|55714,ODZ3,55714
gene_12302,ODZ4|26011,ODZ4,26011
gene_12303,OFD1|8481,OFD1,8481
gene_12304,OGDHL|55753,OGDHL,55753
gene_12305,OGDH|4967,OGDH,4967
gene_12306,OGFOD1|55239,OGFOD1,55239
gene_12307,OGFOD2|79676,OGFOD2,79676
gene_12308,OGFRL1|79627,OGFRL1,79627
gene_12309,OGFR|11054,OGFR,11054
gene_12310,OGG1|4968,OGG1,4968
gene_12311,OGN|4969,OGN,4969
gene_12312,OGT|8473,OGT,8473
gene_12313,OIP5|11339,OIP5,11339
gene_12314,OIT3|170392,OIT3,170392
gene_12315,OLA1|29789,OLA1,29789
gene_12316,OLAH|55301,OLAH,55301
gene_12317,OLFM1|10439,OLFM1,10439
gene_12318,OLFM2|93145,OLFM2,93145
gene_12319,OLFM3|118427,OLFM3,118427
gene_12320,OLFM4|10562,OLFM4,10562
gene_12321,OLFML1|283298,OLFML1,283298
gene_12322,OLFML2A|169611,OLFML2A,169611
gene_12323,OLFML2B|25903,OLFML2B,25903
gene_12324,OLFML3|56944,OLFML3,56944
gene_12325,OLIG1|116448,OLIG1,116448
gene_12326,OLIG2|10215,OLIG2,10215
gene_12327,OLIG3|167826,OLIG3,167826
gene_12328,OLR1|4973,OLR1,4973
gene_12329,OMA1|115209,OMA1,115209
gene_12330,OMD|4958,OMD,4958
gene_12331,OMG|4974,OMG,4974
gene_12332,OMP|4975,OMP,4975
gene_12333,ONECUT1|3175,ONECUT1,3175
gene_12334,ONECUT2|9480,ONECUT2,9480
gene_12335,ONECUT3|390874,ONECUT3,390874
gene_12336,OOEP|441161,OOEP,441161
gene_12337,OPA1|4976,OPA1,4976
gene_12338,OPA3|80207,OPA3,80207
gene_12339,OPALIN|93377,OPALIN,93377
gene_12340,OPCML|4978,OPCML,4978
gene_12341,OPHN1|4983,OPHN1,4983
gene_12342,OPLAH|26873,OPLAH,26873
gene_12343,OPN1LW|5956,OPN1LW,5956
gene_12344,OPN1MW|2652,OPN1MW,2652
gene_12345,OPN1SW|611,OPN1SW,611
gene_12346,OPN3|23596,OPN3,23596
gene_12347,OPN4|94233,OPN4,94233
gene_12348,OPN5|221391,OPN5,221391
gene_12349,OPRD1|4985,OPRD1,4985
gene_12350,OPRK1|4986,OPRK1,4986
gene_12351,OPRL1|4987,OPRL1,4987
gene_12352,OPRM1|4988,OPRM1,4988
gene_12353,OPTC|26254,OPTC,26254
gene_12354,OPTN|10133,OPTN,10133
gene_12355,OR10A2|341276,OR10A2,341276
gene_12356,OR10A3|26496,OR10A3,26496
gene_12357,OR10A4|283297,OR10A4,283297
gene_12358,OR10A5|144124,OR10A5,144124
gene_12359,OR10A6|390093,OR10A6,390093
gene_12360,OR10A7|121364,OR10A7,121364
gene_12361,OR10AD1|121275,OR10AD1,121275
gene_12362,OR10AG1|282770,OR10AG1,282770
gene_12363,OR10C1|442194,OR10C1,442194
gene_12364,OR10G2|26534,OR10G2,26534
gene_12365,OR10G3|26533,OR10G3,26533
gene_12366,OR10G4|390264,OR10G4,390264
gene_12367,OR10G7|390265,OR10G7,390265
gene_12368,OR10G8|219869,OR10G8,219869
gene_12369,OR10G9|219870,OR10G9,219870
gene_12370,OR10H1|26539,OR10H1,26539
gene_12371,OR10H2|26538,OR10H2,26538
gene_12372,OR10H3|26532,OR10H3,26532
gene_12373,OR10H4|126541,OR10H4,126541
gene_12374,OR10H5|284433,OR10H5,284433
gene_12375,OR10J1|26476,OR10J1,26476
gene_12376,OR10J3|441911,OR10J3,441911
gene_12377,OR10J5|127385,OR10J5,127385
gene_12378,OR10K1|391109,OR10K1,391109
gene_12379,OR10K2|391107,OR10K2,391107
gene_12380,OR10P1|121130,OR10P1,121130
gene_12381,OR10Q1|219960,OR10Q1,219960
gene_12382,OR10R2|343406,OR10R2,343406
gene_12383,OR10S1|219873,OR10S1,219873
gene_12384,OR10T2|128360,OR10T2,128360
gene_12385,OR10V1|390201,OR10V1,390201
gene_12386,OR10W1|81341,OR10W1,81341
gene_12387,OR10X1|128367,OR10X1,128367
gene_12388,OR10Z1|128368,OR10Z1,128368
gene_12389,OR11A1|26531,OR11A1,26531
gene_12390,OR11G2|390439,OR11G2,390439
gene_12391,OR11H12|440153,OR11H12,440153
gene_12392,OR11H1|81061,OR11H1,81061
gene_12393,OR11H4|390442,OR11H4,390442
gene_12394,OR11H6|122748,OR11H6,122748
gene_12395,OR11L1|391189,OR11L1,391189
gene_12396,OR12D2|26529,OR12D2,26529
gene_12397,OR12D3|81797,OR12D3,81797
gene_12398,OR13A1|79290,OR13A1,79290
gene_12399,OR13C2|392376,OR13C2,392376
gene_12400,OR13C3|138803,OR13C3,138803
gene_12401,OR13C4|138804,OR13C4,138804
gene_12402,OR13C5|138799,OR13C5,138799
gene_12403,OR13C8|138802,OR13C8,138802
gene_12404,OR13C9|286362,OR13C9,286362
gene_12405,OR13D1|286365,OR13D1,286365
gene_12406,OR13F1|138805,OR13F1,138805
gene_12407,OR13G1|441933,OR13G1,441933
gene_12408,OR13H1|347468,OR13H1,347468
gene_12409,OR13J1|392309,OR13J1,392309
gene_12410,OR14A16|284532,OR14A16,284532
gene_12411,OR14C36|127066,OR14C36,127066
gene_12412,OR14I1|401994,OR14I1,401994
gene_12413,OR14J1|442191,OR14J1,442191
gene_12414,OR1A1|8383,OR1A1,8383
gene_12415,OR1A2|26189,OR1A2,26189
gene_12416,OR1B1|347169,OR1B1,347169
gene_12417,OR1C1|26188,OR1C1,26188
gene_12418,OR1D2|4991,OR1D2,4991
gene_12419,OR1D4|8385,OR1D4,8385
gene_12420,OR1E1|8387,OR1E1,8387
gene_12421,OR1E2|8388,OR1E2,8388
gene_12422,OR1F1|4992,OR1F1,4992
gene_12423,OR1F2P|26184,OR1F2P,26184
gene_12424,OR1G1|8390,OR1G1,8390
gene_12425,OR1I1|126370,OR1I1,126370
gene_12426,OR1J1|347168,OR1J1,347168
gene_12427,OR1J2|26740,OR1J2,26740
gene_12428,OR1J4|26219,OR1J4,26219
gene_12429,OR1K1|392392,OR1K1,392392
gene_12430,OR1L1|26737,OR1L1,26737
gene_12431,OR1L3|26735,OR1L3,26735
gene_12432,OR1L4|254973,OR1L4,254973
gene_12433,OR1L6|392390,OR1L6,392390
gene_12434,OR1L8|138881,OR1L8,138881
gene_12435,OR1M1|125963,OR1M1,125963
gene_12436,OR1N1|138883,OR1N1,138883
gene_12437,OR1N2|138882,OR1N2,138882
gene_12438,OR1Q1|158131,OR1Q1,158131
gene_12439,OR1S1|219959,OR1S1,219959
gene_12440,OR1S2|219958,OR1S2,219958
gene_12441,OR2A12|346525,OR2A12,346525
gene_12442,OR2A14|135941,OR2A14,135941
gene_12443,OR2A1|346528,OR2A1,346528
gene_12444,OR2A25|392138,OR2A25,392138
gene_12445,OR2A2|442361,OR2A2,442361
gene_12446,OR2A4|79541,OR2A4,79541
gene_12447,OR2A5|393046,OR2A5,393046
gene_12448,OR2A7|401427,OR2A7,401427
gene_12449,OR2A9P|441295,OR2A9P,441295
gene_12450,OR2AE1|81392,OR2AE1,81392
gene_12451,OR2AG1|144125,OR2AG1,144125
gene_12452,OR2AG2|338755,OR2AG2,338755
gene_12453,OR2AK2|391191,OR2AK2,391191
gene_12454,OR2AT4|341152,OR2AT4,341152
gene_12455,OR2B11|127623,OR2B11,127623
gene_12456,OR2B2|81697,OR2B2,81697
gene_12457,OR2B3|442184,OR2B3,442184
gene_12458,OR2B6|26212,OR2B6,26212
gene_12459,OR2C1|4993,OR2C1,4993
gene_12460,OR2C3|81472,OR2C3,81472
gene_12461,OR2D2|120776,OR2D2,120776
gene_12462,OR2D3|120775,OR2D3,120775
gene_12463,OR2F1|26211,OR2F1,26211
gene_12464,OR2F2|135948,OR2F2,135948
gene_12465,OR2G2|81470,OR2G2,81470
gene_12466,OR2G3|81469,OR2G3,81469
gene_12467,OR2G6|391211,OR2G6,391211
gene_12468,OR2H1|26716,OR2H1,26716
gene_12469,OR2H2|7932,OR2H2,7932
gene_12470,OR2J2|26707,OR2J2,26707
gene_12471,OR2J3|442186,OR2J3,442186
gene_12472,OR2K2|26248,OR2K2,26248
gene_12473,OR2L13|284521,OR2L13,284521
gene_12474,OR2L1P|26247,OR2L1P,26247
gene_12475,OR2L2|26246,OR2L2,26246
gene_12476,OR2L3|391192,OR2L3,391192
gene_12477,OR2L8|391190,OR2L8,391190
gene_12478,OR2M1P|388762,OR2M1P,388762
gene_12479,OR2M2|391194,OR2M2,391194
gene_12480,OR2M3|127062,OR2M3,127062
gene_12481,OR2M4|26245,OR2M4,26245
gene_12482,OR2M5|127059,OR2M5,127059
gene_12483,OR2M7|391196,OR2M7,391196
gene_12484,OR2S2|56656,OR2S2,56656
gene_12485,OR2T10|127069,OR2T10,127069
gene_12486,OR2T11|127077,OR2T11,127077
gene_12487,OR2T12|127064,OR2T12,127064
gene_12488,OR2T1|26696,OR2T1,26696
gene_12489,OR2T27|403239,OR2T27,403239
gene_12490,OR2T29|343563,OR2T29,343563
gene_12491,OR2T2|401992,OR2T2,401992
gene_12492,OR2T33|391195,OR2T33,391195
gene_12493,OR2T34|127068,OR2T34,127068
gene_12494,OR2T35|403244,OR2T35,403244
gene_12495,OR2T3|343173,OR2T3,343173
gene_12496,OR2T4|127074,OR2T4,127074
gene_12497,OR2T5|401993,OR2T5,401993
gene_12498,OR2T6|254879,OR2T6,254879
gene_12499,OR2T8|343172,OR2T8,343172
gene_12500,OR2V2|285659,OR2V2,285659
gene_12501,OR2W1|26692,OR2W1,26692
gene_12502,OR2W3|343171,OR2W3,343171
gene_12503,OR2W5|441932,OR2W5,441932
gene_12504,OR2Y1|134083,OR2Y1,134083
gene_12505,OR2Z1|284383,OR2Z1,284383
gene_12506,OR3A1|4994,OR3A1,4994
gene_12507,OR3A2|4995,OR3A2,4995
gene_12508,OR3A3|8392,OR3A3,8392
gene_12509,OR3A4|390756,OR3A4,390756
gene_12510,OR4A15|81328,OR4A15,81328
gene_12511,OR4A16|81327,OR4A16,81327
gene_12512,OR4A47|403253,OR4A47,403253
gene_12513,OR4A5|81318,OR4A5,81318
gene_12514,OR4B1|119765,OR4B1,119765
gene_12515,OR4C11|219429,OR4C11,219429
gene_12516,OR4C12|283093,OR4C12,283093
gene_12517,OR4C13|283092,OR4C13,283092
gene_12518,OR4C15|81309,OR4C15,81309
gene_12519,OR4C16|219428,OR4C16,219428
gene_12520,OR4C3|256144,OR4C3,256144
gene_12521,OR4C45|403257,OR4C45,403257
gene_12522,OR4C46|119749,OR4C46,119749
gene_12523,OR4C6|219432,OR4C6,219432
gene_12524,OR4D10|390197,OR4D10,390197
gene_12525,OR4D11|219986,OR4D11,219986
gene_12526,OR4D1|26689,OR4D1,26689
gene_12527,OR4D2|124538,OR4D2,124538
gene_12528,OR4D5|219875,OR4D5,219875
gene_12529,OR4D6|219983,OR4D6,219983
gene_12530,OR4D9|390199,OR4D9,390199
gene_12531,OR4E2|26686,OR4E2,26686
gene_12532,OR4F15|390649,OR4F15,390649
gene_12533,OR4F17|81099,OR4F17,81099
gene_12534,OR4F21|441308,OR4F21,441308
gene_12535,OR4F29|729759,OR4F29,729759
gene_12536,OR4F4|26682,OR4F4,26682
gene_12537,OR4F5|79501,OR4F5,79501
gene_12538,OR4F6|390648,OR4F6,390648
gene_12539,OR4K13|390433,OR4K13,390433
gene_12540,OR4K14|122740,OR4K14,122740
gene_12541,OR4K15|81127,OR4K15,81127
gene_12542,OR4K17|390436,OR4K17,390436
gene_12543,OR4K1|79544,OR4K1,79544
gene_12544,OR4K2|390431,OR4K2,390431
gene_12545,OR4K5|79317,OR4K5,79317
gene_12546,OR4L1|122742,OR4L1,122742
gene_12547,OR4M1|441670,OR4M1,441670
gene_12548,OR4M2|390538,OR4M2,390538
gene_12549,OR4N2|390429,OR4N2,390429
gene_12550,OR4N3P|390539,OR4N3P,390539
gene_12551,OR4N4|283694,OR4N4,283694
gene_12552,OR4N5|390437,OR4N5,390437
gene_12553,OR4P4|81300,OR4P4,81300
gene_12554,OR4Q3|441669,OR4Q3,441669
gene_12555,OR4S1|256148,OR4S1,256148
gene_12556,OR4S2|219431,OR4S2,219431
gene_12557,OR4X1|390113,OR4X1,390113
gene_12558,OR4X2|119764,OR4X2,119764
gene_12559,OR51A2|401667,OR51A2,401667
gene_12560,OR51A4|401666,OR51A4,401666
gene_12561,OR51A7|119687,OR51A7,119687
gene_12562,OR51B2|79345,OR51B2,79345
gene_12563,OR51B4|79339,OR51B4,79339
gene_12564,OR51B5|282763,OR51B5,282763
gene_12565,OR51B6|390058,OR51B6,390058
gene_12566,OR51D1|390038,OR51D1,390038
gene_12567,OR51E1|143503,OR51E1,143503
gene_12568,OR51E2|81285,OR51E2,81285
gene_12569,OR51F1|256892,OR51F1,256892
gene_12570,OR51F2|119694,OR51F2,119694
gene_12571,OR51G1|79324,OR51G1,79324
gene_12572,OR51G2|81282,OR51G2,81282
gene_12573,OR51I1|390063,OR51I1,390063
gene_12574,OR51I2|390064,OR51I2,390064
gene_12575,OR51L1|119682,OR51L1,119682
gene_12576,OR51M1|390059,OR51M1,390059
gene_12577,OR51Q1|390061,OR51Q1,390061
gene_12578,OR51S1|119692,OR51S1,119692
gene_12579,OR51T1|401665,OR51T1,401665
gene_12580,OR51V1|283111,OR51V1,283111
gene_12581,OR52A1|23538,OR52A1,23538
gene_12582,OR52A4|390053,OR52A4,390053
gene_12583,OR52A5|390054,OR52A5,390054
gene_12584,OR52B2|255725,OR52B2,255725
gene_12585,OR52B4|143496,OR52B4,143496
gene_12586,OR52B6|340980,OR52B6,340980
gene_12587,OR52D1|390066,OR52D1,390066
gene_12588,OR52E2|119678,OR52E2,119678
gene_12589,OR52E4|390081,OR52E4,390081
gene_12590,OR52E6|390078,OR52E6,390078
gene_12591,OR52E8|390079,OR52E8,390079
gene_12592,OR52H1|390067,OR52H1,390067
gene_12593,OR52I1|390037,OR52I1,390037
gene_12594,OR52I2|143502,OR52I2,143502
gene_12595,OR52J3|119679,OR52J3,119679
gene_12596,OR52K1|390036,OR52K1,390036
gene_12597,OR52K2|119774,OR52K2,119774
gene_12598,OR52L1|338751,OR52L1,338751
gene_12599,OR52M1|119772,OR52M1,119772
gene_12600,OR52N1|79473,OR52N1,79473
gene_12601,OR52N2|390077,OR52N2,390077
gene_12602,OR52N4|390072,OR52N4,390072
gene_12603,OR52N5|390075,OR52N5,390075
gene_12604,OR52R1|119695,OR52R1,119695
gene_12605,OR52W1|120787,OR52W1,120787
gene_12606,OR56A1|120796,OR56A1,120796
gene_12607,OR56A3|390083,OR56A3,390083
gene_12608,OR56A4|120793,OR56A4,120793
gene_12609,OR56A5|390084,OR56A5,390084
gene_12610,OR56B1|387748,OR56B1,387748
gene_12611,OR56B4|196335,OR56B4,196335
gene_12612,OR5A1|219982,OR5A1,219982
gene_12613,OR5A2|219981,OR5A2,219981
gene_12614,OR5AC2|81050,OR5AC2,81050
gene_12615,OR5AK2|390181,OR5AK2,390181
gene_12616,OR5AN1|390195,OR5AN1,390195
gene_12617,OR5AP2|338675,OR5AP2,338675
gene_12618,OR5AR1|219493,OR5AR1,219493
gene_12619,OR5AS1|219447,OR5AS1,219447
gene_12620,OR5AU1|390445,OR5AU1,390445
gene_12621,OR5B12|390191,OR5B12,390191
gene_12622,OR5B17|219965,OR5B17,219965
gene_12623,OR5B21|219968,OR5B21,219968
gene_12624,OR5B2|390190,OR5B2,390190
gene_12625,OR5B3|441608,OR5B3,441608
gene_12626,OR5C1|392391,OR5C1,392391
gene_12627,OR5D13|390142,OR5D13,390142
gene_12628,OR5D14|219436,OR5D14,219436
gene_12629,OR5D16|390144,OR5D16,390144
gene_12630,OR5D18|219438,OR5D18,219438
gene_12631,OR5E1P|26343,OR5E1P,26343
gene_12632,OR5F1|338674,OR5F1,338674
gene_12633,OR5H14|403273,OR5H14,403273
gene_12634,OR5H15|403274,OR5H15,403274
gene_12635,OR5H1|26341,OR5H1,26341
gene_12636,OR5H2|79310,OR5H2,79310
gene_12637,OR5H6|79295,OR5H6,79295
gene_12638,OR5I1|10798,OR5I1,10798
gene_12639,OR5J2|282775,OR5J2,282775
gene_12640,OR5K1|26339,OR5K1,26339
gene_12641,OR5K2|402135,OR5K2,402135
gene_12642,OR5K3|403277,OR5K3,403277
gene_12643,OR5K4|403278,OR5K4,403278
gene_12644,OR5L1|219437,OR5L1,219437
gene_12645,OR5L2|26338,OR5L2,26338
gene_12646,OR5M10|390167,OR5M10,390167
gene_12647,OR5M11|219487,OR5M11,219487
gene_12648,OR5M1|390168,OR5M1,390168
gene_12649,OR5M3|219482,OR5M3,219482
gene_12650,OR5M8|219484,OR5M8,219484
gene_12651,OR5M9|390162,OR5M9,390162
gene_12652,OR5P2|120065,OR5P2,120065
gene_12653,OR5P3|120066,OR5P3,120066
gene_12654,OR5R1|219479,OR5R1,219479
gene_12655,OR5T1|390155,OR5T1,390155
gene_12656,OR5T2|219464,OR5T2,219464
gene_12657,OR5T3|390154,OR5T3,390154
gene_12658,OR5V1|81696,OR5V1,81696
gene_12659,OR5W2|390148,OR5W2,390148
gene_12660,OR6A2|8590,OR6A2,8590
gene_12661,OR6B1|135946,OR6B1,135946
gene_12662,OR6B2|389090,OR6B2,389090
gene_12663,OR6B3|150681,OR6B3,150681
gene_12664,OR6C1|390321,OR6C1,390321
gene_12665,OR6C2|341416,OR6C2,341416
gene_12666,OR6C3|254786,OR6C3,254786
gene_12667,OR6C4|341418,OR6C4,341418
gene_12668,OR6C65|403282,OR6C65,403282
gene_12669,OR6C68|403284,OR6C68,403284
gene_12670,OR6C6|283365,OR6C6,283365
gene_12671,OR6C70|390327,OR6C70,390327
gene_12672,OR6C74|254783,OR6C74,254783
gene_12673,OR6C75|390323,OR6C75,390323
gene_12674,OR6C76|390326,OR6C76,390326
gene_12675,OR6F1|343169,OR6F1,343169
gene_12676,OR6K2|81448,OR6K2,81448
gene_12677,OR6K3|391114,OR6K3,391114
gene_12678,OR6K6|128371,OR6K6,128371
gene_12679,OR6M1|390261,OR6M1,390261
gene_12680,OR6N1|128372,OR6N1,128372
gene_12681,OR6N2|81442,OR6N2,81442
gene_12682,OR6P1|128366,OR6P1,128366
gene_12683,OR6Q1|219952,OR6Q1,219952
gene_12684,OR6S1|341799,OR6S1,341799
gene_12685,OR6T1|219874,OR6T1,219874
gene_12686,OR6V1|346517,OR6V1,346517
gene_12687,OR6W1P|89883,OR6W1P,89883
gene_12688,OR6X1|390260,OR6X1,390260
gene_12689,OR6Y1|391112,OR6Y1,391112
gene_12690,OR7A10|390892,OR7A10,390892
gene_12691,OR7A17|26333,OR7A17,26333
gene_12692,OR7A5|26659,OR7A5,26659
gene_12693,OR7C1|26664,OR7C1,26664
gene_12694,OR7C2|26658,OR7C2,26658
gene_12695,OR7D2|162998,OR7D2,162998
gene_12696,OR7D4|125958,OR7D4,125958
gene_12697,OR7E156P|283491,OR7E156P,283491
gene_12698,OR7E24|26648,OR7E24,26648
gene_12699,OR7E37P|26636,OR7E37P,26636
gene_12700,OR7E5P|219445,OR7E5P,219445
gene_12701,OR7E91P|79315,OR7E91P,79315
gene_12702,OR7G1|125962,OR7G1,125962
gene_12703,OR7G2|390882,OR7G2,390882
gene_12704,OR7G3|390883,OR7G3,390883
gene_12705,OR8A1|390275,OR8A1,390275
gene_12706,OR8B12|219858,OR8B12,219858
gene_12707,OR8B2|26595,OR8B2,26595
gene_12708,OR8B3|390271,OR8B3,390271
gene_12709,OR8B4|283162,OR8B4,283162
gene_12710,OR8B8|26493,OR8B8,26493
gene_12711,OR8D1|283159,OR8D1,283159
gene_12712,OR8D2|283160,OR8D2,283160
gene_12713,OR8D4|338662,OR8D4,338662
gene_12714,OR8G2|26492,OR8G2,26492
gene_12715,OR8G5|219865,OR8G5,219865
gene_12716,OR8H1|219469,OR8H1,219469
gene_12717,OR8H2|390151,OR8H2,390151
gene_12718,OR8H3|390152,OR8H3,390152
gene_12719,OR8I2|120586,OR8I2,120586
gene_12720,OR8J1|219477,OR8J1,219477
gene_12721,OR8J3|81168,OR8J3,81168
gene_12722,OR8K1|390157,OR8K1,390157
gene_12723,OR8K3|219473,OR8K3,219473
gene_12724,OR8K5|219453,OR8K5,219453
gene_12725,OR8S1|341568,OR8S1,341568
gene_12726,OR8U1|219417,OR8U1,219417
gene_12727,OR9A2|135924,OR9A2,135924
gene_12728,OR9A4|130075,OR9A4,130075
gene_12729,OR9G4|283189,OR9G4,283189
gene_12730,OR9G9|504191,OR9G9,504191
gene_12731,OR9I1|219954,OR9I1,219954
gene_12732,OR9K2|441639,OR9K2,441639
gene_12733,OR9Q1|219956,OR9Q1,219956
gene_12734,OR9Q2|219957,OR9Q2,219957
gene_12735,ORAI1|84876,ORAI1,84876
gene_12736,ORAI2|80228,ORAI2,80228
gene_12737,ORAI3|93129,ORAI3,93129
gene_12738,ORAOV1|220064,ORAOV1,220064
gene_12739,ORC1L|4998,ORC1L,4998
gene_12740,ORC2L|4999,ORC2L,4999
gene_12741,ORC3L|23595,ORC3L,23595
gene_12742,ORC4L|5000,ORC4L,5000
gene_12743,ORC5L|5001,ORC5L,5001
gene_12744,ORC6L|23594,ORC6L,23594
gene_12745,ORM1|5004,ORM1,5004
gene_12746,ORM2|5005,ORM2,5005
gene_12747,ORMDL1|94101,ORMDL1,94101
gene_12748,ORMDL2|29095,ORMDL2,29095
gene_12749,ORMDL3|94103,ORMDL3,94103
gene_12750,OS9|10956,OS9,10956
gene_12751,OSBP2|23762,OSBP2,23762
gene_12752,OSBPL10|114884,OSBPL10,114884
gene_12753,OSBPL11|114885,OSBPL11,114885
gene_12754,OSBPL1A|114876,OSBPL1A,114876
gene_12755,OSBPL2|9885,OSBPL2,9885
gene_12756,OSBPL3|26031,OSBPL3,26031
gene_12757,OSBPL5|114879,OSBPL5,114879
gene_12758,OSBPL6|114880,OSBPL6,114880
gene_12759,OSBPL7|114881,OSBPL7,114881
gene_12760,OSBPL8|114882,OSBPL8,114882
gene_12761,OSBPL9|114883,OSBPL9,114883
gene_12762,OSBP|5007,OSBP,5007
gene_12763,OSCAR|126014,OSCAR,126014
gene_12764,OSCP1|127700,OSCP1,127700
gene_12765,OSGEPL1|64172,OSGEPL1,64172
gene_12766,OSGEP|55644,OSGEP,55644
gene_12767,OSGIN1|29948,OSGIN1,29948
gene_12768,OSGIN2|734,OSGIN2,734
gene_12769,OSMR|9180,OSMR,9180
gene_12770,OSM|5008,OSM,5008
gene_12771,OSR1|130497,OSR1,130497
gene_12772,OSR2|116039,OSR2,116039
gene_12773,OST4|100128731,OST4,100128731
gene_12774,OSTBETA|123264,OSTBETA,123264
gene_12775,OSTCL|202459,OSTCL,202459
gene_12776,OSTC|58505,OSTC,58505
gene_12777,OSTF1|26578,OSTF1,26578
gene_12778,OSTM1|28962,OSTM1,28962
gene_12779,OSTN|344901,OSTN,344901
gene_12780,OSTalpha|200931,OSTalpha,200931
gene_12781,OTC|5009,OTC,5009
gene_12782,OTOA|146183,OTOA,146183
gene_12783,OTOF|9381,OTOF,9381
gene_12784,OTOL1|131149,OTOL1,131149
gene_12785,OTOP1|133060,OTOP1,133060
gene_12786,OTOP2|92736,OTOP2,92736
gene_12787,OTOP3|347741,OTOP3,347741
gene_12788,OTOR|56914,OTOR,56914
gene_12789,OTOS|150677,OTOS,150677
gene_12790,OTP|23440,OTP,23440
gene_12791,OTUB1|55611,OTUB1,55611
gene_12792,OTUB2|78990,OTUB2,78990
gene_12793,OTUD1|220213,OTUD1,220213
gene_12794,OTUD3|23252,OTUD3,23252
gene_12795,OTUD4|54726,OTUD4,54726
gene_12796,OTUD5|55593,OTUD5,55593
gene_12797,OTUD6A|139562,OTUD6A,139562
gene_12798,OTUD6B|51633,OTUD6B,51633
gene_12799,OTUD7A|161725,OTUD7A,161725
gene_12800,OTUD7B|56957,OTUD7B,56957
gene_12801,OTX1|5013,OTX1,5013
gene_12802,OTX2|5015,OTX2,5015
gene_12803,OVCA2|124641,OVCA2,124641
gene_12804,OVCH1|341350,OVCH1,341350
gene_12805,OVCH2|341277,OVCH2,341277
gene_12806,OVGP1|5016,OVGP1,5016
gene_12807,OVOL1|5017,OVOL1,5017
gene_12808,OVOL2|58495,OVOL2,58495
gene_12809,OXA1L|5018,OXA1L,5018
gene_12810,OXCT1|5019,OXCT1,5019
gene_12811,OXCT2|64064,OXCT2,64064
gene_12812,OXER1|165140,OXER1,165140
gene_12813,OXGR1|27199,OXGR1,27199
gene_12814,OXNAD1|92106,OXNAD1,92106
gene_12815,OXR1|55074,OXR1,55074
gene_12816,OXSM|54995,OXSM,54995
gene_12817,OXSR1|9943,OXSR1,9943
gene_12818,OXTR|5021,OXTR,5021
gene_12819,OXT|5020,OXT,5020
gene_12820,P2RX1|5023,P2RX1,5023
gene_12821,P2RX2|22953,P2RX2,22953
gene_12822,P2RX3|5024,P2RX3,5024
gene_12823,P2RX4|5025,P2RX4,5025
gene_12824,P2RX5|5026,P2RX5,5026
gene_12825,P2RX6P|440799,P2RX6P,440799
gene_12826,P2RX6|9127,P2RX6,9127
gene_12827,P2RX7|5027,P2RX7,5027
gene_12828,P2RY10|27334,P2RY10,27334
gene_12829,P2RY11|5032,P2RY11,5032
gene_12830,P2RY12|64805,P2RY12,64805
gene_12831,P2RY13|53829,P2RY13,53829
gene_12832,P2RY14|9934,P2RY14,9934
gene_12833,P2RY1|5028,P2RY1,5028
gene_12834,P2RY2|5029,P2RY2,5029
gene_12835,P2RY4|5030,P2RY4,5030
gene_12836,P2RY6|5031,P2RY6,5031
gene_12837,P2RY8|286530,P2RY8,286530
gene_12838,P4HA1|5033,P4HA1,5033
gene_12839,P4HA2|8974,P4HA2,8974
gene_12840,P4HA3|283208,P4HA3,283208
gene_12841,P4HB|5034,P4HB,5034
gene_12842,P4HTM|54681,P4HTM,54681
gene_12843,P704P|641455,P704P,641455
gene_12844,PA2G4P4|647033,PA2G4P4,647033
gene_12845,PA2G4|5036,PA2G4,5036
gene_12846,PAAF1|80227,PAAF1,80227
gene_12847,PABPC1L2A|340529,PABPC1L2A,340529
gene_12848,PABPC1L2B|645974,PABPC1L2B,645974
gene_12849,PABPC1L|80336,PABPC1L,80336
gene_12850,PABPC1P2|728773,PABPC1P2,728773
gene_12851,PABPC1|26986,PABPC1,26986
gene_12852,PABPC3|5042,PABPC3,5042
gene_12853,PABPC4L|132430,PABPC4L,132430
gene_12854,PABPC4|8761,PABPC4,8761
gene_12855,PABPC5|140886,PABPC5,140886
gene_12856,PABPN1L|390748,PABPN1L,390748
gene_12857,PABPN1|8106,PABPN1,8106
gene_12858,PACRGL|133015,PACRGL,133015
gene_12859,PACRG|135138,PACRG,135138
gene_12860,PACS1|55690,PACS1,55690
gene_12861,PACS2|23241,PACS2,23241
gene_12862,PACSIN1|29993,PACSIN1,29993
gene_12863,PACSIN2|11252,PACSIN2,11252
gene_12864,PACSIN3|29763,PACSIN3,29763
gene_12865,PADI1|29943,PADI1,29943
gene_12866,PADI2|11240,PADI2,11240
gene_12867,PADI3|51702,PADI3,51702
gene_12868,PADI4|23569,PADI4,23569
gene_12869,PADI6|353238,PADI6,353238
gene_12870,PAEP|5047,PAEP,5047
gene_12871,PAF1|54623,PAF1,54623
gene_12872,PAFAH1B1|5048,PAFAH1B1,5048
gene_12873,PAFAH1B2|5049,PAFAH1B2,5049
gene_12874,PAFAH1B3|5050,PAFAH1B3,5050
gene_12875,PAFAH2|5051,PAFAH2,5051
gene_12876,PAG1|55824,PAG1,55824
gene_12877,PAGE1|8712,PAGE1,8712
gene_12878,PAGE2B|389860,PAGE2B,389860
gene_12879,PAGE2|203569,PAGE2,203569
gene_12880,PAGE3|139793,PAGE3,139793
gene_12881,PAGE4|9506,PAGE4,9506
gene_12882,PAGE5|90737,PAGE5,90737
gene_12883,PAH|5053,PAH,5053
gene_12884,PAICS|10606,PAICS,10606
gene_12885,PAIP1|10605,PAIP1,10605
gene_12886,PAIP2B|400961,PAIP2B,400961
gene_12887,PAIP2|51247,PAIP2,51247
gene_12888,PAK1IP1|55003,PAK1IP1,55003
gene_12889,PAK1|5058,PAK1,5058
gene_12890,PAK2|5062,PAK2,5062
gene_12891,PAK3|5063,PAK3,5063
gene_12892,PAK4|10298,PAK4,10298
gene_12893,PAK6|56924,PAK6,56924
gene_12894,PAK7|57144,PAK7,57144
gene_12895,PALB2|79728,PALB2,79728
gene_12896,PALLD|23022,PALLD,23022
gene_12897,PALM2-AKAP2|445815,PALM2-AKAP2,445815
gene_12898,PALM2|114299,PALM2,114299
gene_12899,PALM3|342979,PALM3,342979
gene_12900,PALMD|54873,PALMD,54873
gene_12901,PALM|5064,PALM,5064
gene_12902,PAMR1|25891,PAMR1,25891
gene_12903,PAM|5066,PAM,5066
gene_12904,PAN2|9924,PAN2,9924
gene_12905,PAN3|255967,PAN3,255967
gene_12906,PANK1|53354,PANK1,53354
gene_12907,PANK2|80025,PANK2,80025
gene_12908,PANK3|79646,PANK3,79646
gene_12909,PANK4|55229,PANK4,55229
gene_12910,PANX1|24145,PANX1,24145
gene_12911,PANX2|56666,PANX2,56666
gene_12912,PANX3|116337,PANX3,116337
gene_12913,PAOX|196743,PAOX,196743
gene_12914,PAPD4|167153,PAPD4,167153
gene_12915,PAPD5|64282,PAPD5,64282
gene_12916,PAPD7|11044,PAPD7,11044
gene_12917,PAPLN|89932,PAPLN,89932
gene_12918,PAPL|390928,PAPL,390928
gene_12919,PAPOLA|10914,PAPOLA,10914
gene_12920,PAPOLB|56903,PAPOLB,56903
gene_12921,PAPOLG|64895,PAPOLG,64895
gene_12922,PAPPA2|60676,PAPPA2,60676
gene_12923,PAPPA|5069,PAPPA,5069
gene_12924,PAPSS1|9061,PAPSS1,9061
gene_12925,PAPSS2|9060,PAPSS2,9060
gene_12926,PAQR3|152559,PAQR3,152559
gene_12927,PAQR4|124222,PAQR4,124222
gene_12928,PAQR5|54852,PAQR5,54852
gene_12929,PAQR6|79957,PAQR6,79957
gene_12930,PAQR7|164091,PAQR7,164091
gene_12931,PAQR8|85315,PAQR8,85315
gene_12932,PAQR9|344838,PAQR9,344838
gene_12933,PAR-SN|347746,PAR-SN,347746
gene_12934,PAR1|145624,PAR1,145624
gene_12935,PAR4|347745,PAR4,347745
gene_12936,PAR5|8123,PAR5,8123
gene_12937,PARD3B|117583,PARD3B,117583
gene_12938,PARD3|56288,PARD3,56288
gene_12939,PARD6A|50855,PARD6A,50855
gene_12940,PARD6B|84612,PARD6B,84612
gene_12941,PARD6G|84552,PARD6G,84552
gene_12942,PARG|8505,PARG,8505
gene_12943,PARK2|5071,PARK2,5071
gene_12944,PARK7|11315,PARK7,11315
gene_12945,PARL|55486,PARL,55486
gene_12946,PARM1|25849,PARM1,25849
gene_12947,PARN|5073,PARN,5073
gene_12948,PARP10|84875,PARP10,84875
gene_12949,PARP11|57097,PARP11,57097
gene_12950,PARP12|64761,PARP12,64761
gene_12951,PARP14|54625,PARP14,54625
gene_12952,PARP15|165631,PARP15,165631
gene_12953,PARP16|54956,PARP16,54956
gene_12954,PARP1|142,PARP1,142
gene_12955,PARP2|10038,PARP2,10038
gene_12956,PARP3|10039,PARP3,10039
gene_12957,PARP4|143,PARP4,143
gene_12958,PARP6|56965,PARP6,56965
gene_12959,PARP8|79668,PARP8,79668
gene_12960,PARP9|83666,PARP9,83666
gene_12961,PARS2|25973,PARS2,25973
gene_12962,PART1|25859,PART1,25859
gene_12963,PARVA|55742,PARVA,55742
gene_12964,PARVB|29780,PARVB,29780
gene_12965,PARVG|64098,PARVG,64098
gene_12966,PASD1|139135,PASD1,139135
gene_12967,PASK|23178,PASK,23178
gene_12968,PATE1|160065,PATE1,160065
gene_12969,PATE2|399967,PATE2,399967
gene_12970,PATE3|100169851,PATE3,100169851
gene_12971,PATE4|399968,PATE4,399968
gene_12972,PATL1|219988,PATL1,219988
gene_12973,PATL2|197135,PATL2,197135
gene_12974,PATZ1|23598,PATZ1,23598
gene_12975,PAWR|5074,PAWR,5074
gene_12976,PAX1|5075,PAX1,5075
gene_12977,PAX2|5076,PAX2,5076
gene_12978,PAX3|5077,PAX3,5077
gene_12979,PAX4|5078,PAX4,5078
gene_12980,PAX5|5079,PAX5,5079
gene_12981,PAX6|5080,PAX6,5080
gene_12982,PAX7|5081,PAX7,5081
gene_12983,PAX8|7849,PAX8,7849
gene_12984,PAX9|5083,PAX9,5083
gene_12985,PAXIP1|22976,PAXIP1,22976
gene_12986,PBK|55872,PBK,55872
gene_12987,PBLD|64081,PBLD,64081
gene_12988,PBOV1|59351,PBOV1,59351
gene_12989,PBRM1|55193,PBRM1,55193
gene_12990,PBX1|5087,PBX1,5087
gene_12991,PBX2|5089,PBX2,5089
gene_12992,PBX3|5090,PBX3,5090
gene_12993,PBX4|80714,PBX4,80714
gene_12994,PBXIP1|57326,PBXIP1,57326
gene_12995,PCA3|50652,PCA3,50652
gene_12996,PCBD1|5092,PCBD1,5092
gene_12997,PCBD2|84105,PCBD2,84105
gene_12998,PCBP1|5093,PCBP1,5093
gene_12999,PCBP2|5094,PCBP2,5094
gene_13000,PCBP3|54039,PCBP3,54039
gene_13001,PCBP4|57060,PCBP4,57060
gene_13002,PCCA|5095,PCCA,5095
gene_13003,PCCB|5096,PCCB,5096
gene_13004,PCDH10|57575,PCDH10,57575
gene_13005,PCDH11X|27328,PCDH11X,27328
gene_13006,PCDH11Y|83259,PCDH11Y,83259
gene_13007,PCDH12|51294,PCDH12,51294
gene_13008,PCDH15|65217,PCDH15,65217
gene_13009,PCDH17|27253,PCDH17,27253
gene_13010,PCDH18|54510,PCDH18,54510
gene_13011,PCDH19|57526,PCDH19,57526
gene_13012,PCDH1|5097,PCDH1,5097
gene_13013,PCDH20|64881,PCDH20,64881
gene_13014,PCDH7|5099,PCDH7,5099
gene_13015,PCDH8|5100,PCDH8,5100
gene_13016,PCDH9|5101,PCDH9,5101
gene_13017,PCDHA10|56139,PCDHA10,56139
gene_13018,PCDHA11|56138,PCDHA11,56138
gene_13019,PCDHA12|56137,PCDHA12,56137
gene_13020,PCDHA13|56136,PCDHA13,56136
gene_13021,PCDHA1|56147,PCDHA1,56147
gene_13022,PCDHA2|56146,PCDHA2,56146
gene_13023,PCDHA3|56145,PCDHA3,56145
gene_13024,PCDHA4|56144,PCDHA4,56144
gene_13025,PCDHA5|56143,PCDHA5,56143
gene_13026,PCDHA6|56142,PCDHA6,56142
gene_13027,PCDHA7|56141,PCDHA7,56141
gene_13028,PCDHA8|56140,PCDHA8,56140
gene_13029,PCDHA9|9752,PCDHA9,9752
gene_13030,PCDHAC1|56135,PCDHAC1,56135
gene_13031,PCDHAC2|56134,PCDHAC2,56134
gene_13032,PCDHB10|56126,PCDHB10,56126
gene_13033,PCDHB11|56125,PCDHB11,56125
gene_13034,PCDHB12|56124,PCDHB12,56124
gene_13035,PCDHB13|56123,PCDHB13,56123
gene_13036,PCDHB14|56122,PCDHB14,56122
gene_13037,PCDHB15|56121,PCDHB15,56121
gene_13038,PCDHB16|57717,PCDHB16,57717
gene_13039,PCDHB17|54661,PCDHB17,54661
gene_13040,PCDHB18|54660,PCDHB18,54660
gene_13041,PCDHB19P|84054,PCDHB19P,84054
gene_13042,PCDHB1|29930,PCDHB1,29930
gene_13043,PCDHB2|56133,PCDHB2,56133
gene_13044,PCDHB3|56132,PCDHB3,56132
gene_13045,PCDHB4|56131,PCDHB4,56131
gene_13046,PCDHB5|26167,PCDHB5,26167
gene_13047,PCDHB6|56130,PCDHB6,56130
gene_13048,PCDHB7|56129,PCDHB7,56129
gene_13049,PCDHB8|56128,PCDHB8,56128
gene_13050,PCDHB9|56127,PCDHB9,56127
gene_13051,PCDHGA10|56106,PCDHGA10,56106
gene_13052,PCDHGA11|56105,PCDHGA11,56105
gene_13053,PCDHGA12|26025,PCDHGA12,26025
gene_13054,PCDHGA1|56114,PCDHGA1,56114
gene_13055,PCDHGA2|56113,PCDHGA2,56113
gene_13056,PCDHGA3|56112,PCDHGA3,56112
gene_13057,PCDHGA4|56111,PCDHGA4,56111
gene_13058,PCDHGA5|56110,PCDHGA5,56110
gene_13059,PCDHGA6|56109,PCDHGA6,56109
gene_13060,PCDHGA7|56108,PCDHGA7,56108
gene_13061,PCDHGA8|9708,PCDHGA8,9708
gene_13062,PCDHGA9|56107,PCDHGA9,56107
gene_13063,PCDHGB1|56104,PCDHGB1,56104
gene_13064,PCDHGB2|56103,PCDHGB2,56103
gene_13065,PCDHGB3|56102,PCDHGB3,56102
gene_13066,PCDHGB4|8641,PCDHGB4,8641
gene_13067,PCDHGB5|56101,PCDHGB5,56101
gene_13068,PCDHGB6|56100,PCDHGB6,56100
gene_13069,PCDHGB7|56099,PCDHGB7,56099
gene_13070,PCDHGB8P|56120,PCDHGB8P,56120
gene_13071,PCDHGC3|5098,PCDHGC3,5098
gene_13072,PCDHGC4|56098,PCDHGC4,56098
gene_13073,PCDHGC5|56097,PCDHGC5,56097
gene_13074,PCDP1|200373,PCDP1,200373
gene_13075,PCF11|51585,PCF11,51585
gene_13076,PCGEM1|64002,PCGEM1,64002
gene_13077,PCGF1|84759,PCGF1,84759
gene_13078,PCGF2|7703,PCGF2,7703
gene_13079,PCGF3|10336,PCGF3,10336
gene_13080,PCGF5|84333,PCGF5,84333
gene_13081,PCGF6|84108,PCGF6,84108
gene_13082,PCID2|55795,PCID2,55795
gene_13083,PCIF1|63935,PCIF1,63935
gene_13084,PCK1|5105,PCK1,5105
gene_13085,PCK2|5106,PCK2,5106
gene_13086,PCLO|27445,PCLO,27445
gene_13087,PCM1|5108,PCM1,5108
gene_13088,PCMT1|5110,PCMT1,5110
gene_13089,PCMTD1|115294,PCMTD1,115294
gene_13090,PCMTD2|55251,PCMTD2,55251
gene_13091,PCNAP1|359806,PCNAP1,359806
gene_13092,PCNA|5111,PCNA,5111
gene_13093,PCNP|57092,PCNP,57092
gene_13094,PCNT|5116,PCNT,5116
gene_13095,PCNXL2|80003,PCNXL2,80003
gene_13096,PCNXL3|399909,PCNXL3,399909
gene_13097,PCNX|22990,PCNX,22990
gene_13098,PCOLCE2|26577,PCOLCE2,26577
gene_13099,PCOLCE|5118,PCOLCE,5118
gene_13100,PCOTH|542767,PCOTH,542767
gene_13101,PCP2|126006,PCP2,126006
gene_13102,PCP4L1|654790,PCP4L1,654790
gene_13103,PCP4|5121,PCP4,5121
gene_13104,PCSK1N|27344,PCSK1N,27344
gene_13105,PCSK1|5122,PCSK1,5122
gene_13106,PCSK2|5126,PCSK2,5126
gene_13107,PCSK4|54760,PCSK4,54760
gene_13108,PCSK5|5125,PCSK5,5125
gene_13109,PCSK6|5046,PCSK6,5046
gene_13110,PCSK7|9159,PCSK7,9159
gene_13111,PCSK9|255738,PCSK9,255738
gene_13112,PCTP|58488,PCTP,58488
gene_13113,PCYOX1L|78991,PCYOX1L,78991
gene_13114,PCYOX1|51449,PCYOX1,51449
gene_13115,PCYT1A|5130,PCYT1A,5130
gene_13116,PCYT1B|9468,PCYT1B,9468
gene_13117,PCYT2|5833,PCYT2,5833
gene_13118,PC|5091,PC,5091
gene_13119,PDAP1|11333,PDAP1,11333
gene_13120,PDCD10|11235,PDCD10,11235
gene_13121,PDCD11|22984,PDCD11,22984
gene_13122,PDCD1LG2|80380,PDCD1LG2,80380
gene_13123,PDCD1|5133,PDCD1,5133
gene_13124,PDCD2L|84306,PDCD2L,84306
gene_13125,PDCD2|5134,PDCD2,5134
gene_13126,PDCD4|27250,PDCD4,27250
gene_13127,PDCD5|9141,PDCD5,9141
gene_13128,PDCD6IP|10015,PDCD6IP,10015
gene_13129,PDCD6|10016,PDCD6,10016
gene_13130,PDCD7|10081,PDCD7,10081
gene_13131,PDCL2|132954,PDCL2,132954
gene_13132,PDCL3|79031,PDCL3,79031
gene_13133,PDCL|5082,PDCL,5082
gene_13134,PDC|5132,PDC,5132
gene_13135,PDDC1|347862,PDDC1,347862
gene_13136,PDE10A|10846,PDE10A,10846
gene_13137,PDE11A|50940,PDE11A,50940
gene_13138,PDE12|201626,PDE12,201626
gene_13139,PDE1A|5136,PDE1A,5136
gene_13140,PDE1B|5153,PDE1B,5153
gene_13141,PDE1C|5137,PDE1C,5137
gene_13142,PDE2A|5138,PDE2A,5138
gene_13143,PDE3A|5139,PDE3A,5139
gene_13144,PDE3B|5140,PDE3B,5140
gene_13145,PDE4A|5141,PDE4A,5141
gene_13146,PDE4B|5142,PDE4B,5142
gene_13147,PDE4C|5143,PDE4C,5143
gene_13148,PDE4DIP|9659,PDE4DIP,9659
gene_13149,PDE4D|5144,PDE4D,5144
gene_13150,PDE5A|8654,PDE5A,8654
gene_13151,PDE6A|5145,PDE6A,5145
gene_13152,PDE6B|5158,PDE6B,5158
gene_13153,PDE6C|5146,PDE6C,5146
gene_13154,PDE6D|5147,PDE6D,5147
gene_13155,PDE6G|5148,PDE6G,5148
gene_13156,PDE6H|5149,PDE6H,5149
gene_13157,PDE7A|5150,PDE7A,5150
gene_13158,PDE7B|27115,PDE7B,27115
gene_13159,PDE8A|5151,PDE8A,5151
gene_13160,PDE8B|8622,PDE8B,8622
gene_13161,PDE9A|5152,PDE9A,5152
gene_13162,PDF|64146,PDF,64146
gene_13163,PDGFA|5154,PDGFA,5154
gene_13164,PDGFB|5155,PDGFB,5155
gene_13165,PDGFC|56034,PDGFC,56034
gene_13166,PDGFD|80310,PDGFD,80310
gene_13167,PDGFRA|5156,PDGFRA,5156
gene_13168,PDGFRB|5159,PDGFRB,5159
gene_13169,PDGFRL|5157,PDGFRL,5157
gene_13170,PDHA1|5160,PDHA1,5160
gene_13171,PDHA2|5161,PDHA2,5161
gene_13172,PDHB|5162,PDHB,5162
gene_13173,PDHX|8050,PDHX,8050
gene_13174,PDIA2|64714,PDIA2,64714
gene_13175,PDIA3P|171423,PDIA3P,171423
gene_13176,PDIA3|2923,PDIA3,2923
gene_13177,PDIA4|9601,PDIA4,9601
gene_13178,PDIA5|10954,PDIA5,10954
gene_13179,PDIA6|10130,PDIA6,10130
gene_13180,PDIK1L|149420,PDIK1L,149420
gene_13181,PDILT|204474,PDILT,204474
gene_13182,PDK1|5163,PDK1,5163
gene_13183,PDK2|5164,PDK2,5164
gene_13184,PDK3|5165,PDK3,5165
gene_13185,PDK4|5166,PDK4,5166
gene_13186,PDLIM1|9124,PDLIM1,9124
gene_13187,PDLIM2|64236,PDLIM2,64236
gene_13188,PDLIM3|27295,PDLIM3,27295
gene_13189,PDLIM4|8572,PDLIM4,8572
gene_13190,PDLIM5|10611,PDLIM5,10611
gene_13191,PDLIM7|9260,PDLIM7,9260
gene_13192,PDP1|54704,PDP1,54704
gene_13193,PDP2|57546,PDP2,57546
gene_13194,PDPK1|5170,PDPK1,5170
gene_13195,PDPN|10630,PDPN,10630
gene_13196,PDPR|55066,PDPR,55066
gene_13197,PDRG1|81572,PDRG1,81572
gene_13198,PDS5A|23244,PDS5A,23244
gene_13199,PDS5B|23047,PDS5B,23047
gene_13200,PDSS1|23590,PDSS1,23590
gene_13201,PDSS2|57107,PDSS2,57107
gene_13202,PDX1|3651,PDX1,3651
gene_13203,PDXDC1|23042,PDXDC1,23042
gene_13204,PDXDC2|283970,PDXDC2,283970
gene_13205,PDXK|8566,PDXK,8566
gene_13206,PDXP|57026,PDXP,57026
gene_13207,PDYN|5173,PDYN,5173
gene_13208,PDZD11|51248,PDZD11,51248
gene_13209,PDZD2|23037,PDZD2,23037
gene_13210,PDZD3|79849,PDZD3,79849
gene_13211,PDZD4|57595,PDZD4,57595
gene_13212,PDZD7|79955,PDZD7,79955
gene_13213,PDZD8|118987,PDZD8,118987
gene_13214,PDZD9|255762,PDZD9,255762
gene_13215,PDZK1IP1|10158,PDZK1IP1,10158
gene_13216,PDZK1P1|728939,PDZK1P1,728939
gene_13217,PDZK1|5174,PDZK1,5174
gene_13218,PDZRN3|23024,PDZRN3,23024
gene_13219,PDZRN4|29951,PDZRN4,29951
gene_13220,PEA15|8682,PEA15,8682
gene_13221,PEAR1|375033,PEAR1,375033
gene_13222,PEBP1|5037,PEBP1,5037
gene_13223,PEBP4|157310,PEBP4,157310
gene_13224,PECAM1|5175,PECAM1,5175
gene_13225,PECI|10455,PECI,10455
gene_13226,PECR|55825,PECR,55825
gene_13227,PEF1|553115,PEF1,553115
gene_13228,PEG10|23089,PEG10,23089
gene_13229,PEG3AS|100169890,PEG3AS,100169890
gene_13230,PEG3|5178,PEG3,5178
gene_13231,PELI1|57162,PELI1,57162
gene_13232,PELI2|57161,PELI2,57161
gene_13233,PELI3|246330,PELI3,246330
gene_13234,PELO|53918,PELO,53918
gene_13235,PELP1|27043,PELP1,27043
gene_13236,PEMT|10400,PEMT,10400
gene_13237,PENK|5179,PENK,5179
gene_13238,PEPD|5184,PEPD,5184
gene_13239,PER1|5187,PER1,5187
gene_13240,PER2|8864,PER2,8864
gene_13241,PER3|8863,PER3,8863
gene_13242,PER4|168741,PER4,168741
gene_13243,PERP|64065,PERP,64065
gene_13244,PES1|23481,PES1,23481
gene_13245,PET112L|5188,PET112L,5188
gene_13246,PEX10|5192,PEX10,5192
gene_13247,PEX11A|8800,PEX11A,8800
gene_13248,PEX11B|8799,PEX11B,8799
gene_13249,PEX11G|92960,PEX11G,92960
gene_13250,PEX12|5193,PEX12,5193
gene_13251,PEX13|5194,PEX13,5194
gene_13252,PEX14|5195,PEX14,5195
gene_13253,PEX16|9409,PEX16,9409
gene_13254,PEX19|5824,PEX19,5824
gene_13255,PEX1|5189,PEX1,5189
gene_13256,PEX26|55670,PEX26,55670
gene_13257,PEX2|5828,PEX2,5828
gene_13258,PEX3|8504,PEX3,8504
gene_13259,PEX5L|51555,PEX5L,51555
gene_13260,PEX5|5830,PEX5,5830
gene_13261,PEX6|5190,PEX6,5190
gene_13262,PEX7|5191,PEX7,5191
gene_13263,PF4V1|5197,PF4V1,5197
gene_13264,PF4|5196,PF4,5196
gene_13265,PFAS|5198,PFAS,5198
gene_13266,PFDN1|5201,PFDN1,5201
gene_13267,PFDN2|5202,PFDN2,5202
gene_13268,PFDN4|5203,PFDN4,5203
gene_13269,PFDN5|5204,PFDN5,5204
gene_13270,PFDN6|10471,PFDN6,10471
gene_13271,PFKFB1|5207,PFKFB1,5207
gene_13272,PFKFB2|5208,PFKFB2,5208
gene_13273,PFKFB3|5209,PFKFB3,5209
gene_13274,PFKFB4|5210,PFKFB4,5210
gene_13275,PFKL|5211,PFKL,5211
gene_13276,PFKM|5213,PFKM,5213
gene_13277,PFKP|5214,PFKP,5214
gene_13278,PFN1|5216,PFN1,5216
gene_13279,PFN2|5217,PFN2,5217
gene_13280,PFN3|345456,PFN3,345456
gene_13281,PFN4|375189,PFN4,375189
gene_13282,PGA3|643834,PGA3,643834
gene_13283,PGA4|643847,PGA4,643847
gene_13284,PGA5|5222,PGA5,5222
gene_13285,PGAM1|5223,PGAM1,5223
gene_13286,PGAM2|5224,PGAM2,5224
gene_13287,PGAM4|441531,PGAM4,441531
gene_13288,PGAM5|192111,PGAM5,192111
gene_13289,PGAP1|80055,PGAP1,80055
gene_13290,PGAP2|27315,PGAP2,27315
gene_13291,PGAP3|93210,PGAP3,93210
gene_13292,PGBD1|84547,PGBD1,84547
gene_13293,PGBD2|267002,PGBD2,267002
gene_13294,PGBD3|267004,PGBD3,267004
gene_13295,PGBD4|161779,PGBD4,161779
gene_13296,PGBD5|79605,PGBD5,79605
gene_13297,PGCP|10404,PGCP,10404
gene_13298,PGC|5225,PGC,5225
gene_13299,PGD|5226,PGD,5226
gene_13300,PGF|5228,PGF,5228
gene_13301,PGGT1B|5229,PGGT1B,5229
gene_13302,PGK1|5230,PGK1,5230
gene_13303,PGK2|5232,PGK2,5232
gene_13304,PGLS|25796,PGLS,25796
gene_13305,PGLYRP1|8993,PGLYRP1,8993
gene_13306,PGLYRP2|114770,PGLYRP2,114770
gene_13307,PGLYRP3|114771,PGLYRP3,114771
gene_13308,PGLYRP4|57115,PGLYRP4,57115
gene_13309,PGM1|5236,PGM1,5236
gene_13310,PGM2L1|283209,PGM2L1,283209
gene_13311,PGM2|55276,PGM2,55276
gene_13312,PGM3|5238,PGM3,5238
gene_13313,PGM5P2|595135,PGM5P2,595135
gene_13314,PGM5|5239,PGM5,5239
gene_13315,PGPEP1L|145814,PGPEP1L,145814
gene_13316,PGPEP1|54858,PGPEP1,54858
gene_13317,PGP|283871,PGP,283871
gene_13318,PGRMC1|10857,PGRMC1,10857
gene_13319,PGRMC2|10424,PGRMC2,10424
gene_13320,PGR|5241,PGR,5241
gene_13321,PGS1|9489,PGS1,9489
gene_13322,PHACTR1|221692,PHACTR1,221692
gene_13323,PHACTR2|9749,PHACTR2,9749
gene_13324,PHACTR3|116154,PHACTR3,116154
gene_13325,PHACTR4|65979,PHACTR4,65979
gene_13326,PHAX|51808,PHAX,51808
gene_13327,PHB2|11331,PHB2,11331
gene_13328,PHB|5245,PHB,5245
gene_13329,PHC1|1911,PHC1,1911
gene_13330,PHC2|1912,PHC2,1912
gene_13331,PHC3|80012,PHC3,80012
gene_13332,PHEX|5251,PHEX,5251
gene_13333,PHF10|55274,PHF10,55274
gene_13334,PHF11|51131,PHF11,51131
gene_13335,PHF12|57649,PHF12,57649
gene_13336,PHF13|148479,PHF13,148479
gene_13337,PHF14|9678,PHF14,9678
gene_13338,PHF15|23338,PHF15,23338
gene_13339,PHF16|9767,PHF16,9767
gene_13340,PHF17|79960,PHF17,79960
gene_13341,PHF19|26147,PHF19,26147
gene_13342,PHF1|5252,PHF1,5252
gene_13343,PHF20L1|51105,PHF20L1,51105
gene_13344,PHF20|51230,PHF20,51230
gene_13345,PHF21A|51317,PHF21A,51317
gene_13346,PHF21B|112885,PHF21B,112885
gene_13347,PHF23|79142,PHF23,79142
gene_13348,PHF2|5253,PHF2,5253
gene_13349,PHF3|23469,PHF3,23469
gene_13350,PHF5A|84844,PHF5A,84844
gene_13351,PHF6|84295,PHF6,84295
gene_13352,PHF7|51533,PHF7,51533
gene_13353,PHF8|23133,PHF8,23133
gene_13354,PHGDH|26227,PHGDH,26227
gene_13355,PHGR1|644844,PHGR1,644844
gene_13356,PHIP|55023,PHIP,55023
gene_13357,PHKA1|5255,PHKA1,5255
gene_13358,PHKA2|5256,PHKA2,5256
gene_13359,PHKB|5257,PHKB,5257
gene_13360,PHKG1|5260,PHKG1,5260
gene_13361,PHKG2|5261,PHKG2,5261
gene_13362,PHLDA1|22822,PHLDA1,22822
gene_13363,PHLDA2|7262,PHLDA2,7262
gene_13364,PHLDA3|23612,PHLDA3,23612
gene_13365,PHLDB1|23187,PHLDB1,23187
gene_13366,PHLDB2|90102,PHLDB2,90102
gene_13367,PHLDB3|653583,PHLDB3,653583
gene_13368,PHLPP1|23239,PHLPP1,23239
gene_13369,PHLPP2|23035,PHLPP2,23035
gene_13370,PHOSPHO1|162466,PHOSPHO1,162466
gene_13371,PHOSPHO2|493911,PHOSPHO2,493911
gene_13372,PHOX2A|401,PHOX2A,401
gene_13373,PHOX2B|8929,PHOX2B,8929
gene_13374,PHPT1|29085,PHPT1,29085
gene_13375,PHRF1|57661,PHRF1,57661
gene_13376,PHTF1|10745,PHTF1,10745
gene_13377,PHTF2|57157,PHTF2,57157
gene_13378,PHYHD1|254295,PHYHD1,254295
gene_13379,PHYHIPL|84457,PHYHIPL,84457
gene_13380,PHYHIP|9796,PHYHIP,9796
gene_13381,PHYH|5264,PHYH,5264
gene_13382,PI15|51050,PI15,51050
gene_13383,PI16|221476,PI16,221476
gene_13384,PI3|5266,PI3,5266
gene_13385,PI4K2A|55361,PI4K2A,55361
gene_13386,PI4K2B|55300,PI4K2B,55300
gene_13387,PI4KAP1|728233,PI4KAP1,728233
gene_13388,PI4KAP2|375133,PI4KAP2,375133
gene_13389,PI4KA|5297,PI4KA,5297
gene_13390,PI4KB|5298,PI4KB,5298
gene_13391,PIAS1|8554,PIAS1,8554
gene_13392,PIAS2|9063,PIAS2,9063
gene_13393,PIAS3|10401,PIAS3,10401
gene_13394,PIAS4|51588,PIAS4,51588
gene_13395,PIBF1|10464,PIBF1,10464
gene_13396,PICALM|8301,PICALM,8301
gene_13397,PICK1|9463,PICK1,9463
gene_13398,PID1|55022,PID1,55022
gene_13399,PIF1|80119,PIF1,80119
gene_13400,PIGA|5277,PIGA,5277
gene_13401,PIGB|9488,PIGB,9488
gene_13402,PIGC|5279,PIGC,5279
gene_13403,PIGF|5281,PIGF,5281
gene_13404,PIGG|54872,PIGG,54872
gene_13405,PIGH|5283,PIGH,5283
gene_13406,PIGK|10026,PIGK,10026
gene_13407,PIGL|9487,PIGL,9487
gene_13408,PIGM|93183,PIGM,93183
gene_13409,PIGN|23556,PIGN,23556
gene_13410,PIGO|84720,PIGO,84720
gene_13411,PIGP|51227,PIGP,51227
gene_13412,PIGQ|9091,PIGQ,9091
gene_13413,PIGR|5284,PIGR,5284
gene_13414,PIGS|94005,PIGS,94005
gene_13415,PIGT|51604,PIGT,51604
gene_13416,PIGU|128869,PIGU,128869
gene_13417,PIGV|55650,PIGV,55650
gene_13418,PIGW|284098,PIGW,284098
gene_13419,PIGX|54965,PIGX,54965
gene_13420,PIGY|84992,PIGY,84992
gene_13421,PIGZ|80235,PIGZ,80235
gene_13422,PIH1D1|55011,PIH1D1,55011
gene_13423,PIH1D2|120379,PIH1D2,120379
gene_13424,PIK3AP1|118788,PIK3AP1,118788
gene_13425,PIK3C2A|5286,PIK3C2A,5286
gene_13426,PIK3C2B|5287,PIK3C2B,5287
gene_13427,PIK3C2G|5288,PIK3C2G,5288
gene_13428,PIK3C3|5289,PIK3C3,5289
gene_13429,PIK3CA|5290,PIK3CA,5290
gene_13430,PIK3CB|5291,PIK3CB,5291
gene_13431,PIK3CD|5293,PIK3CD,5293
gene_13432,PIK3CG|5294,PIK3CG,5294
gene_13433,PIK3IP1|113791,PIK3IP1,113791
gene_13434,PIK3R1|5295,PIK3R1,5295
gene_13435,PIK3R2|5296,PIK3R2,5296
gene_13436,PIK3R3|8503,PIK3R3,8503
gene_13437,PIK3R4|30849,PIK3R4,30849
gene_13438,PIK3R5|23533,PIK3R5,23533
gene_13439,PIK3R6|146850,PIK3R6,146850
gene_13440,PIKFYVE|200576,PIKFYVE,200576
gene_13441,PILRA|29992,PILRA,29992
gene_13442,PILRB|29990,PILRB,29990
gene_13443,PIM1|5292,PIM1,5292
gene_13444,PIM2|11040,PIM2,11040
gene_13445,PIM3|415116,PIM3,415116
gene_13446,PIN1L|5301,PIN1L,5301
gene_13447,PIN1|5300,PIN1,5300
gene_13448,PIN4|5303,PIN4,5303
gene_13449,PINK1|65018,PINK1,65018
gene_13450,PINX1|54984,PINX1,54984
gene_13451,PION|54103,PION,54103
gene_13452,PIP4K2A|5305,PIP4K2A,5305
gene_13453,PIP4K2B|8396,PIP4K2B,8396
gene_13454,PIP4K2C|79837,PIP4K2C,79837
gene_13455,PIP5K1A|8394,PIP5K1A,8394
gene_13456,PIP5K1B|8395,PIP5K1B,8395
gene_13457,PIP5K1C|23396,PIP5K1C,23396
gene_13458,PIP5K1P1|206426,PIP5K1P1,206426
gene_13459,PIP5KL1|138429,PIP5KL1,138429
gene_13460,PIPOX|51268,PIPOX,51268
gene_13461,PIPSL|266971,PIPSL,266971
gene_13462,PIP|5304,PIP,5304
gene_13463,PIRT|644139,PIRT,644139
gene_13464,PIR|8544,PIR,8544
gene_13465,PISD|23761,PISD,23761
gene_13466,PISRT1|140464,PISRT1,140464
gene_13467,PITPNA|5306,PITPNA,5306
gene_13468,PITPNB|23760,PITPNB,23760
gene_13469,PITPNC1|26207,PITPNC1,26207
gene_13470,PITPNM1|9600,PITPNM1,9600
gene_13471,PITPNM2|57605,PITPNM2,57605
gene_13472,PITPNM3|83394,PITPNM3,83394
gene_13473,PITRM1|10531,PITRM1,10531
gene_13474,PITX1|5307,PITX1,5307
gene_13475,PITX2|5308,PITX2,5308
gene_13476,PITX3|5309,PITX3,5309
gene_13477,PIWIL1|9271,PIWIL1,9271
gene_13478,PIWIL2|55124,PIWIL2,55124
gene_13479,PIWIL3|440822,PIWIL3,440822
gene_13480,PIWIL4|143689,PIWIL4,143689
gene_13481,PJA1|64219,PJA1,64219
gene_13482,PJA2|9867,PJA2,9867
gene_13483,PKD1L1|168507,PKD1L1,168507
gene_13484,PKD1L2|114780,PKD1L2,114780
gene_13485,PKD1L3|342372,PKD1L3,342372
gene_13486,PKD1|5310,PKD1,5310
gene_13487,PKD2L1|9033,PKD2L1,9033
gene_13488,PKD2L2|27039,PKD2L2,27039
gene_13489,PKD2|5311,PKD2,5311
gene_13490,PKDCC|91461,PKDCC,91461
gene_13491,PKDREJ|10343,PKDREJ,10343
gene_13492,PKHD1L1|93035,PKHD1L1,93035
gene_13493,PKHD1|5314,PKHD1,5314
gene_13494,PKIA|5569,PKIA,5569
gene_13495,PKIB|5570,PKIB,5570
gene_13496,PKIG|11142,PKIG,11142
gene_13497,PKLR|5313,PKLR,5313
gene_13498,PKM2|5315,PKM2,5315
gene_13499,PKMYT1|9088,PKMYT1,9088
gene_13500,PKN1|5585,PKN1,5585
gene_13501,PKN2|5586,PKN2,5586
gene_13502,PKN3|29941,PKN3,29941
gene_13503,PKNOX1|5316,PKNOX1,5316
gene_13504,PKNOX2|63876,PKNOX2,63876
gene_13505,PKP1|5317,PKP1,5317
gene_13506,PKP2|5318,PKP2,5318
gene_13507,PKP3|11187,PKP3,11187
gene_13508,PKP4|8502,PKP4,8502
gene_13509,PL-5283|647087,PL-5283,647087
gene_13510,PLA1A|51365,PLA1A,51365
gene_13511,PLA2G10|8399,PLA2G10,8399
gene_13512,PLA2G12A|81579,PLA2G12A,81579
gene_13513,PLA2G12B|84647,PLA2G12B,84647
gene_13514,PLA2G15|23659,PLA2G15,23659
gene_13515,PLA2G16|11145,PLA2G16,11145
gene_13516,PLA2G1B|5319,PLA2G1B,5319
gene_13517,PLA2G2A|5320,PLA2G2A,5320
gene_13518,PLA2G2C|391013,PLA2G2C,391013
gene_13519,PLA2G2D|26279,PLA2G2D,26279
gene_13520,PLA2G2E|30814,PLA2G2E,30814
gene_13521,PLA2G2F|64600,PLA2G2F,64600
gene_13522,PLA2G3|50487,PLA2G3,50487
gene_13523,PLA2G4A|5321,PLA2G4A,5321
gene_13524,PLA2G4C|8605,PLA2G4C,8605
gene_13525,PLA2G4D|283748,PLA2G4D,283748
gene_13526,PLA2G4E|123745,PLA2G4E,123745
gene_13527,PLA2G4F|255189,PLA2G4F,255189
gene_13528,PLA2G5|5322,PLA2G5,5322
gene_13529,PLA2G6|8398,PLA2G6,8398
gene_13530,PLA2G7|7941,PLA2G7,7941
gene_13531,PLA2R1|22925,PLA2R1,22925
gene_13532,PLAA|9373,PLAA,9373
gene_13533,PLAC1L|219990,PLAC1L,219990
gene_13534,PLAC1|10761,PLAC1,10761
gene_13535,PLAC2|257000,PLAC2,257000
gene_13536,PLAC4|191585,PLAC4,191585
gene_13537,PLAC8L1|153770,PLAC8L1,153770
gene_13538,PLAC8|51316,PLAC8,51316
gene_13539,PLAC9|219348,PLAC9,219348
gene_13540,PLAG1|5324,PLAG1,5324
gene_13541,PLAGL1|5325,PLAGL1,5325
gene_13542,PLAGL2|5326,PLAGL2,5326
gene_13543,PLAT|5327,PLAT,5327
gene_13544,PLAUR|5329,PLAUR,5329
gene_13545,PLAU|5328,PLAU,5328
gene_13546,PLB1|151056,PLB1,151056
gene_13547,PLBD1|79887,PLBD1,79887
gene_13548,PLBD2|196463,PLBD2,196463
gene_13549,PLCB1|23236,PLCB1,23236
gene_13550,PLCB2|5330,PLCB2,5330
gene_13551,PLCB3|5331,PLCB3,5331
gene_13552,PLCB4|5332,PLCB4,5332
gene_13553,PLCD1|5333,PLCD1,5333
gene_13554,PLCD3|113026,PLCD3,113026
gene_13555,PLCD4|84812,PLCD4,84812
gene_13556,PLCE1|51196,PLCE1,51196
gene_13557,PLCG1|5335,PLCG1,5335
gene_13558,PLCG2|5336,PLCG2,5336
gene_13559,PLCH1|23007,PLCH1,23007
gene_13560,PLCH2|9651,PLCH2,9651
gene_13561,PLCL1|5334,PLCL1,5334
gene_13562,PLCL2|23228,PLCL2,23228
gene_13563,PLCXD1|55344,PLCXD1,55344
gene_13564,PLCXD2|257068,PLCXD2,257068
gene_13565,PLCXD3|345557,PLCXD3,345557
gene_13566,PLCZ1|89869,PLCZ1,89869
gene_13567,PLD1|5337,PLD1,5337
gene_13568,PLD2|5338,PLD2,5338
gene_13569,PLD3|23646,PLD3,23646
gene_13570,PLD4|122618,PLD4,122618
gene_13571,PLD5|200150,PLD5,200150
gene_13572,PLD6|201164,PLD6,201164
gene_13573,PLDN|26258,PLDN,26258
gene_13574,PLEC|5339,PLEC,5339
gene_13575,PLEK2|26499,PLEK2,26499
gene_13576,PLEKHA1|59338,PLEKHA1,59338
gene_13577,PLEKHA2|59339,PLEKHA2,59339
gene_13578,PLEKHA3|65977,PLEKHA3,65977
gene_13579,PLEKHA4|57664,PLEKHA4,57664
gene_13580,PLEKHA5|54477,PLEKHA5,54477
gene_13581,PLEKHA6|22874,PLEKHA6,22874
gene_13582,PLEKHA7|144100,PLEKHA7,144100
gene_13583,PLEKHA8|84725,PLEKHA8,84725
gene_13584,PLEKHA9|51054,PLEKHA9,51054
gene_13585,PLEKHB1|58473,PLEKHB1,58473
gene_13586,PLEKHB2|55041,PLEKHB2,55041
gene_13587,PLEKHF1|79156,PLEKHF1,79156
gene_13588,PLEKHF2|79666,PLEKHF2,79666
gene_13589,PLEKHG1|57480,PLEKHG1,57480
gene_13590,PLEKHG2|64857,PLEKHG2,64857
gene_13591,PLEKHG3|26030,PLEKHG3,26030
gene_13592,PLEKHG4B|153478,PLEKHG4B,153478
gene_13593,PLEKHG4|25894,PLEKHG4,25894
gene_13594,PLEKHG5|57449,PLEKHG5,57449
gene_13595,PLEKHG6|55200,PLEKHG6,55200
gene_13596,PLEKHG7|440107,PLEKHG7,440107
gene_13597,PLEKHH1|57475,PLEKHH1,57475
gene_13598,PLEKHH2|130271,PLEKHH2,130271
gene_13599,PLEKHH3|79990,PLEKHH3,79990
gene_13600,PLEKHJ1|55111,PLEKHJ1,55111
gene_13601,PLEKHM1P|440456,PLEKHM1P,440456
gene_13602,PLEKHM1|9842,PLEKHM1,9842
gene_13603,PLEKHM2|23207,PLEKHM2,23207
gene_13604,PLEKHM3|389072,PLEKHM3,389072
gene_13605,PLEKHN1|84069,PLEKHN1,84069
gene_13606,PLEKHO1|51177,PLEKHO1,51177
gene_13607,PLEKHO2|80301,PLEKHO2,80301
gene_13608,PLEK|5341,PLEK,5341
gene_13609,PLGLA|285189,PLGLA,285189
gene_13610,PLGLB2|5342,PLGLB2,5342
gene_13611,PLG|5340,PLG,5340
gene_13612,PLIN1|5346,PLIN1,5346
gene_13613,PLIN2|123,PLIN2,123
gene_13614,PLIN3|10226,PLIN3,10226
gene_13615,PLIN4|729359,PLIN4,729359
gene_13616,PLIN5|440503,PLIN5,440503
gene_13617,PLK1S1|55857,PLK1S1,55857
gene_13618,PLK1|5347,PLK1,5347
gene_13619,PLK2|10769,PLK2,10769
gene_13620,PLK3|1263,PLK3,1263
gene_13621,PLK4|10733,PLK4,10733
gene_13622,PLK5P|126520,PLK5P,126520
gene_13623,PLLP|51090,PLLP,51090
gene_13624,PLN|5350,PLN,5350
gene_13625,PLOD1|5351,PLOD1,5351
gene_13626,PLOD2|5352,PLOD2,5352
gene_13627,PLOD3|8985,PLOD3,8985
gene_13628,PLP1|5354,PLP1,5354
gene_13629,PLP2|5355,PLP2,5355
gene_13630,PLRG1|5356,PLRG1,5356
gene_13631,PLS1|5357,PLS1,5357
gene_13632,PLS3|5358,PLS3,5358
gene_13633,PLSCR1|5359,PLSCR1,5359
gene_13634,PLSCR2|57047,PLSCR2,57047
gene_13635,PLSCR3|57048,PLSCR3,57048
gene_13636,PLSCR4|57088,PLSCR4,57088
gene_13637,PLSCR5|389158,PLSCR5,389158
gene_13638,PLTP|5360,PLTP,5360
gene_13639,PLUNC|51297,PLUNC,51297
gene_13640,PLVAP|83483,PLVAP,83483
gene_13641,PLXDC1|57125,PLXDC1,57125
gene_13642,PLXDC2|84898,PLXDC2,84898
gene_13643,PLXNA1|5361,PLXNA1,5361
gene_13644,PLXNA2|5362,PLXNA2,5362
gene_13645,PLXNA3|55558,PLXNA3,55558
gene_13646,PLXNA4|91584,PLXNA4,91584
gene_13647,PLXNB1|5364,PLXNB1,5364
gene_13648,PLXNB2|23654,PLXNB2,23654
gene_13649,PLXNB3|5365,PLXNB3,5365
gene_13650,PLXNC1|10154,PLXNC1,10154
gene_13651,PLXND1|23129,PLXND1,23129
gene_13652,PM20D1|148811,PM20D1,148811
gene_13653,PM20D2|135293,PM20D2,135293
gene_13654,PMAIP1|5366,PMAIP1,5366
gene_13655,PMCHL1|5369,PMCHL1,5369
gene_13656,PMCHL2|5370,PMCHL2,5370
gene_13657,PMCH|5367,PMCH,5367
gene_13658,PMEPA1|56937,PMEPA1,56937
gene_13659,PMF1|11243,PMF1,11243
gene_13660,PMFBP1|83449,PMFBP1,83449
gene_13661,PML|5371,PML,5371
gene_13662,PMM1|5372,PMM1,5372
gene_13663,PMM2|5373,PMM2,5373
gene_13664,PMP22|5376,PMP22,5376
gene_13665,PMP2|5375,PMP2,5375
gene_13666,PMPCA|23203,PMPCA,23203
gene_13667,PMPCB|9512,PMPCB,9512
gene_13668,PMS1|5378,PMS1,5378
gene_13669,PMS2CL|441194,PMS2CL,441194
gene_13670,PMS2L11|441263,PMS2L11,441263
gene_13671,PMS2L1|5379,PMS2L1,5379
gene_13672,PMS2L2|5380,PMS2L2,5380
gene_13673,PMS2L3|5387,PMS2L3,5387
gene_13674,PMS2L4|5382,PMS2L4,5382
gene_13675,PMS2L5|5383,PMS2L5,5383
gene_13676,PMS2|5395,PMS2,5395
gene_13677,PMVK|10654,PMVK,10654
gene_13678,PNCK|139728,PNCK,139728
gene_13679,PNKD|25953,PNKD,25953
gene_13680,PNKP|11284,PNKP,11284
gene_13681,PNLDC1|154197,PNLDC1,154197
gene_13682,PNLIPRP1|5407,PNLIPRP1,5407
gene_13683,PNLIPRP2|5408,PNLIPRP2,5408
gene_13684,PNLIPRP3|119548,PNLIPRP3,119548
gene_13685,PNLIP|5406,PNLIP,5406
gene_13686,PNMA1|9240,PNMA1,9240
gene_13687,PNMA2|10687,PNMA2,10687
gene_13688,PNMA3|29944,PNMA3,29944
gene_13689,PNMA5|114824,PNMA5,114824
gene_13690,PNMA6A|84968,PNMA6A,84968
gene_13691,PNMAL1|55228,PNMAL1,55228
gene_13692,PNMAL2|57469,PNMAL2,57469
gene_13693,PNMT|5409,PNMT,5409
gene_13694,PNN|5411,PNN,5411
gene_13695,PNO1|56902,PNO1,56902
gene_13696,PNOC|5368,PNOC,5368
gene_13697,PNPLA1|285848,PNPLA1,285848
gene_13698,PNPLA2|57104,PNPLA2,57104
gene_13699,PNPLA3|80339,PNPLA3,80339
gene_13700,PNPLA4|8228,PNPLA4,8228
gene_13701,PNPLA5|150379,PNPLA5,150379
gene_13702,PNPLA6|10908,PNPLA6,10908
gene_13703,PNPLA7|375775,PNPLA7,375775
gene_13704,PNPLA8|50640,PNPLA8,50640
gene_13705,PNPO|55163,PNPO,55163
gene_13706,PNPT1|87178,PNPT1,87178
gene_13707,PNP|4860,PNP,4860
gene_13708,PNRC1|10957,PNRC1,10957
gene_13709,PNRC2|55629,PNRC2,55629
gene_13710,POC1A|25886,POC1A,25886
gene_13711,POC1B|282809,POC1B,282809
gene_13712,POC5|134359,POC5,134359
gene_13713,PODNL1|79883,PODNL1,79883
gene_13714,PODN|127435,PODN,127435
gene_13715,PODXL2|50512,PODXL2,50512
gene_13716,PODXL|5420,PODXL,5420
gene_13717,POF1B|79983,POF1B,79983
gene_13718,POFUT1|23509,POFUT1,23509
gene_13719,POFUT2|23275,POFUT2,23275
gene_13720,POGK|57645,POGK,57645
gene_13721,POGZ|23126,POGZ,23126
gene_13722,POLA1|5422,POLA1,5422
gene_13723,POLA2|23649,POLA2,23649
gene_13724,POLB|5423,POLB,5423
gene_13725,POLD1|5424,POLD1,5424
gene_13726,POLD2|5425,POLD2,5425
gene_13727,POLD3|10714,POLD3,10714
gene_13728,POLD4|57804,POLD4,57804
gene_13729,POLDIP2|26073,POLDIP2,26073
gene_13730,POLDIP3|84271,POLDIP3,84271
gene_13731,POLE2|5427,POLE2,5427
gene_13732,POLE3|54107,POLE3,54107
gene_13733,POLE4|56655,POLE4,56655
gene_13734,POLE|5426,POLE,5426
gene_13735,POLG2|11232,POLG2,11232
gene_13736,POLG|5428,POLG,5428
gene_13737,POLH|5429,POLH,5429
gene_13738,POLI|11201,POLI,11201
gene_13739,POLK|51426,POLK,51426
gene_13740,POLL|27343,POLL,27343
gene_13741,POLM|27434,POLM,27434
gene_13742,POLN|353497,POLN,353497
gene_13743,POLQ|10721,POLQ,10721
gene_13744,POLR1A|25885,POLR1A,25885
gene_13745,POLR1B|84172,POLR1B,84172
gene_13746,POLR1C|9533,POLR1C,9533
gene_13747,POLR1D|51082,POLR1D,51082
gene_13748,POLR1E|64425,POLR1E,64425
gene_13749,POLR2A|5430,POLR2A,5430
gene_13750,POLR2B|5431,POLR2B,5431
gene_13751,POLR2C|5432,POLR2C,5432
gene_13752,POLR2D|5433,POLR2D,5433
gene_13753,POLR2E|5434,POLR2E,5434
gene_13754,POLR2F|5435,POLR2F,5435
gene_13755,POLR2G|5436,POLR2G,5436
gene_13756,POLR2H|5437,POLR2H,5437
gene_13757,POLR2I|5438,POLR2I,5438
gene_13758,POLR2J2|246721,POLR2J2,246721
gene_13759,POLR2J3|548644,POLR2J3,548644
gene_13760,POLR2J4|84820,POLR2J4,84820
gene_13761,POLR2J|5439,POLR2J,5439
gene_13762,POLR2K|5440,POLR2K,5440
gene_13763,POLR2L|5441,POLR2L,5441
gene_13764,POLR3A|11128,POLR3A,11128
gene_13765,POLR3B|55703,POLR3B,55703
gene_13766,POLR3C|10623,POLR3C,10623
gene_13767,POLR3D|661,POLR3D,661
gene_13768,POLR3E|55718,POLR3E,55718
gene_13769,POLR3F|10621,POLR3F,10621
gene_13770,POLR3GL|84265,POLR3GL,84265
gene_13771,POLR3G|10622,POLR3G,10622
gene_13772,POLR3H|171568,POLR3H,171568
gene_13773,POLR3K|51728,POLR3K,51728
gene_13774,POLRMT|5442,POLRMT,5442
gene_13775,POM121C|100101267,POM121C,100101267
gene_13776,POM121L10P|646074,POM121L10P,646074
gene_13777,POM121L12|285877,POM121L12,285877
gene_13778,POM121L1P|25812,POM121L1P,25812
gene_13779,POM121L2|94026,POM121L2,94026
gene_13780,POM121L4P|266697,POM121L4P,266697
gene_13781,POM121L8P|29797,POM121L8P,29797
gene_13782,POM121L9P|29774,POM121L9P,29774
gene_13783,POM121|9883,POM121,9883
gene_13784,POMC|5443,POMC,5443
gene_13785,POMGNT1|55624,POMGNT1,55624
gene_13786,POMP|51371,POMP,51371
gene_13787,POMT1|10585,POMT1,10585
gene_13788,POMT2|29954,POMT2,29954
gene_13789,POMZP3|22932,POMZP3,22932
gene_13790,PON1|5444,PON1,5444
gene_13791,PON2|5445,PON2,5445
gene_13792,PON3|5446,PON3,5446
gene_13793,POP1|10940,POP1,10940
gene_13794,POP4|10775,POP4,10775
gene_13795,POP5|51367,POP5,51367
gene_13796,POP7|10248,POP7,10248
gene_13797,POPDC2|64091,POPDC2,64091
gene_13798,POPDC3|64208,POPDC3,64208
gene_13799,PORCN|64840,PORCN,64840
gene_13800,POR|5447,POR,5447
gene_13801,POSTN|10631,POSTN,10631
gene_13802,POT1|25913,POT1,25913
gene_13803,POTEA|340441,POTEA,340441
gene_13804,POTEB|339010,POTEB,339010
gene_13805,POTEC|388468,POTEC,388468
gene_13806,POTED|317754,POTED,317754
gene_13807,POTEE|445582,POTEE,445582
gene_13808,POTEF|728378,POTEF,728378
gene_13809,POTEG|404785,POTEG,404785
gene_13810,POTEH|23784,POTEH,23784
gene_13811,POU1F1|5449,POU1F1,5449
gene_13812,POU2AF1|5450,POU2AF1,5450
gene_13813,POU2F1|5451,POU2F1,5451
gene_13814,POU2F2|5452,POU2F2,5452
gene_13815,POU2F3|25833,POU2F3,25833
gene_13816,POU3F1|5453,POU3F1,5453
gene_13817,POU3F2|5454,POU3F2,5454
gene_13818,POU3F3|5455,POU3F3,5455
gene_13819,POU3F4|5456,POU3F4,5456
gene_13820,POU4F1|5457,POU4F1,5457
gene_13821,POU4F2|5458,POU4F2,5458
gene_13822,POU4F3|5459,POU4F3,5459
gene_13823,POU5F1B|5462,POU5F1B,5462
gene_13824,POU5F1|5460,POU5F1,5460
gene_13825,POU5F2|134187,POU5F2,134187
gene_13826,POU6F1|5463,POU6F1,5463
gene_13827,POU6F2|11281,POU6F2,11281
gene_13828,PP14571|100130449,PP14571,100130449
gene_13829,PPA1|5464,PPA1,5464
gene_13830,PPA2|27068,PPA2,27068
gene_13831,PPAN-P2RY11|692312,PPAN-P2RY11,692312
gene_13832,PPAN|56342,PPAN,56342
gene_13833,PPAP2A|8611,PPAP2A,8611
gene_13834,PPAP2B|8613,PPAP2B,8613
gene_13835,PPAP2C|8612,PPAP2C,8612
gene_13836,PPAPDC1A|196051,PPAPDC1A,196051
gene_13837,PPAPDC1B|84513,PPAPDC1B,84513
gene_13838,PPAPDC2|403313,PPAPDC2,403313
gene_13839,PPAPDC3|84814,PPAPDC3,84814
gene_13840,PPARA|5465,PPARA,5465
gene_13841,PPARD|5467,PPARD,5467
gene_13842,PPARGC1A|10891,PPARGC1A,10891
gene_13843,PPARGC1B|133522,PPARGC1B,133522
gene_13844,PPARG|5468,PPARG,5468
gene_13845,PPAT|5471,PPAT,5471
gene_13846,PPBPL2|10895,PPBPL2,10895
gene_13847,PPBP|5473,PPBP,5473
gene_13848,PPCDC|60490,PPCDC,60490
gene_13849,PPCS|79717,PPCS,79717
gene_13850,PPDPF|79144,PPDPF,79144
gene_13851,PPEF1|5475,PPEF1,5475
gene_13852,PPEF2|5470,PPEF2,5470
gene_13853,PPFIA1|8500,PPFIA1,8500
gene_13854,PPFIA2|8499,PPFIA2,8499
gene_13855,PPFIA3|8541,PPFIA3,8541
gene_13856,PPFIA4|8497,PPFIA4,8497
gene_13857,PPFIBP1|8496,PPFIBP1,8496
gene_13858,PPFIBP2|8495,PPFIBP2,8495
gene_13859,PPHLN1|51535,PPHLN1,51535
gene_13860,PPIAL4B|653505,PPIAL4B,653505
gene_13861,PPIAL4C|653598,PPIAL4C,653598
gene_13862,PPIAL4D|645142,PPIAL4D,645142
gene_13863,PPIAL4E|730262,PPIAL4E,730262
gene_13864,PPIAL4G|644591,PPIAL4G,644591
gene_13865,PPIA|5478,PPIA,5478
gene_13866,PPIB|5479,PPIB,5479
gene_13867,PPIC|5480,PPIC,5480
gene_13868,PPID|5481,PPID,5481
gene_13869,PPIEL|728448,PPIEL,728448
gene_13870,PPIE|10450,PPIE,10450
gene_13871,PPIF|10105,PPIF,10105
gene_13872,PPIG|9360,PPIG,9360
gene_13873,PPIH|10465,PPIH,10465
gene_13874,PPIL1|51645,PPIL1,51645
gene_13875,PPIL2|23759,PPIL2,23759
gene_13876,PPIL3|53938,PPIL3,53938
gene_13877,PPIL4|85313,PPIL4,85313
gene_13878,PPIL5|122769,PPIL5,122769
gene_13879,PPIL6|285755,PPIL6,285755
gene_13880,PPIP5K1|9677,PPIP5K1,9677
gene_13881,PPIP5K2|23262,PPIP5K2,23262
gene_13882,PPL|5493,PPL,5493
gene_13883,PPM1A|5494,PPM1A,5494
gene_13884,PPM1B|5495,PPM1B,5495
gene_13885,PPM1D|8493,PPM1D,8493
gene_13886,PPM1E|22843,PPM1E,22843
gene_13887,PPM1F|9647,PPM1F,9647
gene_13888,PPM1G|5496,PPM1G,5496
gene_13889,PPM1H|57460,PPM1H,57460
gene_13890,PPM1J|333926,PPM1J,333926
gene_13891,PPM1K|152926,PPM1K,152926
gene_13892,PPM1L|151742,PPM1L,151742
gene_13893,PPM1M|132160,PPM1M,132160
gene_13894,PPM1N|147699,PPM1N,147699
gene_13895,PPME1|51400,PPME1,51400
gene_13896,PPOX|5498,PPOX,5498
gene_13897,PPP1CA|5499,PPP1CA,5499
gene_13898,PPP1CB|5500,PPP1CB,5500
gene_13899,PPP1CC|5501,PPP1CC,5501
gene_13900,PPP1R10|5514,PPP1R10,5514
gene_13901,PPP1R11|6992,PPP1R11,6992
gene_13902,PPP1R12A|4659,PPP1R12A,4659
gene_13903,PPP1R12B|4660,PPP1R12B,4660
gene_13904,PPP1R12C|54776,PPP1R12C,54776
gene_13905,PPP1R13B|23368,PPP1R13B,23368
gene_13906,PPP1R13L|10848,PPP1R13L,10848
gene_13907,PPP1R14A|94274,PPP1R14A,94274
gene_13908,PPP1R14B|26472,PPP1R14B,26472
gene_13909,PPP1R14C|81706,PPP1R14C,81706
gene_13910,PPP1R14D|54866,PPP1R14D,54866
gene_13911,PPP1R15A|23645,PPP1R15A,23645
gene_13912,PPP1R15B|84919,PPP1R15B,84919
gene_13913,PPP1R16A|84988,PPP1R16A,84988
gene_13914,PPP1R16B|26051,PPP1R16B,26051
gene_13915,PPP1R1A|5502,PPP1R1A,5502
gene_13916,PPP1R1B|84152,PPP1R1B,84152
gene_13917,PPP1R1C|151242,PPP1R1C,151242
gene_13918,PPP1R2P1|5505,PPP1R2P1,5505
gene_13919,PPP1R2P3|153743,PPP1R2P3,153743
gene_13920,PPP1R2P9|80316,PPP1R2P9,80316
gene_13921,PPP1R2|5504,PPP1R2,5504
gene_13922,PPP1R3A|5506,PPP1R3A,5506
gene_13923,PPP1R3B|79660,PPP1R3B,79660
gene_13924,PPP1R3C|5507,PPP1R3C,5507
gene_13925,PPP1R3D|5509,PPP1R3D,5509
gene_13926,PPP1R3E|90673,PPP1R3E,90673
gene_13927,PPP1R3F|89801,PPP1R3F,89801
gene_13928,PPP1R3G|648791,PPP1R3G,648791
gene_13929,PPP1R7|5510,PPP1R7,5510
gene_13930,PPP1R8|5511,PPP1R8,5511
gene_13931,PPP1R9A|55607,PPP1R9A,55607
gene_13932,PPP1R9B|84687,PPP1R9B,84687
gene_13933,PPP2CA|5515,PPP2CA,5515
gene_13934,PPP2CB|5516,PPP2CB,5516
gene_13935,PPP2R1A|5518,PPP2R1A,5518
gene_13936,PPP2R1B|5519,PPP2R1B,5519
gene_13937,PPP2R2A|5520,PPP2R2A,5520
gene_13938,PPP2R2B|5521,PPP2R2B,5521
gene_13939,PPP2R2C|5522,PPP2R2C,5522
gene_13940,PPP2R2D|55844,PPP2R2D,55844
gene_13941,PPP2R3A|5523,PPP2R3A,5523
gene_13942,PPP2R3B|28227,PPP2R3B,28227
gene_13943,PPP2R3C|55012,PPP2R3C,55012
gene_13944,PPP2R4|5524,PPP2R4,5524
gene_13945,PPP2R5A|5525,PPP2R5A,5525
gene_13946,PPP2R5B|5526,PPP2R5B,5526
gene_13947,PPP2R5C|5527,PPP2R5C,5527
gene_13948,PPP2R5D|5528,PPP2R5D,5528
gene_13949,PPP2R5E|5529,PPP2R5E,5529
gene_13950,PPP3CA|5530,PPP3CA,5530
gene_13951,PPP3CB|5532,PPP3CB,5532
gene_13952,PPP3CC|5533,PPP3CC,5533
gene_13953,PPP3R1|5534,PPP3R1,5534
gene_13954,PPP3R2|5535,PPP3R2,5535
gene_13955,PPP4C|5531,PPP4C,5531
gene_13956,PPP4R1L|55370,PPP4R1L,55370
gene_13957,PPP4R1|9989,PPP4R1,9989
gene_13958,PPP4R2|151987,PPP4R2,151987
gene_13959,PPP4R4|57718,PPP4R4,57718
gene_13960,PPP5C|5536,PPP5C,5536
gene_13961,PPP6C|5537,PPP6C,5537
gene_13962,PPPDE1|51029,PPPDE1,51029
gene_13963,PPPDE2|27351,PPPDE2,27351
gene_13964,PPRC1|23082,PPRC1,23082
gene_13965,PPT1|5538,PPT1,5538
gene_13966,PPT2|9374,PPT2,9374
gene_13967,PPTC7|160760,PPTC7,160760
gene_13968,PPWD1|23398,PPWD1,23398
gene_13969,PPY2|23614,PPY2,23614
gene_13970,PPYR1|5540,PPYR1,5540
gene_13971,PPY|5539,PPY,5539
gene_13972,PQBP1|10084,PQBP1,10084
gene_13973,PQLC1|80148,PQLC1,80148
gene_13974,PQLC2|54896,PQLC2,54896
gene_13975,PQLC3|130814,PQLC3,130814
gene_13976,PRAC|84366,PRAC,84366
gene_13977,PRAF2|11230,PRAF2,11230
gene_13978,PRAM1|84106,PRAM1,84106
gene_13979,PRAMEF10|343071,PRAMEF10,343071
gene_13980,PRAMEF11|440560,PRAMEF11,440560
gene_13981,PRAMEF12|390999,PRAMEF12,390999
gene_13982,PRAMEF13|400736,PRAMEF13,400736
gene_13983,PRAMEF14|729528,PRAMEF14,729528
gene_13984,PRAMEF16|654348,PRAMEF16,654348
gene_13985,PRAMEF17|391004,PRAMEF17,391004
gene_13986,PRAMEF18|391003,PRAMEF18,391003
gene_13987,PRAMEF1|65121,PRAMEF1,65121
gene_13988,PRAMEF20|645425,PRAMEF20,645425
gene_13989,PRAMEF22|653606,PRAMEF22,653606
gene_13990,PRAMEF2|65122,PRAMEF2,65122
gene_13991,PRAMEF3|401940,PRAMEF3,401940
gene_13992,PRAMEF4|400735,PRAMEF4,400735
gene_13993,PRAMEF5|343068,PRAMEF5,343068
gene_13994,PRAMEF6|440561,PRAMEF6,440561
gene_13995,PRAMEF8|391002,PRAMEF8,391002
gene_13996,PRAMEF9|343070,PRAMEF9,343070
gene_13997,PRAME|23532,PRAME,23532
gene_13998,PRAP1|118471,PRAP1,118471
gene_13999,PRB1|5542,PRB1,5542
gene_14000,PRB2|653247,PRB2,653247
gene_14001,PRB3|5544,PRB3,5544
gene_14002,PRB4|5545,PRB4,5545
gene_14003,PRC1|9055,PRC1,9055
gene_14004,PRCC|5546,PRCC,5546
gene_14005,PRCD|768206,PRCD,768206
gene_14006,PRCP|5547,PRCP,5547
gene_14007,PRDM10|56980,PRDM10,56980
gene_14008,PRDM11|56981,PRDM11,56981
gene_14009,PRDM12|59335,PRDM12,59335
gene_14010,PRDM13|59336,PRDM13,59336
gene_14011,PRDM14|63978,PRDM14,63978
gene_14012,PRDM15|63977,PRDM15,63977
gene_14013,PRDM16|63976,PRDM16,63976
gene_14014,PRDM1|639,PRDM1,639
gene_14015,PRDM2|7799,PRDM2,7799
gene_14016,PRDM4|11108,PRDM4,11108
gene_14017,PRDM5|11107,PRDM5,11107
gene_14018,PRDM6|93166,PRDM6,93166
gene_14019,PRDM7|11105,PRDM7,11105
gene_14020,PRDM8|56978,PRDM8,56978
gene_14021,PRDM9|56979,PRDM9,56979
gene_14022,PRDX1|5052,PRDX1,5052
gene_14023,PRDX2|7001,PRDX2,7001
gene_14024,PRDX3|10935,PRDX3,10935
gene_14025,PRDX4|10549,PRDX4,10549
gene_14026,PRDX5|25824,PRDX5,25824
gene_14027,PRDX6|9588,PRDX6,9588
gene_14028,PRDXDD1P|344405,PRDXDD1P,344405
gene_14029,PREB|10113,PREB,10113
gene_14030,PRELID1|27166,PRELID1,27166
gene_14031,PRELID2|153768,PRELID2,153768
gene_14032,PRELP|5549,PRELP,5549
gene_14033,PREPL|9581,PREPL,9581
gene_14034,PREP|5550,PREP,5550
gene_14035,PREX1|57580,PREX1,57580
gene_14036,PREX2|80243,PREX2,80243
gene_14037,PRF1|5551,PRF1,5551
gene_14038,PRG1|23574,PRG1,23574
gene_14039,PRG2|5553,PRG2,5553
gene_14040,PRG3|10394,PRG3,10394
gene_14041,PRG4|10216,PRG4,10216
gene_14042,PRH1|5554,PRH1,5554
gene_14043,PRH2|5555,PRH2,5555
gene_14044,PRHOXNB|646625,PRHOXNB,646625
gene_14045,PRIC285|85441,PRIC285,85441
gene_14046,PRICKLE1|144165,PRICKLE1,144165
gene_14047,PRICKLE2|166336,PRICKLE2,166336
gene_14048,PRICKLE3|4007,PRICKLE3,4007
gene_14049,PRICKLE4|29964,PRICKLE4,29964
gene_14050,PRIM1|5557,PRIM1,5557
gene_14051,PRIM2|5558,PRIM2,5558
gene_14052,PRIMA1|145270,PRIMA1,145270
gene_14053,PRINS|100169750,PRINS,100169750
gene_14054,PRKAA1|5562,PRKAA1,5562
gene_14055,PRKAA2|5563,PRKAA2,5563
gene_14056,PRKAB1|5564,PRKAB1,5564
gene_14057,PRKAB2|5565,PRKAB2,5565
gene_14058,PRKACA|5566,PRKACA,5566
gene_14059,PRKACB|5567,PRKACB,5567
gene_14060,PRKACG|5568,PRKACG,5568
gene_14061,PRKAG1|5571,PRKAG1,5571
gene_14062,PRKAG2|51422,PRKAG2,51422
gene_14063,PRKAG3|53632,PRKAG3,53632
gene_14064,PRKAR1A|5573,PRKAR1A,5573
gene_14065,PRKAR1B|5575,PRKAR1B,5575
gene_14066,PRKAR2A|5576,PRKAR2A,5576
gene_14067,PRKAR2B|5577,PRKAR2B,5577
gene_14068,PRKCA|5578,PRKCA,5578
gene_14069,PRKCB|5579,PRKCB,5579
gene_14070,PRKCDBP|112464,PRKCDBP,112464
gene_14071,PRKCD|5580,PRKCD,5580
gene_14072,PRKCE|5581,PRKCE,5581
gene_14073,PRKCG|5582,PRKCG,5582
gene_14074,PRKCH|5583,PRKCH,5583
gene_14075,PRKCI|5584,PRKCI,5584
gene_14076,PRKCQ|5588,PRKCQ,5588
gene_14077,PRKCSH|5589,PRKCSH,5589
gene_14078,PRKCZ|5590,PRKCZ,5590
gene_14079,PRKD1|5587,PRKD1,5587
gene_14080,PRKD2|25865,PRKD2,25865
gene_14081,PRKD3|23683,PRKD3,23683
gene_14082,PRKDC|5591,PRKDC,5591
gene_14083,PRKG1|5592,PRKG1,5592
gene_14084,PRKG2|5593,PRKG2,5593
gene_14085,PRKRA|8575,PRKRA,8575
gene_14086,PRKRIP1|79706,PRKRIP1,79706
gene_14087,PRKRIR|5612,PRKRIR,5612
gene_14088,PRKX|5613,PRKX,5613
gene_14089,PRKY|5616,PRKY,5616
gene_14090,PRLHR|2834,PRLHR,2834
gene_14091,PRLH|51052,PRLH,51052
gene_14092,PRLR|5618,PRLR,5618
gene_14093,PRL|5617,PRL,5617
gene_14094,PRM1|5619,PRM1,5619
gene_14095,PRM2|5620,PRM2,5620
gene_14096,PRM3|58531,PRM3,58531
gene_14097,PRMT10|90826,PRMT10,90826
gene_14098,PRMT1|3276,PRMT1,3276
gene_14099,PRMT2|3275,PRMT2,3275
gene_14100,PRMT3|10196,PRMT3,10196
gene_14101,PRMT5|10419,PRMT5,10419
gene_14102,PRMT6|55170,PRMT6,55170
gene_14103,PRMT7|54496,PRMT7,54496
gene_14104,PRMT8|56341,PRMT8,56341
gene_14105,PRND|23627,PRND,23627
gene_14106,PRNP|5621,PRNP,5621
gene_14107,PRNT|149830,PRNT,149830
gene_14108,PRO0611|28997,PRO0611,28997
gene_14109,PRO0628|29053,PRO0628,29053
gene_14110,PRO1768|29018,PRO1768,29018
gene_14111,PROCA1|147011,PROCA1,147011
gene_14112,PROCR|10544,PROCR,10544
gene_14113,PROC|5624,PROC,5624
gene_14114,PRODH2|58510,PRODH2,58510
gene_14115,PRODH|5625,PRODH,5625
gene_14116,PROK1|84432,PROK1,84432
gene_14117,PROK2|60675,PROK2,60675
gene_14118,PROKR1|10887,PROKR1,10887
gene_14119,PROKR2|128674,PROKR2,128674
gene_14120,PROL1|58503,PROL1,58503
gene_14121,PROM1|8842,PROM1,8842
gene_14122,PROM2|150696,PROM2,150696
gene_14123,PROP1|5626,PROP1,5626
gene_14124,PROS1|5627,PROS1,5627
gene_14125,PROSC|11212,PROSC,11212
gene_14126,PROX1|5629,PROX1,5629
gene_14127,PROX2|283571,PROX2,283571
gene_14128,PROZ|8858,PROZ,8858
gene_14129,PRPF18|8559,PRPF18,8559
gene_14130,PRPF19|27339,PRPF19,27339
gene_14131,PRPF31|26121,PRPF31,26121
gene_14132,PRPF38A|84950,PRPF38A,84950
gene_14133,PRPF38B|55119,PRPF38B,55119
gene_14134,PRPF39|55015,PRPF39,55015
gene_14135,PRPF3|9129,PRPF3,9129
gene_14136,PRPF40A|55660,PRPF40A,55660
gene_14137,PRPF40B|25766,PRPF40B,25766
gene_14138,PRPF4B|8899,PRPF4B,8899
gene_14139,PRPF4|9128,PRPF4,9128
gene_14140,PRPF6|24148,PRPF6,24148
gene_14141,PRPF8|10594,PRPF8,10594
gene_14142,PRPH2|5961,PRPH2,5961
gene_14143,PRPH|5630,PRPH,5630
gene_14144,PRPS1L1|221823,PRPS1L1,221823
gene_14145,PRPS1|5631,PRPS1,5631
gene_14146,PRPS2|5634,PRPS2,5634
gene_14147,PRPSAP1|5635,PRPSAP1,5635
gene_14148,PRPSAP2|5636,PRPSAP2,5636
gene_14149,PRR11|55771,PRR11,55771
gene_14150,PRR12|57479,PRR12,57479
gene_14151,PRR13|54458,PRR13,54458
gene_14152,PRR14|78994,PRR14,78994
gene_14153,PRR15L|79170,PRR15L,79170
gene_14154,PRR15|222171,PRR15,222171
gene_14155,PRR16|51334,PRR16,51334
gene_14156,PRR18|285800,PRR18,285800
gene_14157,PRR19|284338,PRR19,284338
gene_14158,PRR20A|122183,PRR20A,122183
gene_14159,PRR20B|729233,PRR20B,729233
gene_14160,PRR20C|729240,PRR20C,729240
gene_14161,PRR20D|729246,PRR20D,729246
gene_14162,PRR21|643905,PRR21,643905
gene_14163,PRR22|163154,PRR22,163154
gene_14164,PRR23A|729627,PRR23A,729627
gene_14165,PRR23B|389151,PRR23B,389151
gene_14166,PRR23C|389152,PRR23C,389152
gene_14167,PRR24|255783,PRR24,255783
gene_14168,PRR25|388199,PRR25,388199
gene_14169,PRR3|80742,PRR3,80742
gene_14170,PRR4|11272,PRR4,11272
gene_14171,PRR5-ARHGAP8|553158,PRR5-ARHGAP8,553158
gene_14172,PRR5L|79899,PRR5L,79899
gene_14173,PRR5|55615,PRR5,55615
gene_14174,PRR7|80758,PRR7,80758
gene_14175,PRRC1|133619,PRRC1,133619
gene_14176,PRRG1|5638,PRRG1,5638
gene_14177,PRRG2|5639,PRRG2,5639
gene_14178,PRRG3|79057,PRRG3,79057
gene_14179,PRRG4|79056,PRRG4,79056
gene_14180,PRRT1|80863,PRRT1,80863
gene_14181,PRRT2|112476,PRRT2,112476
gene_14182,PRRT3|285368,PRRT3,285368
gene_14183,PRRT4|401399,PRRT4,401399
gene_14184,PRRX1|5396,PRRX1,5396
gene_14185,PRRX2|51450,PRRX2,51450
gene_14186,PRSS12|8492,PRSS12,8492
gene_14187,PRSS16|10279,PRSS16,10279
gene_14188,PRSS1|5644,PRSS1,5644
gene_14189,PRSS21|10942,PRSS21,10942
gene_14190,PRSS22|64063,PRSS22,64063
gene_14191,PRSS23|11098,PRSS23,11098
gene_14192,PRSS27|83886,PRSS27,83886
gene_14193,PRSS30P|124221,PRSS30P,124221
gene_14194,PRSS33|260429,PRSS33,260429
gene_14195,PRSS35|167681,PRSS35,167681
gene_14196,PRSS36|146547,PRSS36,146547
gene_14197,PRSS37|136242,PRSS37,136242
gene_14198,PRSS38|339501,PRSS38,339501
gene_14199,PRSS3|5646,PRSS3,5646
gene_14200,PRSS41|360226,PRSS41,360226
gene_14201,PRSS42|339906,PRSS42,339906
gene_14202,PRSS45|377047,PRSS45,377047
gene_14203,PRSS48|345062,PRSS48,345062
gene_14204,PRSS50|29122,PRSS50,29122
gene_14205,PRSS53|339105,PRSS53,339105
gene_14206,PRSS54|221191,PRSS54,221191
gene_14207,PRSS55|203074,PRSS55,203074
gene_14208,PRSS8|5652,PRSS8,5652
gene_14209,PRSSL1|400668,PRSSL1,400668
gene_14210,PRTFDC1|56952,PRTFDC1,56952
gene_14211,PRTG|283659,PRTG,283659
gene_14212,PRTN3|5657,PRTN3,5657
gene_14213,PRUNE2|158471,PRUNE2,158471
gene_14214,PRUNE|58497,PRUNE,58497
gene_14215,PRX|57716,PRX,57716
gene_14216,PRY2|442862,PRY2,442862
gene_14217,PSAPL1|768239,PSAPL1,768239
gene_14218,PSAP|5660,PSAP,5660
gene_14219,PSAT1|29968,PSAT1,29968
gene_14220,PSCA|8000,PSCA,8000
gene_14221,PSD2|84249,PSD2,84249
gene_14222,PSD3|23362,PSD3,23362
gene_14223,PSD4|23550,PSD4,23550
gene_14224,PSD|5662,PSD,5662
gene_14225,PSEN1|5663,PSEN1,5663
gene_14226,PSEN2|5664,PSEN2,5664
gene_14227,PSENEN|55851,PSENEN,55851
gene_14228,PSG10|653492,PSG10,653492
gene_14229,PSG11|5680,PSG11,5680
gene_14230,PSG1|5669,PSG1,5669
gene_14231,PSG2|5670,PSG2,5670
gene_14232,PSG3|5671,PSG3,5671
gene_14233,PSG4|5672,PSG4,5672
gene_14234,PSG5|5673,PSG5,5673
gene_14235,PSG6|5675,PSG6,5675
gene_14236,PSG7|5676,PSG7,5676
gene_14237,PSG8|440533,PSG8,440533
gene_14238,PSG9|5678,PSG9,5678
gene_14239,PSIMCT-1|100101490,PSIMCT-1,100101490
gene_14240,PSIP1|11168,PSIP1,11168
gene_14241,PSKH1|5681,PSKH1,5681
gene_14242,PSKH2|85481,PSKH2,85481
gene_14243,PSMA1|5682,PSMA1,5682
gene_14244,PSMA2|5683,PSMA2,5683
gene_14245,PSMA3|5684,PSMA3,5684
gene_14246,PSMA4|5685,PSMA4,5685
gene_14247,PSMA5|5686,PSMA5,5686
gene_14248,PSMA6|5687,PSMA6,5687
gene_14249,PSMA7|5688,PSMA7,5688
gene_14250,PSMA8|143471,PSMA8,143471
gene_14251,PSMB10|5699,PSMB10,5699
gene_14252,PSMB11|122706,PSMB11,122706
gene_14253,PSMB1|5689,PSMB1,5689
gene_14254,PSMB2|5690,PSMB2,5690
gene_14255,PSMB3|5691,PSMB3,5691
gene_14256,PSMB4|5692,PSMB4,5692
gene_14257,PSMB5|5693,PSMB5,5693
gene_14258,PSMB6|5694,PSMB6,5694
gene_14259,PSMB7|5695,PSMB7,5695
gene_14260,PSMB8|5696,PSMB8,5696
gene_14261,PSMB9|5698,PSMB9,5698
gene_14262,PSMC1|5700,PSMC1,5700
gene_14263,PSMC2|5701,PSMC2,5701
gene_14264,PSMC3IP|29893,PSMC3IP,29893
gene_14265,PSMC3|5702,PSMC3,5702
gene_14266,PSMC4|5704,PSMC4,5704
gene_14267,PSMC5|5705,PSMC5,5705
gene_14268,PSMC6|5706,PSMC6,5706
gene_14269,PSMD10|5716,PSMD10,5716
gene_14270,PSMD11|5717,PSMD11,5717
gene_14271,PSMD12|5718,PSMD12,5718
gene_14272,PSMD13|5719,PSMD13,5719
gene_14273,PSMD14|10213,PSMD14,10213
gene_14274,PSMD1|5707,PSMD1,5707
gene_14275,PSMD2|5708,PSMD2,5708
gene_14276,PSMD3|5709,PSMD3,5709
gene_14277,PSMD4|5710,PSMD4,5710
gene_14278,PSMD5|5711,PSMD5,5711
gene_14279,PSMD6|9861,PSMD6,9861
gene_14280,PSMD7|5713,PSMD7,5713
gene_14281,PSMD8|5714,PSMD8,5714
gene_14282,PSMD9|5715,PSMD9,5715
gene_14283,PSME1|5720,PSME1,5720
gene_14284,PSME2|5721,PSME2,5721
gene_14285,PSME3|10197,PSME3,10197
gene_14286,PSME4|23198,PSME4,23198
gene_14287,PSMF1|9491,PSMF1,9491
gene_14288,PSMG1|8624,PSMG1,8624
gene_14289,PSMG2|56984,PSMG2,56984
gene_14290,PSMG3|84262,PSMG3,84262
gene_14291,PSMG4|389362,PSMG4,389362
gene_14292,PSORS1C1|170679,PSORS1C1,170679
gene_14293,PSORS1C2|170680,PSORS1C2,170680
gene_14294,PSORS1C3|100130889,PSORS1C3,100130889
gene_14295,PSPC1|55269,PSPC1,55269
gene_14296,PSPH|5723,PSPH,5723
gene_14297,PSPN|5623,PSPN,5623
gene_14298,PSRC1|84722,PSRC1,84722
gene_14299,PSTK|118672,PSTK,118672
gene_14300,PSTPIP1|9051,PSTPIP1,9051
gene_14301,PSTPIP2|9050,PSTPIP2,9050
gene_14302,PTAFR|5724,PTAFR,5724
gene_14303,PTAR1|375743,PTAR1,375743
gene_14304,PTBP1|5725,PTBP1,5725
gene_14305,PTBP2|58155,PTBP2,58155
gene_14306,PTCD1|26024,PTCD1,26024
gene_14307,PTCD2|79810,PTCD2,79810
gene_14308,PTCD3|55037,PTCD3,55037
gene_14309,PTCH1|5727,PTCH1,5727
gene_14310,PTCH2|8643,PTCH2,8643
gene_14311,PTCHD1|139411,PTCHD1,139411
gene_14312,PTCHD2|57540,PTCHD2,57540
gene_14313,PTCHD3|374308,PTCHD3,374308
gene_14314,PTCRA|171558,PTCRA,171558
gene_14315,PTDSS1|9791,PTDSS1,9791
gene_14316,PTDSS2|81490,PTDSS2,81490
gene_14317,PTENP1|11191,PTENP1,11191
gene_14318,PTEN|5728,PTEN,5728
gene_14319,PTER|9317,PTER,9317
gene_14320,PTF1A|256297,PTF1A,256297
gene_14321,PTGDR|5729,PTGDR,5729
gene_14322,PTGDS|5730,PTGDS,5730
gene_14323,PTGER1|5731,PTGER1,5731
gene_14324,PTGER2|5732,PTGER2,5732
gene_14325,PTGER3|5733,PTGER3,5733
gene_14326,PTGER4|5734,PTGER4,5734
gene_14327,PTGES2|80142,PTGES2,80142
gene_14328,PTGES3|10728,PTGES3,10728
gene_14329,PTGES|9536,PTGES,9536
gene_14330,PTGFRN|5738,PTGFRN,5738
gene_14331,PTGFR|5737,PTGFR,5737
gene_14332,PTGIR|5739,PTGIR,5739
gene_14333,PTGIS|5740,PTGIS,5740
gene_14334,PTGR1|22949,PTGR1,22949
gene_14335,PTGR2|145482,PTGR2,145482
gene_14336,PTGS1|5742,PTGS1,5742
gene_14337,PTGS2|5743,PTGS2,5743
gene_14338,PTH1R|5745,PTH1R,5745
gene_14339,PTH2R|5746,PTH2R,5746
gene_14340,PTH2|113091,PTH2,113091
gene_14341,PTHLH|5744,PTHLH,5744
gene_14342,PTH|5741,PTH,5741
gene_14343,PTK2B|2185,PTK2B,2185
gene_14344,PTK2|5747,PTK2,5747
gene_14345,PTK6|5753,PTK6,5753
gene_14346,PTK7|5754,PTK7,5754
gene_14347,PTMA|5757,PTMA,5757
gene_14348,PTMS|5763,PTMS,5763
gene_14349,PTN|5764,PTN,5764
gene_14350,PTOV1|53635,PTOV1,53635
gene_14351,PTP4A1|7803,PTP4A1,7803
gene_14352,PTP4A2|8073,PTP4A2,8073
gene_14353,PTP4A3|11156,PTP4A3,11156
gene_14354,PTPDC1|138639,PTPDC1,138639
gene_14355,PTPLAD1|51495,PTPLAD1,51495
gene_14356,PTPLAD2|401494,PTPLAD2,401494
gene_14357,PTPLA|9200,PTPLA,9200
gene_14358,PTPLB|201562,PTPLB,201562
gene_14359,PTPMT1|114971,PTPMT1,114971
gene_14360,PTPN11|5781,PTPN11,5781
gene_14361,PTPN12|5782,PTPN12,5782
gene_14362,PTPN13|5783,PTPN13,5783
gene_14363,PTPN14|5784,PTPN14,5784
gene_14364,PTPN18|26469,PTPN18,26469
gene_14365,PTPN1|5770,PTPN1,5770
gene_14366,PTPN20A|653129,PTPN20A,653129
gene_14367,PTPN20B|26095,PTPN20B,26095
gene_14368,PTPN21|11099,PTPN21,11099
gene_14369,PTPN22|26191,PTPN22,26191
gene_14370,PTPN23|25930,PTPN23,25930
gene_14371,PTPN2|5771,PTPN2,5771
gene_14372,PTPN3|5774,PTPN3,5774
gene_14373,PTPN4|5775,PTPN4,5775
gene_14374,PTPN5|84867,PTPN5,84867
gene_14375,PTPN6|5777,PTPN6,5777
gene_14376,PTPN7|5778,PTPN7,5778
gene_14377,PTPN9|5780,PTPN9,5780
gene_14378,PTPRA|5786,PTPRA,5786
gene_14379,PTPRB|5787,PTPRB,5787
gene_14380,PTPRCAP|5790,PTPRCAP,5790
gene_14381,PTPRC|5788,PTPRC,5788
gene_14382,PTPRD|5789,PTPRD,5789
gene_14383,PTPRE|5791,PTPRE,5791
gene_14384,PTPRF|5792,PTPRF,5792
gene_14385,PTPRG|5793,PTPRG,5793
gene_14386,PTPRH|5794,PTPRH,5794
gene_14387,PTPRJ|5795,PTPRJ,5795
gene_14388,PTPRK|5796,PTPRK,5796
gene_14389,PTPRM|5797,PTPRM,5797
gene_14390,PTPRN2|5799,PTPRN2,5799
gene_14391,PTPRN|5798,PTPRN,5798
gene_14392,PTPRO|5800,PTPRO,5800
gene_14393,PTPRQ|374462,PTPRQ,374462
gene_14394,PTPRR|5801,PTPRR,5801
gene_14395,PTPRS|5802,PTPRS,5802
gene_14396,PTPRT|11122,PTPRT,11122
gene_14397,PTPRU|10076,PTPRU,10076
gene_14398,PTPRVP|148713,PTPRVP,148713
gene_14399,PTPRZ1|5803,PTPRZ1,5803
gene_14400,PTRF|284119,PTRF,284119
gene_14401,PTRH1|138428,PTRH1,138428
gene_14402,PTRH2|51651,PTRH2,51651
gene_14403,PTS|5805,PTS,5805
gene_14404,PTTG1IP|754,PTTG1IP,754
gene_14405,PTTG1|9232,PTTG1,9232
gene_14406,PTTG2|10744,PTTG2,10744
gene_14407,PTTG3P|26255,PTTG3P,26255
gene_14408,PTX3|5806,PTX3,5806
gene_14409,PTX4|390667,PTX4,390667
gene_14410,PUF60|22827,PUF60,22827
gene_14411,PUM1|9698,PUM1,9698
gene_14412,PUM2|23369,PUM2,23369
gene_14413,PURA|5813,PURA,5813
gene_14414,PURB|5814,PURB,5814
gene_14415,PURG|29942,PURG,29942
gene_14416,PUS10|150962,PUS10,150962
gene_14417,PUS1|80324,PUS1,80324
gene_14418,PUS3|83480,PUS3,83480
gene_14419,PUS7L|83448,PUS7L,83448
gene_14420,PUS7|54517,PUS7,54517
gene_14421,PUSL1|126789,PUSL1,126789
gene_14422,PVALB|5816,PVALB,5816
gene_14423,PVRIG|79037,PVRIG,79037
gene_14424,PVRL1|5818,PVRL1,5818
gene_14425,PVRL2|5819,PVRL2,5819
gene_14426,PVRL3|25945,PVRL3,25945
gene_14427,PVRL4|81607,PVRL4,81607
gene_14428,PVR|5817,PVR,5817
gene_14429,PVT1|5820,PVT1,5820
gene_14430,PWP1|11137,PWP1,11137
gene_14431,PWP2|5822,PWP2,5822
gene_14432,PWRN1|791114,PWRN1,791114
gene_14433,PWRN2|791115,PWRN2,791115
gene_14434,PWWP2A|114825,PWWP2A,114825
gene_14435,PWWP2B|170394,PWWP2B,170394
gene_14436,PXDNL|137902,PXDNL,137902
gene_14437,PXDN|7837,PXDN,7837
gene_14438,PXK|54899,PXK,54899
gene_14439,PXMP2|5827,PXMP2,5827
gene_14440,PXMP4|11264,PXMP4,11264
gene_14441,PXN|5829,PXN,5829
gene_14442,PXT1|222659,PXT1,222659
gene_14443,PYCARD|29108,PYCARD,29108
gene_14444,PYCR1|5831,PYCR1,5831
gene_14445,PYCR2|29920,PYCR2,29920
gene_14446,PYCRL|65263,PYCRL,65263
gene_14447,PYDC1|260434,PYDC1,260434
gene_14448,PYDC2|152138,PYDC2,152138
gene_14449,PYGB|5834,PYGB,5834
gene_14450,PYGL|5836,PYGL,5836
gene_14451,PYGM|5837,PYGM,5837
gene_14452,PYGO1|26108,PYGO1,26108
gene_14453,PYGO2|90780,PYGO2,90780
gene_14454,PYHIN1|149628,PYHIN1,149628
gene_14455,PYROXD1|79912,PYROXD1,79912
gene_14456,PYROXD2|84795,PYROXD2,84795
gene_14457,PYY2|23615,PYY2,23615
gene_14458,PYY|5697,PYY,5697
gene_14459,PZP|5858,PZP,5858
gene_14460,ProSAPiP1|9762,ProSAPiP1,9762
gene_14461,QARS|5859,QARS,5859
gene_14462,QDPR|5860,QDPR,5860
gene_14463,QKI|9444,QKI,9444
gene_14464,QPCTL|54814,QPCTL,54814
gene_14465,QPCT|25797,QPCT,25797
gene_14466,QPRT|23475,QPRT,23475
gene_14467,QRFPR|84109,QRFPR,84109
gene_14468,QRFP|347148,QRFP,347148
gene_14469,QRICH1|54870,QRICH1,54870
gene_14470,QRICH2|84074,QRICH2,84074
gene_14471,QRSL1|55278,QRSL1,55278
gene_14472,QSER1|79832,QSER1,79832
gene_14473,QSOX1|5768,QSOX1,5768
gene_14474,QSOX2|169714,QSOX2,169714
gene_14475,QTRT1|81890,QTRT1,81890
gene_14476,QTRTD1|79691,QTRTD1,79691
gene_14477,R3HCC1|203069,R3HCC1,203069
gene_14478,R3HDM1|23518,R3HDM1,23518
gene_14479,R3HDM2|22864,R3HDM2,22864
gene_14480,R3HDML|140902,R3HDML,140902
gene_14481,RAB10|10890,RAB10,10890
gene_14482,RAB11A|8766,RAB11A,8766
gene_14483,RAB11B|9230,RAB11B,9230
gene_14484,RAB11FIP1|80223,RAB11FIP1,80223
gene_14485,RAB11FIP2|22841,RAB11FIP2,22841
gene_14486,RAB11FIP3|9727,RAB11FIP3,9727
gene_14487,RAB11FIP4|84440,RAB11FIP4,84440
gene_14488,RAB11FIP5|26056,RAB11FIP5,26056
gene_14489,RAB12|201475,RAB12,201475
gene_14490,RAB13|5872,RAB13,5872
gene_14491,RAB14|51552,RAB14,51552
gene_14492,RAB15|376267,RAB15,376267
gene_14493,RAB17|64284,RAB17,64284
gene_14494,RAB18|22931,RAB18,22931
gene_14495,RAB19|401409,RAB19,401409
gene_14496,RAB1A|5861,RAB1A,5861
gene_14497,RAB1B|81876,RAB1B,81876
gene_14498,RAB20|55647,RAB20,55647
gene_14499,RAB21|23011,RAB21,23011
gene_14500,RAB22A|57403,RAB22A,57403
gene_14501,RAB23|51715,RAB23,51715
gene_14502,RAB24|53917,RAB24,53917
gene_14503,RAB25|57111,RAB25,57111
gene_14504,RAB26|25837,RAB26,25837
gene_14505,RAB27A|5873,RAB27A,5873
gene_14506,RAB27B|5874,RAB27B,5874
gene_14507,RAB28|9364,RAB28,9364
gene_14508,RAB2A|5862,RAB2A,5862
gene_14509,RAB2B|84932,RAB2B,84932
gene_14510,RAB30|27314,RAB30,27314
gene_14511,RAB31|11031,RAB31,11031
gene_14512,RAB32|10981,RAB32,10981
gene_14513,RAB33A|9363,RAB33A,9363
gene_14514,RAB33B|83452,RAB33B,83452
gene_14515,RAB34|83871,RAB34,83871
gene_14516,RAB35|11021,RAB35,11021
gene_14517,RAB36|9609,RAB36,9609
gene_14518,RAB37|326624,RAB37,326624
gene_14519,RAB38|23682,RAB38,23682
gene_14520,RAB39B|116442,RAB39B,116442
gene_14521,RAB39|54734,RAB39,54734
gene_14522,RAB3A|5864,RAB3A,5864
gene_14523,RAB3B|5865,RAB3B,5865
gene_14524,RAB3C|115827,RAB3C,115827
gene_14525,RAB3D|9545,RAB3D,9545
gene_14526,RAB3GAP1|22930,RAB3GAP1,22930
gene_14527,RAB3GAP2|25782,RAB3GAP2,25782
gene_14528,RAB3IL1|5866,RAB3IL1,5866
gene_14529,RAB3IP|117177,RAB3IP,117177
gene_14530,RAB40AL|282808,RAB40AL,282808
gene_14531,RAB40A|142684,RAB40A,142684
gene_14532,RAB40B|10966,RAB40B,10966
gene_14533,RAB40C|57799,RAB40C,57799
gene_14534,RAB41|347517,RAB41,347517
gene_14535,RAB42|115273,RAB42,115273
gene_14536,RAB43|339122,RAB43,339122
gene_14537,RAB4A|5867,RAB4A,5867
gene_14538,RAB4B|53916,RAB4B,53916
gene_14539,RAB5A|5868,RAB5A,5868
gene_14540,RAB5B|5869,RAB5B,5869
gene_14541,RAB5C|5878,RAB5C,5878
gene_14542,RAB6A|5870,RAB6A,5870
gene_14543,RAB6B|51560,RAB6B,51560
gene_14544,RAB6C|84084,RAB6C,84084
gene_14545,RAB7A|7879,RAB7A,7879
gene_14546,RAB7L1|8934,RAB7L1,8934
gene_14547,RAB8A|4218,RAB8A,4218
gene_14548,RAB8B|51762,RAB8B,51762
gene_14549,RAB9A|9367,RAB9A,9367
gene_14550,RAB9BP1|9366,RAB9BP1,9366
gene_14551,RAB9B|51209,RAB9B,51209
gene_14552,RABAC1|10567,RABAC1,10567
gene_14553,RABEP1|9135,RABEP1,9135
gene_14554,RABEP2|79874,RABEP2,79874
gene_14555,RABEPK|10244,RABEPK,10244
gene_14556,RABGAP1L|9910,RABGAP1L,9910
gene_14557,RABGAP1|23637,RABGAP1,23637
gene_14558,RABGEF1|27342,RABGEF1,27342
gene_14559,RABGGTA|5875,RABGGTA,5875
gene_14560,RABGGTB|5876,RABGGTB,5876
gene_14561,RABIF|5877,RABIF,5877
gene_14562,RABL2A|11159,RABL2A,11159
gene_14563,RABL2B|11158,RABL2B,11158
gene_14564,RABL3|285282,RABL3,285282
gene_14565,RABL5|64792,RABL5,64792
gene_14566,RAC1|5879,RAC1,5879
gene_14567,RAC2|5880,RAC2,5880
gene_14568,RAC3|5881,RAC3,5881
gene_14569,RACGAP1P|83956,RACGAP1P,83956
gene_14570,RACGAP1|29127,RACGAP1,29127
gene_14571,RAD17|5884,RAD17,5884
gene_14572,RAD18|56852,RAD18,56852
gene_14573,RAD1|5810,RAD1,5810
gene_14574,RAD21L1|642636,RAD21L1,642636
gene_14575,RAD21|5885,RAD21,5885
gene_14576,RAD23A|5886,RAD23A,5886
gene_14577,RAD23B|5887,RAD23B,5887
gene_14578,RAD50|10111,RAD50,10111
gene_14579,RAD51AP1|10635,RAD51AP1,10635
gene_14580,RAD51AP2|729475,RAD51AP2,729475
gene_14581,RAD51C|5889,RAD51C,5889
gene_14582,RAD51L1|5890,RAD51L1,5890
gene_14583,RAD51L3|5892,RAD51L3,5892
gene_14584,RAD51|5888,RAD51,5888
gene_14585,RAD52|5893,RAD52,5893
gene_14586,RAD54B|25788,RAD54B,25788
gene_14587,RAD54L2|23132,RAD54L2,23132
gene_14588,RAD54L|8438,RAD54L,8438
gene_14589,RAD9A|5883,RAD9A,5883
gene_14590,RAD9B|144715,RAD9B,144715
gene_14591,RADIL|55698,RADIL,55698
gene_14592,RAE1|8480,RAE1,8480
gene_14593,RAET1E|135250,RAET1E,135250
gene_14594,RAET1G|353091,RAET1G,353091
gene_14595,RAET1K|646024,RAET1K,646024
gene_14596,RAET1L|154064,RAET1L,154064
gene_14597,RAF1|5894,RAF1,5894
gene_14598,RAG1AP1|55974,RAG1AP1,55974
gene_14599,RAG1|5896,RAG1,5896
gene_14600,RAG2|5897,RAG2,5897
gene_14601,RAGE|5891,RAGE,5891
gene_14602,RAI14|26064,RAI14,26064
gene_14603,RAI1|10743,RAI1,10743
gene_14604,RAI2|10742,RAI2,10742
gene_14605,RALA|5898,RALA,5898
gene_14606,RALBP1|10928,RALBP1,10928
gene_14607,RALB|5899,RALB,5899
gene_14608,RALGAPA1|253959,RALGAPA1,253959
gene_14609,RALGAPA2|57186,RALGAPA2,57186
gene_14610,RALGAPB|57148,RALGAPB,57148
gene_14611,RALGDS|5900,RALGDS,5900
gene_14612,RALGPS1|9649,RALGPS1,9649
gene_14613,RALGPS2|55103,RALGPS2,55103
gene_14614,RALYL|138046,RALYL,138046
gene_14615,RALY|22913,RALY,22913
gene_14616,RAMP1|10267,RAMP1,10267
gene_14617,RAMP2|10266,RAMP2,10266
gene_14618,RAMP3|10268,RAMP3,10268
gene_14619,RANBP10|57610,RANBP10,57610
gene_14620,RANBP17|64901,RANBP17,64901
gene_14621,RANBP1|5902,RANBP1,5902
gene_14622,RANBP2|5903,RANBP2,5903
gene_14623,RANBP3L|202151,RANBP3L,202151
gene_14624,RANBP3|8498,RANBP3,8498
gene_14625,RANBP6|26953,RANBP6,26953
gene_14626,RANBP9|10048,RANBP9,10048
gene_14627,RANGAP1|5905,RANGAP1,5905
gene_14628,RANGRF|29098,RANGRF,29098
gene_14629,RAN|5901,RAN,5901
gene_14630,RAP1A|5906,RAP1A,5906
gene_14631,RAP1B|5908,RAP1B,5908
gene_14632,RAP1GAP2|23108,RAP1GAP2,23108
gene_14633,RAP1GAP|5909,RAP1GAP,5909
gene_14634,RAP1GDS1|5910,RAP1GDS1,5910
gene_14635,RAP2A|5911,RAP2A,5911
gene_14636,RAP2B|5912,RAP2B,5912
gene_14637,RAP2C|57826,RAP2C,57826
gene_14638,RAPGEF1|2889,RAPGEF1,2889
gene_14639,RAPGEF2|9693,RAPGEF2,9693
gene_14640,RAPGEF3|10411,RAPGEF3,10411
gene_14641,RAPGEF4|11069,RAPGEF4,11069
gene_14642,RAPGEF5|9771,RAPGEF5,9771
gene_14643,RAPGEF6|51735,RAPGEF6,51735
gene_14644,RAPGEFL1|51195,RAPGEFL1,51195
gene_14645,RAPH1|65059,RAPH1,65059
gene_14646,RAPSN|5913,RAPSN,5913
gene_14647,RARA|5914,RARA,5914
gene_14648,RARB|5915,RARB,5915
gene_14649,RARG|5916,RARG,5916
gene_14650,RARRES1|5918,RARRES1,5918
gene_14651,RARRES2|5919,RARRES2,5919
gene_14652,RARRES3|5920,RARRES3,5920
gene_14653,RARS2|57038,RARS2,57038
gene_14654,RARS|5917,RARS,5917
gene_14655,RASA1|5921,RASA1,5921
gene_14656,RASA2|5922,RASA2,5922
gene_14657,RASA3|22821,RASA3,22821
gene_14658,RASA4P|401331,RASA4P,401331
gene_14659,RASA4|10156,RASA4,10156
gene_14660,RASAL1|8437,RASAL1,8437
gene_14661,RASAL2|9462,RASAL2,9462
gene_14662,RASAL3|64926,RASAL3,64926
gene_14663,RASD1|51655,RASD1,51655
gene_14664,RASD2|23551,RASD2,23551
gene_14665,RASEF|158158,RASEF,158158
gene_14666,RASGEF1A|221002,RASGEF1A,221002
gene_14667,RASGEF1B|153020,RASGEF1B,153020
gene_14668,RASGEF1C|255426,RASGEF1C,255426
gene_14669,RASGRF1|5923,RASGRF1,5923
gene_14670,RASGRF2|5924,RASGRF2,5924
gene_14671,RASGRP1|10125,RASGRP1,10125
gene_14672,RASGRP2|10235,RASGRP2,10235
gene_14673,RASGRP3|25780,RASGRP3,25780
gene_14674,RASGRP4|115727,RASGRP4,115727
gene_14675,RASIP1|54922,RASIP1,54922
gene_14676,RASL10A|10633,RASL10A,10633
gene_14677,RASL10B|91608,RASL10B,91608
gene_14678,RASL11A|387496,RASL11A,387496
gene_14679,RASL11B|65997,RASL11B,65997
gene_14680,RASL12|51285,RASL12,51285
gene_14681,RASSF10|644943,RASSF10,644943
gene_14682,RASSF1|11186,RASSF1,11186
gene_14683,RASSF2|9770,RASSF2,9770
gene_14684,RASSF3|283349,RASSF3,283349
gene_14685,RASSF4|83937,RASSF4,83937
gene_14686,RASSF5|83593,RASSF5,83593
gene_14687,RASSF6|166824,RASSF6,166824
gene_14688,RASSF7|8045,RASSF7,8045
gene_14689,RASSF8|11228,RASSF8,11228
gene_14690,RASSF9|9182,RASSF9,9182
gene_14691,RAVER1|125950,RAVER1,125950
gene_14692,RAVER2|55225,RAVER2,55225
gene_14693,RAX2|84839,RAX2,84839
gene_14694,RAX|30062,RAX,30062
gene_14695,RB1CC1|9821,RB1CC1,9821
gene_14696,RB1|5925,RB1,5925
gene_14697,RBAK|57786,RBAK,57786
gene_14698,RBBP4|5928,RBBP4,5928
gene_14699,RBBP5|5929,RBBP5,5929
gene_14700,RBBP6|5930,RBBP6,5930
gene_14701,RBBP7|5931,RBBP7,5931
gene_14702,RBBP8|5932,RBBP8,5932
gene_14703,RBBP9|10741,RBBP9,10741
gene_14704,RBCK1|10616,RBCK1,10616
gene_14705,RBKS|64080,RBKS,64080
gene_14706,RBL1|5933,RBL1,5933
gene_14707,RBL2|5934,RBL2,5934
gene_14708,RBM10|8241,RBM10,8241
gene_14709,RBM11|54033,RBM11,54033
gene_14710,RBM12B|389677,RBM12B,389677
gene_14711,RBM12|10137,RBM12,10137
gene_14712,RBM14|10432,RBM14,10432
gene_14713,RBM15B|29890,RBM15B,29890
gene_14714,RBM15|64783,RBM15,64783
gene_14715,RBM16|22828,RBM16,22828
gene_14716,RBM17|84991,RBM17,84991
gene_14717,RBM18|92400,RBM18,92400
gene_14718,RBM19|9904,RBM19,9904
gene_14719,RBM20|282996,RBM20,282996
gene_14720,RBM22|55696,RBM22,55696
gene_14721,RBM23|55147,RBM23,55147
gene_14722,RBM24|221662,RBM24,221662
gene_14723,RBM25|58517,RBM25,58517
gene_14724,RBM26|64062,RBM26,64062
gene_14725,RBM27|54439,RBM27,54439
gene_14726,RBM28|55131,RBM28,55131
gene_14727,RBM33|155435,RBM33,155435
gene_14728,RBM34|23029,RBM34,23029
gene_14729,RBM38|55544,RBM38,55544
gene_14730,RBM39|9584,RBM39,9584
gene_14731,RBM3|5935,RBM3,5935
gene_14732,RBM41|55285,RBM41,55285
gene_14733,RBM42|79171,RBM42,79171
gene_14734,RBM43|375287,RBM43,375287
gene_14735,RBM44|375316,RBM44,375316
gene_14736,RBM45|129831,RBM45,129831
gene_14737,RBM46|166863,RBM46,166863
gene_14738,RBM47|54502,RBM47,54502
gene_14739,RBM4B|83759,RBM4B,83759
gene_14740,RBM4|5936,RBM4,5936
gene_14741,RBM5|10181,RBM5,10181
gene_14742,RBM6|10180,RBM6,10180
gene_14743,RBM7|10179,RBM7,10179
gene_14744,RBM8A|9939,RBM8A,9939
gene_14745,RBM9|23543,RBM9,23543
gene_14746,RBMS1|5937,RBMS1,5937
gene_14747,RBMS2|5939,RBMS2,5939
gene_14748,RBMS3|27303,RBMS3,27303
gene_14749,RBMX2|51634,RBMX2,51634
gene_14750,RBMXL1|494115,RBMXL1,494115
gene_14751,RBMXL2|27288,RBMXL2,27288
gene_14752,RBMXL3|139804,RBMXL3,139804
gene_14753,RBMX|27316,RBMX,27316
gene_14754,RBMY1A1|5940,RBMY1A1,5940
gene_14755,RBMY1A3P|286557,RBMY1A3P,286557
gene_14756,RBMY1B|378948,RBMY1B,378948
gene_14757,RBMY1E|378950,RBMY1E,378950
gene_14758,RBMY1F|159163,RBMY1F,159163
gene_14759,RBMY1J|378951,RBMY1J,378951
gene_14760,RBMY2EP|159125,RBMY2EP,159125
gene_14761,RBMY2FP|159162,RBMY2FP,159162
gene_14762,RBMY3AP|64593,RBMY3AP,64593
gene_14763,RBP1|5947,RBP1,5947
gene_14764,RBP2|5948,RBP2,5948
gene_14765,RBP3|5949,RBP3,5949
gene_14766,RBP4|5950,RBP4,5950
gene_14767,RBP5|83758,RBP5,83758
gene_14768,RBP7|116362,RBP7,116362
gene_14769,RBPJL|11317,RBPJL,11317
gene_14770,RBPJ|3516,RBPJ,3516
gene_14771,RBPMS2|348093,RBPMS2,348093
gene_14772,RBPMS|11030,RBPMS,11030
gene_14773,RBX1|9978,RBX1,9978
gene_14774,RC3H1|149041,RC3H1,149041
gene_14775,RC3H2|54542,RC3H2,54542
gene_14776,RCAN1|1827,RCAN1,1827
gene_14777,RCAN2|10231,RCAN2,10231
gene_14778,RCAN3|11123,RCAN3,11123
gene_14779,RCBTB1|55213,RCBTB1,55213
gene_14780,RCBTB2|1102,RCBTB2,1102
gene_14781,RCC1|1104,RCC1,1104
gene_14782,RCC2|55920,RCC2,55920
gene_14783,RCCD1|91433,RCCD1,91433
gene_14784,RCE1|9986,RCE1,9986
gene_14785,RCHY1|25898,RCHY1,25898
gene_14786,RCL1|10171,RCL1,10171
gene_14787,RCN1|5954,RCN1,5954
gene_14788,RCN2|5955,RCN2,5955
gene_14789,RCN3|57333,RCN3,57333
gene_14790,RCOR1|23186,RCOR1,23186
gene_14791,RCOR2|283248,RCOR2,283248
gene_14792,RCOR3|55758,RCOR3,55758
gene_14793,RCSD1|92241,RCSD1,92241
gene_14794,RCVRN|5957,RCVRN,5957
gene_14795,RD3|343035,RD3,343035
gene_14796,RDBP|7936,RDBP,7936
gene_14797,RDH10|157506,RDH10,157506
gene_14798,RDH11|51109,RDH11,51109
gene_14799,RDH12|145226,RDH12,145226
gene_14800,RDH13|112724,RDH13,112724
gene_14801,RDH14|57665,RDH14,57665
gene_14802,RDH16|8608,RDH16,8608
gene_14803,RDH5|5959,RDH5,5959
gene_14804,RDH8|50700,RDH8,50700
gene_14805,RDM1|201299,RDM1,201299
gene_14806,RDX|5962,RDX,5962
gene_14807,REC8|9985,REC8,9985
gene_14808,RECK|8434,RECK,8434
gene_14809,RECQL4|9401,RECQL4,9401
gene_14810,RECQL5|9400,RECQL5,9400
gene_14811,RECQL|5965,RECQL,5965
gene_14812,REEP1|65055,REEP1,65055
gene_14813,REEP2|51308,REEP2,51308
gene_14814,REEP3|221035,REEP3,221035
gene_14815,REEP4|80346,REEP4,80346
gene_14816,REEP5|7905,REEP5,7905
gene_14817,REEP6|92840,REEP6,92840
gene_14818,REG1A|5967,REG1A,5967
gene_14819,REG1B|5968,REG1B,5968
gene_14820,REG1P|5969,REG1P,5969
gene_14821,REG3A|5068,REG3A,5068
gene_14822,REG3G|130120,REG3G,130120
gene_14823,REG4|83998,REG4,83998
gene_14824,RELA|5970,RELA,5970
gene_14825,RELB|5971,RELB,5971
gene_14826,RELL1|768211,RELL1,768211
gene_14827,RELL2|285613,RELL2,285613
gene_14828,RELN|5649,RELN,5649
gene_14829,RELT|84957,RELT,84957
gene_14830,REL|5966,REL,5966
gene_14831,REM1|28954,REM1,28954
gene_14832,REM2|161253,REM2,161253
gene_14833,RENBP|5973,RENBP,5973
gene_14834,REN|5972,REN,5972
gene_14835,REP15|387849,REP15,387849
gene_14836,REPIN1|29803,REPIN1,29803
gene_14837,REPS1|85021,REPS1,85021
gene_14838,REPS2|9185,REPS2,9185
gene_14839,RER1|11079,RER1,11079
gene_14840,RERE|473,RERE,473
gene_14841,RERGL|79785,RERGL,79785
gene_14842,RERG|85004,RERG,85004
gene_14843,RESP18|389075,RESP18,389075
gene_14844,REST|5978,REST,5978
gene_14845,RETNLB|84666,RETNLB,84666
gene_14846,RETN|56729,RETN,56729
gene_14847,RETSAT|54884,RETSAT,54884
gene_14848,RET|5979,RET,5979
gene_14849,REV1|51455,REV1,51455
gene_14850,REV3L|5980,REV3L,5980
gene_14851,REXO1L1|254958,REXO1L1,254958
gene_14852,REXO1|57455,REXO1,57455
gene_14853,REXO2|25996,REXO2,25996
gene_14854,REXO4|57109,REXO4,57109
gene_14855,RFC1|5981,RFC1,5981
gene_14856,RFC2|5982,RFC2,5982
gene_14857,RFC3|5983,RFC3,5983
gene_14858,RFC4|5984,RFC4,5984
gene_14859,RFC5|5985,RFC5,5985
gene_14860,RFESD|317671,RFESD,317671
gene_14861,RFFL|117584,RFFL,117584
gene_14862,RFK|55312,RFK,55312
gene_14863,RFNG|5986,RFNG,5986
gene_14864,RFPL1S|10740,RFPL1S,10740
gene_14865,RFPL1|5988,RFPL1,5988
gene_14866,RFPL2|10739,RFPL2,10739
gene_14867,RFPL3S|10737,RFPL3S,10737
gene_14868,RFPL3|10738,RFPL3,10738
gene_14869,RFPL4A|342931,RFPL4A,342931
gene_14870,RFPL4B|442247,RFPL4B,442247
gene_14871,RFT1|91869,RFT1,91869
gene_14872,RFTN1|23180,RFTN1,23180
gene_14873,RFTN2|130132,RFTN2,130132
gene_14874,RFWD2|64326,RFWD2,64326
gene_14875,RFWD3|55159,RFWD3,55159
gene_14876,RFX1|5989,RFX1,5989
gene_14877,RFX2|5990,RFX2,5990
gene_14878,RFX3|5991,RFX3,5991
gene_14879,RFX4|5992,RFX4,5992
gene_14880,RFX5|5993,RFX5,5993
gene_14881,RFX6|222546,RFX6,222546
gene_14882,RFX7|64864,RFX7,64864
gene_14883,RFX8|731220,RFX8,731220
gene_14884,RFXANK|8625,RFXANK,8625
gene_14885,RFXAP|5994,RFXAP,5994
gene_14886,RG9MTD1|54931,RG9MTD1,54931
gene_14887,RG9MTD2|93587,RG9MTD2,93587
gene_14888,RG9MTD3|158234,RG9MTD3,158234
gene_14889,RGAG1|57529,RGAG1,57529
gene_14890,RGAG4|340526,RGAG4,340526
gene_14891,RGL1|23179,RGL1,23179
gene_14892,RGL2|5863,RGL2,5863
gene_14893,RGL3|57139,RGL3,57139
gene_14894,RGL4|266747,RGL4,266747
gene_14895,RGMA|56963,RGMA,56963
gene_14896,RGMB|285704,RGMB,285704
gene_14897,RGNEF|64283,RGNEF,64283
gene_14898,RGN|9104,RGN,9104
gene_14899,RGP1|9827,RGP1,9827
gene_14900,RGPD1|400966,RGPD1,400966
gene_14901,RGPD3|653489,RGPD3,653489
gene_14902,RGPD4|285190,RGPD4,285190
gene_14903,RGPD5|84220,RGPD5,84220
gene_14904,RGPD6|729540,RGPD6,729540
gene_14905,RGPD8|727851,RGPD8,727851
gene_14906,RGR|5995,RGR,5995
gene_14907,RGS10|6001,RGS10,6001
gene_14908,RGS11|8786,RGS11,8786
gene_14909,RGS12|6002,RGS12,6002
gene_14910,RGS13|6003,RGS13,6003
gene_14911,RGS14|10636,RGS14,10636
gene_14912,RGS16|6004,RGS16,6004
gene_14913,RGS17|26575,RGS17,26575
gene_14914,RGS18|64407,RGS18,64407
gene_14915,RGS19|10287,RGS19,10287
gene_14916,RGS1|5996,RGS1,5996
gene_14917,RGS20|8601,RGS20,8601
gene_14918,RGS21|431704,RGS21,431704
gene_14919,RGS22|26166,RGS22,26166
gene_14920,RGS2|5997,RGS2,5997
gene_14921,RGS3|5998,RGS3,5998
gene_14922,RGS4|5999,RGS4,5999
gene_14923,RGS5|8490,RGS5,8490
gene_14924,RGS6|9628,RGS6,9628
gene_14925,RGS7BP|401190,RGS7BP,401190
gene_14926,RGS7|6000,RGS7,6000
gene_14927,RGS8|85397,RGS8,85397
gene_14928,RGS9BP|388531,RGS9BP,388531
gene_14929,RGS9|8787,RGS9,8787
gene_14930,RGSL1|353299,RGSL1,353299
gene_14931,RHAG|6005,RHAG,6005
gene_14932,RHBDD1|84236,RHBDD1,84236
gene_14933,RHBDD2|57414,RHBDD2,57414
gene_14934,RHBDD3|25807,RHBDD3,25807
gene_14935,RHBDF1|64285,RHBDF1,64285
gene_14936,RHBDF2|79651,RHBDF2,79651
gene_14937,RHBDL1|9028,RHBDL1,9028
gene_14938,RHBDL2|54933,RHBDL2,54933
gene_14939,RHBDL3|162494,RHBDL3,162494
gene_14940,RHBG|57127,RHBG,57127
gene_14941,RHCE|6006,RHCE,6006
gene_14942,RHCG|51458,RHCG,51458
gene_14943,RHD|6007,RHD,6007
gene_14944,RHEBL1|121268,RHEBL1,121268
gene_14945,RHEB|6009,RHEB,6009
gene_14946,RHOA|387,RHOA,387
gene_14947,RHOBTB1|9886,RHOBTB1,9886
gene_14948,RHOBTB2|23221,RHOBTB2,23221
gene_14949,RHOBTB3|22836,RHOBTB3,22836
gene_14950,RHOB|388,RHOB,388
gene_14951,RHOC|389,RHOC,389
gene_14952,RHOD|29984,RHOD,29984
gene_14953,RHOF|54509,RHOF,54509
gene_14954,RHOG|391,RHOG,391
gene_14955,RHOH|399,RHOH,399
gene_14956,RHOJ|57381,RHOJ,57381
gene_14957,RHOQ|23433,RHOQ,23433
gene_14958,RHOT1|55288,RHOT1,55288
gene_14959,RHOT2|89941,RHOT2,89941
gene_14960,RHOU|58480,RHOU,58480
gene_14961,RHOV|171177,RHOV,171177
gene_14962,RHOXF1|158800,RHOXF1,158800
gene_14963,RHOXF2B|727940,RHOXF2B,727940
gene_14964,RHO|6010,RHO,6010
gene_14965,RHPN1|114822,RHPN1,114822
gene_14966,RHPN2|85415,RHPN2,85415
gene_14967,RIBC1|158787,RIBC1,158787
gene_14968,RIBC2|26150,RIBC2,26150
gene_14969,RIC3|79608,RIC3,79608
gene_14970,RIC8A|60626,RIC8A,60626
gene_14971,RIC8B|55188,RIC8B,55188
gene_14972,RICH2|9912,RICH2,9912
gene_14973,RICTOR|253260,RICTOR,253260
gene_14974,RIF1|55183,RIF1,55183
gene_14975,RILPL1|353116,RILPL1,353116
gene_14976,RILPL2|196383,RILPL2,196383
gene_14977,RILP|83547,RILP,83547
gene_14978,RIMBP2|23504,RIMBP2,23504
gene_14979,RIMBP3C|150221,RIMBP3C,150221
gene_14980,RIMBP3|85376,RIMBP3,85376
gene_14981,RIMKLA|284716,RIMKLA,284716
gene_14982,RIMKLB|57494,RIMKLB,57494
gene_14983,RIMS1|22999,RIMS1,22999
gene_14984,RIMS2|9699,RIMS2,9699
gene_14985,RIMS3|9783,RIMS3,9783
gene_14986,RIMS4|140730,RIMS4,140730
gene_14987,RIN1|9610,RIN1,9610
gene_14988,RIN2|54453,RIN2,54453
gene_14989,RIN3|79890,RIN3,79890
gene_14990,RING1|6015,RING1,6015
gene_14991,RINL|126432,RINL,126432
gene_14992,RINT1|60561,RINT1,60561
gene_14993,RIOK1|83732,RIOK1,83732
gene_14994,RIOK2|55781,RIOK2,55781
gene_14995,RIOK3|8780,RIOK3,8780
gene_14996,RIPK1|8737,RIPK1,8737
gene_14997,RIPK2|8767,RIPK2,8767
gene_14998,RIPK3|11035,RIPK3,11035
gene_14999,RIPK4|54101,RIPK4,54101
gene_15000,RIPPLY1|92129,RIPPLY1,92129
gene_15001,RIPPLY2|134701,RIPPLY2,134701
gene_15002,RIT1|6016,RIT1,6016
gene_15003,RIT2|6014,RIT2,6014
gene_15004,RLBP1|6017,RLBP1,6017
gene_15005,RLF|6018,RLF,6018
gene_15006,RLIM|51132,RLIM,51132
gene_15007,RLN1|6013,RLN1,6013
gene_15008,RLN2|6019,RLN2,6019
gene_15009,RLN3|117579,RLN3,117579
gene_15010,RLTPR|146206,RLTPR,146206
gene_15011,RMI1|80010,RMI1,80010
gene_15012,RMND1|55005,RMND1,55005
gene_15013,RMND5A|64795,RMND5A,64795
gene_15014,RMND5B|64777,RMND5B,64777
gene_15015,RMRP|6023,RMRP,6023
gene_15016,RMST|196475,RMST,196475
gene_15017,RNASE10|338879,RNASE10,338879
gene_15018,RNASE11|122651,RNASE11,122651
gene_15019,RNASE12|493901,RNASE12,493901
gene_15020,RNASE13|440163,RNASE13,440163
gene_15021,RNASE1|6035,RNASE1,6035
gene_15022,RNASE2|6036,RNASE2,6036
gene_15023,RNASE3|6037,RNASE3,6037
gene_15024,RNASE4|6038,RNASE4,6038
gene_15025,RNASE6|6039,RNASE6,6039
gene_15026,RNASE7|84659,RNASE7,84659
gene_15027,RNASE8|122665,RNASE8,122665
gene_15028,RNASE9|390443,RNASE9,390443
gene_15029,RNASEH1|246243,RNASEH1,246243
gene_15030,RNASEH2A|10535,RNASEH2A,10535
gene_15031,RNASEH2B|79621,RNASEH2B,79621
gene_15032,RNASEH2C|84153,RNASEH2C,84153
gene_15033,RNASEK|440400,RNASEK,440400
gene_15034,RNASEL|6041,RNASEL,6041
gene_15035,RNASEN|29102,RNASEN,29102
gene_15036,RNASET2|8635,RNASET2,8635
gene_15037,RND1|27289,RND1,27289
gene_15038,RND2|8153,RND2,8153
gene_15039,RND3|390,RND3,390
gene_15040,RNF103|7844,RNF103,7844
gene_15041,RNF10|9921,RNF10,9921
gene_15042,RNF111|54778,RNF111,54778
gene_15043,RNF112|7732,RNF112,7732
gene_15044,RNF113A|7737,RNF113A,7737
gene_15045,RNF113B|140432,RNF113B,140432
gene_15046,RNF114|55905,RNF114,55905
gene_15047,RNF115|27246,RNF115,27246
gene_15048,RNF11|26994,RNF11,26994
gene_15049,RNF121|55298,RNF121,55298
gene_15050,RNF122|79845,RNF122,79845
gene_15051,RNF123|63891,RNF123,63891
gene_15052,RNF125|54941,RNF125,54941
gene_15053,RNF126P1|376412,RNF126P1,376412
gene_15054,RNF126|55658,RNF126,55658
gene_15055,RNF128|79589,RNF128,79589
gene_15056,RNF130|55819,RNF130,55819
gene_15057,RNF133|168433,RNF133,168433
gene_15058,RNF135|84282,RNF135,84282
gene_15059,RNF138P1|379013,RNF138P1,379013
gene_15060,RNF138|51444,RNF138,51444
gene_15061,RNF139|11236,RNF139,11236
gene_15062,RNF13|11342,RNF13,11342
gene_15063,RNF141|50862,RNF141,50862
gene_15064,RNF144A|9781,RNF144A,9781
gene_15065,RNF144B|255488,RNF144B,255488
gene_15066,RNF145|153830,RNF145,153830
gene_15067,RNF146|81847,RNF146,81847
gene_15068,RNF148|378925,RNF148,378925
gene_15069,RNF149|284996,RNF149,284996
gene_15070,RNF14|9604,RNF14,9604
gene_15071,RNF150|57484,RNF150,57484
gene_15072,RNF151|146310,RNF151,146310
gene_15073,RNF152|220441,RNF152,220441
gene_15074,RNF157|114804,RNF157,114804
gene_15075,RNF160|26046,RNF160,26046
gene_15076,RNF165|494470,RNF165,494470
gene_15077,RNF166|115992,RNF166,115992
gene_15078,RNF167|26001,RNF167,26001
gene_15079,RNF168|165918,RNF168,165918
gene_15080,RNF169|254225,RNF169,254225
gene_15081,RNF170|81790,RNF170,81790
gene_15082,RNF175|285533,RNF175,285533
gene_15083,RNF17|56163,RNF17,56163
gene_15084,RNF180|285671,RNF180,285671
gene_15085,RNF181|51255,RNF181,51255
gene_15086,RNF182|221687,RNF182,221687
gene_15087,RNF183|138065,RNF183,138065
gene_15088,RNF185|91445,RNF185,91445
gene_15089,RNF186|54546,RNF186,54546
gene_15090,RNF187|149603,RNF187,149603
gene_15091,RNF19A|25897,RNF19A,25897
gene_15092,RNF19B|127544,RNF19B,127544
gene_15093,RNF207|388591,RNF207,388591
gene_15094,RNF208|727800,RNF208,727800
gene_15095,RNF20|56254,RNF20,56254
gene_15096,RNF212|285498,RNF212,285498
gene_15097,RNF213|57674,RNF213,57674
gene_15098,RNF214|257160,RNF214,257160
gene_15099,RNF215|200312,RNF215,200312
gene_15100,RNF216L|441191,RNF216L,441191
gene_15101,RNF216|54476,RNF216,54476
gene_15102,RNF217|154214,RNF217,154214
gene_15103,RNF219|79596,RNF219,79596
gene_15104,RNF220|55182,RNF220,55182
gene_15105,RNF222|643904,RNF222,643904
gene_15106,RNF24|11237,RNF24,11237
gene_15107,RNF25|64320,RNF25,64320
gene_15108,RNF26|79102,RNF26,79102
gene_15109,RNF2|6045,RNF2,6045
gene_15110,RNF31|55072,RNF31,55072
gene_15111,RNF32|140545,RNF32,140545
gene_15112,RNF34|80196,RNF34,80196
gene_15113,RNF38|152006,RNF38,152006
gene_15114,RNF39|80352,RNF39,80352
gene_15115,RNF40|9810,RNF40,9810
gene_15116,RNF41|10193,RNF41,10193
gene_15117,RNF43|54894,RNF43,54894
gene_15118,RNF44|22838,RNF44,22838
gene_15119,RNF4|6047,RNF4,6047
gene_15120,RNF5P1|286140,RNF5P1,286140
gene_15121,RNF5|6048,RNF5,6048
gene_15122,RNF6|6049,RNF6,6049
gene_15123,RNF7|9616,RNF7,9616
gene_15124,RNF8|9025,RNF8,9025
gene_15125,RNFT1|51136,RNFT1,51136
gene_15126,RNFT2|84900,RNFT2,84900
gene_15127,RNGTT|8732,RNGTT,8732
gene_15128,RNH1|6050,RNH1,6050
gene_15129,RNLS|55328,RNLS,55328
gene_15130,RNMTL1|55178,RNMTL1,55178
gene_15131,RNMT|8731,RNMT,8731
gene_15132,RNPC3|55599,RNPC3,55599
gene_15133,RNPEPL1|57140,RNPEPL1,57140
gene_15134,RNPEP|6051,RNPEP,6051
gene_15135,RNPS1|10921,RNPS1,10921
gene_15136,RNU11|26824,RNU11,26824
gene_15137,RNU4ATAC|100151683,RNU4ATAC,100151683
gene_15138,RNU5E|26829,RNU5E,26829
gene_15139,RNU6ATAC|100151684,RNU6ATAC,100151684
gene_15140,RNY4|6086,RNY4,6086
gene_15141,RNY5|6090,RNY5,6090
gene_15142,ROBLD3|28956,ROBLD3,28956
gene_15143,ROBO1|6091,ROBO1,6091
gene_15144,ROBO2|6092,ROBO2,6092
gene_15145,ROBO3|64221,ROBO3,64221
gene_15146,ROBO4|54538,ROBO4,54538
gene_15147,ROCK1|6093,ROCK1,6093
gene_15148,ROCK2|9475,ROCK2,9475
gene_15149,ROD1|9991,ROD1,9991
gene_15150,ROGDI|79641,ROGDI,79641
gene_15151,ROM1|6094,ROM1,6094
gene_15152,ROMO1|140823,ROMO1,140823
gene_15153,ROPN1B|152015,ROPN1B,152015
gene_15154,ROPN1L|83853,ROPN1L,83853
gene_15155,ROPN1|54763,ROPN1,54763
gene_15156,ROR1|4919,ROR1,4919
gene_15157,ROR2|4920,ROR2,4920
gene_15158,RORA|6095,RORA,6095
gene_15159,RORB|6096,RORB,6096
gene_15160,RORC|6097,RORC,6097
gene_15161,ROS1|6098,ROS1,6098
gene_15162,RP1-177G6.2|286411,RP1-177G6.2,286411
gene_15163,RP1L1|94137,RP1L1,94137
gene_15164,RP1|6101,RP1,6101
gene_15165,RP2|6102,RP2,6102
gene_15166,RP9P|441212,RP9P,441212
gene_15167,RP9|6100,RP9,6100
gene_15168,RPA1|6117,RPA1,6117
gene_15169,RPA2|6118,RPA2,6118
gene_15170,RPA3|6119,RPA3,6119
gene_15171,RPA4|29935,RPA4,29935
gene_15172,RPAIN|84268,RPAIN,84268
gene_15173,RPAP1|26015,RPAP1,26015
gene_15174,RPAP2|79871,RPAP2,79871
gene_15175,RPAP3|79657,RPAP3,79657
gene_15176,RPE65|6121,RPE65,6121
gene_15177,RPE|6120,RPE,6120
gene_15178,RPF1|80135,RPF1,80135
gene_15179,RPF2|84154,RPF2,84154
gene_15180,RPGRIP1L|23322,RPGRIP1L,23322
gene_15181,RPGRIP1|57096,RPGRIP1,57096
gene_15182,RPGR|6103,RPGR,6103
gene_15183,RPH3AL|9501,RPH3AL,9501
gene_15184,RPH3A|22895,RPH3A,22895
gene_15185,RPIA|22934,RPIA,22934
gene_15186,RPL10A|4736,RPL10A,4736
gene_15187,RPL10L|140801,RPL10L,140801
gene_15188,RPL10|6134,RPL10,6134
gene_15189,RPL11|6135,RPL11,6135
gene_15190,RPL12|6136,RPL12,6136
gene_15191,RPL13AP17|399670,RPL13AP17,399670
gene_15192,RPL13AP20|387841,RPL13AP20,387841
gene_15193,RPL13AP3|645683,RPL13AP3,645683
gene_15194,RPL13AP6|644511,RPL13AP6,644511
gene_15195,RPL13A|23521,RPL13A,23521
gene_15196,RPL13P5|283345,RPL13P5,283345
gene_15197,RPL13|6137,RPL13,6137
gene_15198,RPL14|9045,RPL14,9045
gene_15199,RPL15|6138,RPL15,6138
gene_15200,RPL17|6139,RPL17,6139
gene_15201,RPL18A|6142,RPL18A,6142
gene_15202,RPL18|6141,RPL18,6141
gene_15203,RPL19P12|100129424,RPL19P12,100129424
gene_15204,RPL19|6143,RPL19,6143
gene_15205,RPL21P44|402176,RPL21P44,402176
gene_15206,RPL21|6144,RPL21,6144
gene_15207,RPL22L1|200916,RPL22L1,200916
gene_15208,RPL22|6146,RPL22,6146
gene_15209,RPL23AP32|56969,RPL23AP32,56969
gene_15210,RPL23AP53|644128,RPL23AP53,644128
gene_15211,RPL23AP64|649946,RPL23AP64,649946
gene_15212,RPL23AP7|118433,RPL23AP7,118433
gene_15213,RPL23AP82|284942,RPL23AP82,284942
gene_15214,RPL23A|6147,RPL23A,6147
gene_15215,RPL23P8|222901,RPL23P8,222901
gene_15216,RPL23|9349,RPL23,9349
gene_15217,RPL24|6152,RPL24,6152
gene_15218,RPL26L1|51121,RPL26L1,51121
gene_15219,RPL26|6154,RPL26,6154
gene_15220,RPL27A|6157,RPL27A,6157
gene_15221,RPL27|6155,RPL27,6155
gene_15222,RPL28|6158,RPL28,6158
gene_15223,RPL29P2|118432,RPL29P2,118432
gene_15224,RPL29|6159,RPL29,6159
gene_15225,RPL30|6156,RPL30,6156
gene_15226,RPL31P11|641311,RPL31P11,641311
gene_15227,RPL31|6160,RPL31,6160
gene_15228,RPL32P3|132241,RPL32P3,132241
gene_15229,RPL32|6161,RPL32,6161
gene_15230,RPL34|6164,RPL34,6164
gene_15231,RPL35A|6165,RPL35A,6165
gene_15232,RPL35|11224,RPL35,11224
gene_15233,RPL36AL|6166,RPL36AL,6166
gene_15234,RPL36A|6173,RPL36A,6173
gene_15235,RPL36|25873,RPL36,25873
gene_15236,RPL37A|6168,RPL37A,6168
gene_15237,RPL37|6167,RPL37,6167
gene_15238,RPL38|6169,RPL38,6169
gene_15239,RPL39L|116832,RPL39L,116832
gene_15240,RPL39|6170,RPL39,6170
gene_15241,RPL3L|6123,RPL3L,6123
gene_15242,RPL3|6122,RPL3,6122
gene_15243,RPL41|6171,RPL41,6171
gene_15244,RPL4|6124,RPL4,6124
gene_15245,RPL5|6125,RPL5,6125
gene_15246,RPL6|6128,RPL6,6128
gene_15247,RPL7A|6130,RPL7A,6130
gene_15248,RPL7L1|285855,RPL7L1,285855
gene_15249,RPL7|6129,RPL7,6129
gene_15250,RPL8|6132,RPL8,6132
gene_15251,RPL9|6133,RPL9,6133
gene_15252,RPLP0P2|113157,RPLP0P2,113157
gene_15253,RPLP0|6175,RPLP0,6175
gene_15254,RPLP1|6176,RPLP1,6176
gene_15255,RPLP2|6181,RPLP2,6181
gene_15256,RPN1|6184,RPN1,6184
gene_15257,RPN2|6185,RPN2,6185
gene_15258,RPP14|11102,RPP14,11102
gene_15259,RPP21|79897,RPP21,79897
gene_15260,RPP25|54913,RPP25,54913
gene_15261,RPP30|10556,RPP30,10556
gene_15262,RPP38|10557,RPP38,10557
gene_15263,RPP40|10799,RPP40,10799
gene_15264,RPPH1|85495,RPPH1,85495
gene_15265,RPRD1A|55197,RPRD1A,55197
gene_15266,RPRD1B|58490,RPRD1B,58490
gene_15267,RPRD2|23248,RPRD2,23248
gene_15268,RPRML|388394,RPRML,388394
gene_15269,RPRM|56475,RPRM,56475
gene_15270,RPS10P7|376693,RPS10P7,376693
gene_15271,RPS10|6204,RPS10,6204
gene_15272,RPS11|6205,RPS11,6205
gene_15273,RPS12|6206,RPS12,6206
gene_15274,RPS13|6207,RPS13,6207
gene_15275,RPS14|6208,RPS14,6208
gene_15276,RPS15AP10|728963,RPS15AP10,728963
gene_15277,RPS15A|6210,RPS15A,6210
gene_15278,RPS15|6209,RPS15,6209
gene_15279,RPS16|6217,RPS16,6217
gene_15280,RPS17|6218,RPS17,6218
gene_15281,RPS18|6222,RPS18,6222
gene_15282,RPS19BP1|91582,RPS19BP1,91582
gene_15283,RPS19|6223,RPS19,6223
gene_15284,RPS20|6224,RPS20,6224
gene_15285,RPS21|6227,RPS21,6227
gene_15286,RPS23|6228,RPS23,6228
gene_15287,RPS24|6229,RPS24,6229
gene_15288,RPS25|6230,RPS25,6230
gene_15289,RPS26P11|441502,RPS26P11,441502
gene_15290,RPS26|6231,RPS26,6231
gene_15291,RPS27A|6233,RPS27A,6233
gene_15292,RPS27L|51065,RPS27L,51065
gene_15293,RPS27|6232,RPS27,6232
gene_15294,RPS28|6234,RPS28,6234
gene_15295,RPS29|6235,RPS29,6235
gene_15296,RPS2P32|256355,RPS2P32,256355
gene_15297,RPS2|6187,RPS2,6187
gene_15298,RPS3A|6189,RPS3A,6189
gene_15299,RPS3|6188,RPS3,6188
gene_15300,RPS4X|6191,RPS4X,6191
gene_15301,RPS4Y1|6192,RPS4Y1,6192
gene_15302,RPS4Y2|140032,RPS4Y2,140032
gene_15303,RPS5|6193,RPS5,6193
gene_15304,RPS6KA1|6195,RPS6KA1,6195
gene_15305,RPS6KA2|6196,RPS6KA2,6196
gene_15306,RPS6KA3|6197,RPS6KA3,6197
gene_15307,RPS6KA4|8986,RPS6KA4,8986
gene_15308,RPS6KA5|9252,RPS6KA5,9252
gene_15309,RPS6KA6|27330,RPS6KA6,27330
gene_15310,RPS6KB1|6198,RPS6KB1,6198
gene_15311,RPS6KB2|6199,RPS6KB2,6199
gene_15312,RPS6KC1|26750,RPS6KC1,26750
gene_15313,RPS6KL1|83694,RPS6KL1,83694
gene_15314,RPS6|6194,RPS6,6194
gene_15315,RPS7|6201,RPS7,6201
gene_15316,RPS8|6202,RPS8,6202
gene_15317,RPS9|6203,RPS9,6203
gene_15318,RPSAP52|204010,RPSAP52,204010
gene_15319,RPSAP58|388524,RPSAP58,388524
gene_15320,RPSAP9|653162,RPSAP9,653162
gene_15321,RPSA|3921,RPSA,3921
gene_15322,RPTN|126638,RPTN,126638
gene_15323,RPTOR|57521,RPTOR,57521
gene_15324,RPUSD1|113000,RPUSD1,113000
gene_15325,RPUSD2|27079,RPUSD2,27079
gene_15326,RPUSD3|285367,RPUSD3,285367
gene_15327,RPUSD4|84881,RPUSD4,84881
gene_15328,RQCD1|9125,RQCD1,9125
gene_15329,RRAD|6236,RRAD,6236
gene_15330,RRAGA|10670,RRAGA,10670
gene_15331,RRAGB|10325,RRAGB,10325
gene_15332,RRAGC|64121,RRAGC,64121
gene_15333,RRAGD|58528,RRAGD,58528
gene_15334,RRAS2|22800,RRAS2,22800
gene_15335,RRAS|6237,RRAS,6237
gene_15336,RRBP1|6238,RRBP1,6238
gene_15337,RREB1|6239,RREB1,6239
gene_15338,RRH|10692,RRH,10692
gene_15339,RRM1|6240,RRM1,6240
gene_15340,RRM2B|50484,RRM2B,50484
gene_15341,RRM2|6241,RRM2,6241
gene_15342,RRN3P1|730092,RRN3P1,730092
gene_15343,RRN3P2|653390,RRN3P2,653390
gene_15344,RRN3P3|100131998,RRN3P3,100131998
gene_15345,RRN3|54700,RRN3,54700
gene_15346,RRP12|23223,RRP12,23223
gene_15347,RRP15|51018,RRP15,51018
gene_15348,RRP1B|23076,RRP1B,23076
gene_15349,RRP1|8568,RRP1,8568
gene_15350,RRP7A|27341,RRP7A,27341
gene_15351,RRP7B|91695,RRP7B,91695
gene_15352,RRP8|23378,RRP8,23378
gene_15353,RRP9|9136,RRP9,9136
gene_15354,RRS1|23212,RRS1,23212
gene_15355,RS1|6247,RS1,6247
gene_15356,RSAD1|55316,RSAD1,55316
gene_15357,RSAD2|91543,RSAD2,91543
gene_15358,RSBN1L|222194,RSBN1L,222194
gene_15359,RSBN1|54665,RSBN1,54665
gene_15360,RSC1A1|6248,RSC1A1,6248
gene_15361,RSF1|51773,RSF1,51773
gene_15362,RSL1D1|26156,RSL1D1,26156
gene_15363,RSL24D1|51187,RSL24D1,51187
gene_15364,RSPH10B2|728194,RSPH10B2,728194
gene_15365,RSPH1|89765,RSPH1,89765
gene_15366,RSPH3|83861,RSPH3,83861
gene_15367,RSPH4A|345895,RSPH4A,345895
gene_15368,RSPH6A|81492,RSPH6A,81492
gene_15369,RSPH9|221421,RSPH9,221421
gene_15370,RSPO1|284654,RSPO1,284654
gene_15371,RSPO2|340419,RSPO2,340419
gene_15372,RSPO3|84870,RSPO3,84870
gene_15373,RSPO4|343637,RSPO4,343637
gene_15374,RSPRY1|89970,RSPRY1,89970
gene_15375,RSRC1|51319,RSRC1,51319
gene_15376,RSRC2|65117,RSRC2,65117
gene_15377,RSU1|6251,RSU1,6251
gene_15378,RTBDN|83546,RTBDN,83546
gene_15379,RTCD1|8634,RTCD1,8634
gene_15380,RTDR1|27156,RTDR1,27156
gene_15381,RTEL1|51750,RTEL1,51750
gene_15382,RTF1|23168,RTF1,23168
gene_15383,RTKN2|219790,RTKN2,219790
gene_15384,RTKN|6242,RTKN,6242
gene_15385,RTL1|388015,RTL1,388015
gene_15386,RTN1|6252,RTN1,6252
gene_15387,RTN2|6253,RTN2,6253
gene_15388,RTN3|10313,RTN3,10313
gene_15389,RTN4IP1|84816,RTN4IP1,84816
gene_15390,RTN4RL1|146760,RTN4RL1,146760
gene_15391,RTN4RL2|349667,RTN4RL2,349667
gene_15392,RTN4R|65078,RTN4R,65078
gene_15393,RTN4|57142,RTN4,57142
gene_15394,RTP1|132112,RTP1,132112
gene_15395,RTP2|344892,RTP2,344892
gene_15396,RTP3|83597,RTP3,83597
gene_15397,RTP4|64108,RTP4,64108
gene_15398,RTTN|25914,RTTN,25914
gene_15399,RUFY1|80230,RUFY1,80230
gene_15400,RUFY2|55680,RUFY2,55680
gene_15401,RUFY3|22902,RUFY3,22902
gene_15402,RUFY4|285180,RUFY4,285180
gene_15403,RUNDC1|146923,RUNDC1,146923
gene_15404,RUNDC2A|84127,RUNDC2A,84127
gene_15405,RUNDC2C|440352,RUNDC2C,440352
gene_15406,RUNDC3A|10900,RUNDC3A,10900
gene_15407,RUNDC3B|154661,RUNDC3B,154661
gene_15408,RUNX1T1|862,RUNX1T1,862
gene_15409,RUNX1|861,RUNX1,861
gene_15410,RUNX2|860,RUNX2,860
gene_15411,RUNX3|864,RUNX3,864
gene_15412,RUSC1|23623,RUSC1,23623
gene_15413,RUSC2|9853,RUSC2,9853
gene_15414,RUVBL1|8607,RUVBL1,8607
gene_15415,RUVBL2|10856,RUVBL2,10856
gene_15416,RWDD1|51389,RWDD1,51389
gene_15417,RWDD2A|112611,RWDD2A,112611
gene_15418,RWDD2B|10069,RWDD2B,10069
gene_15419,RWDD3|25950,RWDD3,25950
gene_15420,RWDD4A|201965,RWDD4A,201965
gene_15421,RXFP1|59350,RXFP1,59350
gene_15422,RXFP2|122042,RXFP2,122042
gene_15423,RXFP3|51289,RXFP3,51289
gene_15424,RXFP4|339403,RXFP4,339403
gene_15425,RXRA|6256,RXRA,6256
gene_15426,RXRB|6257,RXRB,6257
gene_15427,RXRG|6258,RXRG,6258
gene_15428,RYBP|23429,RYBP,23429
gene_15429,RYK|6259,RYK,6259
gene_15430,RYR1|6261,RYR1,6261
gene_15431,RYR2|6262,RYR2,6262
gene_15432,RYR3|6263,RYR3,6263
gene_15433,S100A10|6281,S100A10,6281
gene_15434,S100A11|6282,S100A11,6282
gene_15435,S100A12|6283,S100A12,6283
gene_15436,S100A13|6284,S100A13,6284
gene_15437,S100A14|57402,S100A14,57402
gene_15438,S100A16|140576,S100A16,140576
gene_15439,S100A1|6271,S100A1,6271
gene_15440,S100A2|6273,S100A2,6273
gene_15441,S100A3|6274,S100A3,6274
gene_15442,S100A4|6275,S100A4,6275
gene_15443,S100A5|6276,S100A5,6276
gene_15444,S100A6|6277,S100A6,6277
gene_15445,S100A7A|338324,S100A7A,338324
gene_15446,S100A7L2|645922,S100A7L2,645922
gene_15447,S100A7|6278,S100A7,6278
gene_15448,S100A8|6279,S100A8,6279
gene_15449,S100A9|6280,S100A9,6280
gene_15450,S100B|6285,S100B,6285
gene_15451,S100G|795,S100G,795
gene_15452,S100PBP|64766,S100PBP,64766
gene_15453,S100P|6286,S100P,6286
gene_15454,S100Z|170591,S100Z,170591
gene_15455,S1PR1|1901,S1PR1,1901
gene_15456,S1PR2|9294,S1PR2,9294
gene_15457,S1PR3|1903,S1PR3,1903
gene_15458,S1PR4|8698,S1PR4,8698
gene_15459,S1PR5|53637,S1PR5,53637
gene_15460,SAA1|6288,SAA1,6288
gene_15461,SAA2|6289,SAA2,6289
gene_15462,SAA3P|6290,SAA3P,6290
gene_15463,SAA4|6291,SAA4,6291
gene_15464,SAAL1|113174,SAAL1,113174
gene_15465,SAC3D1|29901,SAC3D1,29901
gene_15466,SACM1L|22908,SACM1L,22908
gene_15467,SACS|26278,SACS,26278
gene_15468,SAE1|10055,SAE1,10055
gene_15469,SAFB2|9667,SAFB2,9667
gene_15470,SAFB|6294,SAFB,6294
gene_15471,SAGE1|55511,SAGE1,55511
gene_15472,SAG|6295,SAG,6295
gene_15473,SALL1|6299,SALL1,6299
gene_15474,SALL2|6297,SALL2,6297
gene_15475,SALL3|27164,SALL3,27164
gene_15476,SALL4|57167,SALL4,57167
gene_15477,SAMD10|140700,SAMD10,140700
gene_15478,SAMD11|148398,SAMD11,148398
gene_15479,SAMD12|401474,SAMD12,401474
gene_15480,SAMD13|148418,SAMD13,148418
gene_15481,SAMD14|201191,SAMD14,201191
gene_15482,SAMD1|90378,SAMD1,90378
gene_15483,SAMD3|154075,SAMD3,154075
gene_15484,SAMD4A|23034,SAMD4A,23034
gene_15485,SAMD4B|55095,SAMD4B,55095
gene_15486,SAMD5|389432,SAMD5,389432
gene_15487,SAMD7|344658,SAMD7,344658
gene_15488,SAMD8|142891,SAMD8,142891
gene_15489,SAMD9L|219285,SAMD9L,219285
gene_15490,SAMD9|54809,SAMD9,54809
gene_15491,SAMHD1|25939,SAMHD1,25939
gene_15492,SAMM50|25813,SAMM50,25813
gene_15493,SAMSN1|64092,SAMSN1,64092
gene_15494,SAP130|79595,SAP130,79595
gene_15495,SAP18|10284,SAP18,10284
gene_15496,SAP30BP|29115,SAP30BP,29115
gene_15497,SAP30L|79685,SAP30L,79685
gene_15498,SAP30|8819,SAP30,8819
gene_15499,SAPS1|22870,SAPS1,22870
gene_15500,SAPS2|9701,SAPS2,9701
gene_15501,SAPS3|55291,SAPS3,55291
gene_15502,SAR1A|56681,SAR1A,56681
gene_15503,SAR1B|51128,SAR1B,51128
gene_15504,SARDH|1757,SARDH,1757
gene_15505,SARM1|23098,SARM1,23098
gene_15506,SARNP|84324,SARNP,84324
gene_15507,SARS2|54938,SARS2,54938
gene_15508,SARS|6301,SARS,6301
gene_15509,SART1|9092,SART1,9092
gene_15510,SART3|9733,SART3,9733
gene_15511,SASH1|23328,SASH1,23328
gene_15512,SASH3|54440,SASH3,54440
gene_15513,SASS6|163786,SASS6,163786
gene_15514,SAT1|6303,SAT1,6303
gene_15515,SAT2|112483,SAT2,112483
gene_15516,SATB1|6304,SATB1,6304
gene_15517,SATB2|23314,SATB2,23314
gene_15518,SATL1|340562,SATL1,340562
gene_15519,SAV1|60485,SAV1,60485
gene_15520,SBDSP1|155370,SBDSP1,155370
gene_15521,SBDS|51119,SBDS,51119
gene_15522,SBF1P1|100133234,SBF1P1,100133234
gene_15523,SBF1|6305,SBF1,6305
gene_15524,SBF2|81846,SBF2,81846
gene_15525,SBK1|388228,SBK1,388228
gene_15526,SBK2|646643,SBK2,646643
gene_15527,SBNO1|55206,SBNO1,55206
gene_15528,SBNO2|22904,SBNO2,22904
gene_15529,SBSN|374897,SBSN,374897
gene_15530,SC4MOL|6307,SC4MOL,6307
gene_15531,SC5DL|6309,SC5DL,6309
gene_15532,SC65|10609,SC65,10609
gene_15533,SCAF1|58506,SCAF1,58506
gene_15534,SCAI|286205,SCAI,286205
gene_15535,SCAMP1|9522,SCAMP1,9522
gene_15536,SCAMP2|10066,SCAMP2,10066
gene_15537,SCAMP3|10067,SCAMP3,10067
gene_15538,SCAMP4|113178,SCAMP4,113178
gene_15539,SCAMP5|192683,SCAMP5,192683
gene_15540,SCAND1|51282,SCAND1,51282
gene_15541,SCAND2|54581,SCAND2,54581
gene_15542,SCAND3|114821,SCAND3,114821
gene_15543,SCAPER|49855,SCAPER,49855
gene_15544,SCAP|22937,SCAP,22937
gene_15545,SCARA3|51435,SCARA3,51435
gene_15546,SCARA5|286133,SCARA5,286133
gene_15547,SCARB1|949,SCARB1,949
gene_15548,SCARB2|950,SCARB2,950
gene_15549,SCARF1|8578,SCARF1,8578
gene_15550,SCARF2|91179,SCARF2,91179
gene_15551,SCARNA10|692148,SCARNA10,692148
gene_15552,SCARNA11|677780,SCARNA11,677780
gene_15553,SCARNA12|677777,SCARNA12,677777
gene_15554,SCARNA14|692149,SCARNA14,692149
gene_15555,SCARNA15|677778,SCARNA15,677778
gene_15556,SCARNA16|677781,SCARNA16,677781
gene_15557,SCARNA17|677769,SCARNA17,677769
gene_15558,SCARNA18|677765,SCARNA18,677765
gene_15559,SCARNA1|677774,SCARNA1,677774
gene_15560,SCARNA20|677681,SCARNA20,677681
gene_15561,SCARNA21|677763,SCARNA21,677763
gene_15562,SCARNA22|677770,SCARNA22,677770
gene_15563,SCARNA23|677773,SCARNA23,677773
gene_15564,SCARNA27|100124533,SCARNA27,100124533
gene_15565,SCARNA2|677766,SCARNA2,677766
gene_15566,SCARNA3|677679,SCARNA3,677679
gene_15567,SCARNA4|677771,SCARNA4,677771
gene_15568,SCARNA5|677775,SCARNA5,677775
gene_15569,SCARNA6|677772,SCARNA6,677772
gene_15570,SCARNA7|677767,SCARNA7,677767
gene_15571,SCARNA8|677776,SCARNA8,677776
gene_15572,SCARNA9L|100158262,SCARNA9L,100158262
gene_15573,SCARNA9|619383,SCARNA9,619383
gene_15574,SCCPDH|51097,SCCPDH,51097
gene_15575,SCD5|79966,SCD5,79966
gene_15576,SCD|6319,SCD,6319
gene_15577,SCEL|8796,SCEL,8796
gene_15578,SCFD1|23256,SCFD1,23256
gene_15579,SCFD2|152579,SCFD2,152579
gene_15580,SCG2|7857,SCG2,7857
gene_15581,SCG3|29106,SCG3,29106
gene_15582,SCG5|6447,SCG5,6447
gene_15583,SCGB1A1|7356,SCGB1A1,7356
gene_15584,SCGB1C1|147199,SCGB1C1,147199
gene_15585,SCGB1D1|10648,SCGB1D1,10648
gene_15586,SCGB1D2|10647,SCGB1D2,10647
gene_15587,SCGB1D4|404552,SCGB1D4,404552
gene_15588,SCGB2A1|4246,SCGB2A1,4246
gene_15589,SCGB2A2|4250,SCGB2A2,4250
gene_15590,SCGB3A1|92304,SCGB3A1,92304
gene_15591,SCGB3A2|117156,SCGB3A2,117156
gene_15592,SCGBL|284402,SCGBL,284402
gene_15593,SCGN|10590,SCGN,10590
gene_15594,SCHIP1|29970,SCHIP1,29970
gene_15595,SCIN|85477,SCIN,85477
gene_15596,SCLT1|132320,SCLT1,132320
gene_15597,SCLY|51540,SCLY,51540
gene_15598,SCMH1|22955,SCMH1,22955
gene_15599,SCML1|6322,SCML1,6322
gene_15600,SCML2|10389,SCML2,10389
gene_15601,SCML4|256380,SCML4,256380
gene_15602,SCN10A|6336,SCN10A,6336
gene_15603,SCN11A|11280,SCN11A,11280
gene_15604,SCN1A|6323,SCN1A,6323
gene_15605,SCN1B|6324,SCN1B,6324
gene_15606,SCN2A|6326,SCN2A,6326
gene_15607,SCN2B|6327,SCN2B,6327
gene_15608,SCN3A|6328,SCN3A,6328
gene_15609,SCN3B|55800,SCN3B,55800
gene_15610,SCN4A|6329,SCN4A,6329
gene_15611,SCN4B|6330,SCN4B,6330
gene_15612,SCN5A|6331,SCN5A,6331
gene_15613,SCN7A|6332,SCN7A,6332
gene_15614,SCN8A|6334,SCN8A,6334
gene_15615,SCN9A|6335,SCN9A,6335
gene_15616,SCNM1|79005,SCNM1,79005
gene_15617,SCNN1A|6337,SCNN1A,6337
gene_15618,SCNN1B|6338,SCNN1B,6338
gene_15619,SCNN1D|6339,SCNN1D,6339
gene_15620,SCNN1G|6340,SCNN1G,6340
gene_15621,SCO1|6341,SCO1,6341
gene_15622,SCO2|9997,SCO2,9997
gene_15623,SCOC|60592,SCOC,60592
gene_15624,SCP2|6342,SCP2,6342
gene_15625,SCPEP1|59342,SCPEP1,59342
gene_15626,SCRG1|11341,SCRG1,11341
gene_15627,SCRIB|23513,SCRIB,23513
gene_15628,SCRN1|9805,SCRN1,9805
gene_15629,SCRN2|90507,SCRN2,90507
gene_15630,SCRN3|79634,SCRN3,79634
gene_15631,SCRT1|83482,SCRT1,83482
gene_15632,SCRT2|85508,SCRT2,85508
gene_15633,SCTR|6344,SCTR,6344
gene_15634,SCT|6343,SCT,6343
gene_15635,SCUBE1|80274,SCUBE1,80274
gene_15636,SCUBE2|57758,SCUBE2,57758
gene_15637,SCUBE3|222663,SCUBE3,222663
gene_15638,SCXB|642658,SCXB,642658
gene_15639,SCYL1|57410,SCYL1,57410
gene_15640,SCYL2|55681,SCYL2,55681
gene_15641,SCYL3|57147,SCYL3,57147
gene_15642,SDAD1|55153,SDAD1,55153
gene_15643,SDC1|6382,SDC1,6382
gene_15644,SDC2|6383,SDC2,6383
gene_15645,SDC3|9672,SDC3,9672
gene_15646,SDC4P|376844,SDC4P,376844
gene_15647,SDC4|6385,SDC4,6385
gene_15648,SDCBP2|27111,SDCBP2,27111
gene_15649,SDCBP|6386,SDCBP,6386
gene_15650,SDCCAG1|9147,SDCCAG1,9147
gene_15651,SDCCAG3|10807,SDCCAG3,10807
gene_15652,SDCCAG8|10806,SDCCAG8,10806
gene_15653,SDF2L1|23753,SDF2L1,23753
gene_15654,SDF2|6388,SDF2,6388
gene_15655,SDF4|51150,SDF4,51150
gene_15656,SDHAF1|644096,SDHAF1,644096
gene_15657,SDHAF2|54949,SDHAF2,54949
gene_15658,SDHAP1|255812,SDHAP1,255812
gene_15659,SDHAP2|727956,SDHAP2,727956
gene_15660,SDHAP3|728609,SDHAP3,728609
gene_15661,SDHA|6389,SDHA,6389
gene_15662,SDHB|6390,SDHB,6390
gene_15663,SDHC|6391,SDHC,6391
gene_15664,SDHD|6392,SDHD,6392
gene_15665,SDK1|221935,SDK1,221935
gene_15666,SDK2|54549,SDK2,54549
gene_15667,SDPR|8436,SDPR,8436
gene_15668,SDR16C5|195814,SDR16C5,195814
gene_15669,SDR39U1|56948,SDR39U1,56948
gene_15670,SDR42E1|93517,SDR42E1,93517
gene_15671,SDR9C7|121214,SDR9C7,121214
gene_15672,SDSL|113675,SDSL,113675
gene_15673,SDS|10993,SDS,10993
gene_15674,SEBOX|645832,SEBOX,645832
gene_15675,SEC11A|23478,SEC11A,23478
gene_15676,SEC11C|90701,SEC11C,90701
gene_15677,SEC13|6396,SEC13,6396
gene_15678,SEC14L1|6397,SEC14L1,6397
gene_15679,SEC14L2|23541,SEC14L2,23541
gene_15680,SEC14L3|266629,SEC14L3,266629
gene_15681,SEC14L4|284904,SEC14L4,284904
gene_15682,SEC14L5|9717,SEC14L5,9717
gene_15683,SEC16A|9919,SEC16A,9919
gene_15684,SEC16B|89866,SEC16B,89866
gene_15685,SEC1|653677,SEC1,653677
gene_15686,SEC22A|26984,SEC22A,26984
gene_15687,SEC22B|9554,SEC22B,9554
gene_15688,SEC22C|9117,SEC22C,9117
gene_15689,SEC23A|10484,SEC23A,10484
gene_15690,SEC23B|10483,SEC23B,10483
gene_15691,SEC23IP|11196,SEC23IP,11196
gene_15692,SEC24A|10802,SEC24A,10802
gene_15693,SEC24B|10427,SEC24B,10427
gene_15694,SEC24C|9632,SEC24C,9632
gene_15695,SEC24D|9871,SEC24D,9871
gene_15696,SEC31A|22872,SEC31A,22872
gene_15697,SEC31B|25956,SEC31B,25956
gene_15698,SEC61A1|29927,SEC61A1,29927
gene_15699,SEC61A2|55176,SEC61A2,55176
gene_15700,SEC61B|10952,SEC61B,10952
gene_15701,SEC61G|23480,SEC61G,23480
gene_15702,SEC62|7095,SEC62,7095
gene_15703,SEC63|11231,SEC63,11231
gene_15704,SECISBP2L|9728,SECISBP2L,9728
gene_15705,SECISBP2|79048,SECISBP2,79048
gene_15706,SECTM1|6398,SECTM1,6398
gene_15707,SEH1L|81929,SEH1L,81929
gene_15708,SEL1L2|80343,SEL1L2,80343
gene_15709,SEL1L3|23231,SEL1L3,23231
gene_15710,SEL1L|6400,SEL1L,6400
gene_15711,SELENBP1|8991,SELENBP1,8991
gene_15712,SELE|6401,SELE,6401
gene_15713,SELK|58515,SELK,58515
gene_15714,SELL|6402,SELL,6402
gene_15715,SELM|140606,SELM,140606
gene_15716,SELO|83642,SELO,83642
gene_15717,SELPLG|6404,SELPLG,6404
gene_15718,SELP|6403,SELP,6403
gene_15719,SELS|55829,SELS,55829
gene_15720,SELT|51714,SELT,51714
gene_15721,SELV|348303,SELV,348303
gene_15722,SEMA3A|10371,SEMA3A,10371
gene_15723,SEMA3B|7869,SEMA3B,7869
gene_15724,SEMA3C|10512,SEMA3C,10512
gene_15725,SEMA3D|223117,SEMA3D,223117
gene_15726,SEMA3E|9723,SEMA3E,9723
gene_15727,SEMA3F|6405,SEMA3F,6405
gene_15728,SEMA3G|56920,SEMA3G,56920
gene_15729,SEMA4A|64218,SEMA4A,64218
gene_15730,SEMA4B|10509,SEMA4B,10509
gene_15731,SEMA4C|54910,SEMA4C,54910
gene_15732,SEMA4D|10507,SEMA4D,10507
gene_15733,SEMA4F|10505,SEMA4F,10505
gene_15734,SEMA4G|57715,SEMA4G,57715
gene_15735,SEMA5A|9037,SEMA5A,9037
gene_15736,SEMA5B|54437,SEMA5B,54437
gene_15737,SEMA6A|57556,SEMA6A,57556
gene_15738,SEMA6B|10501,SEMA6B,10501
gene_15739,SEMA6C|10500,SEMA6C,10500
gene_15740,SEMA6D|80031,SEMA6D,80031
gene_15741,SEMA7A|8482,SEMA7A,8482
gene_15742,SEMG1|6406,SEMG1,6406
gene_15743,SEMG2|6407,SEMG2,6407
gene_15744,SENP1|29843,SENP1,29843
gene_15745,SENP2|59343,SENP2,59343
gene_15746,SENP3|26168,SENP3,26168
gene_15747,SENP5|205564,SENP5,205564
gene_15748,SENP6|26054,SENP6,26054
gene_15749,SENP7|57337,SENP7,57337
gene_15750,SENP8|123228,SENP8,123228
gene_15751,SEP15|9403,SEP15,9403
gene_15752,SEPHS1|22929,SEPHS1,22929
gene_15753,SEPHS2|22928,SEPHS2,22928
gene_15754,SEPN1|57190,SEPN1,57190
gene_15755,SEPP1|6414,SEPP1,6414
gene_15756,SEPSECS|51091,SEPSECS,51091
gene_15757,SEPT10|151011,SEPT10,151011
gene_15758,SEPT11|55752,SEPT11,55752
gene_15759,SEPT12|124404,SEPT12,124404
gene_15760,SEPT14|346288,SEPT14,346288
gene_15761,SEPT1|1731,SEPT1,1731
gene_15762,SEPT2|4735,SEPT2,4735
gene_15763,SEPT3|55964,SEPT3,55964
gene_15764,SEPT4|5414,SEPT4,5414
gene_15765,SEPT5|5413,SEPT5,5413
gene_15766,SEPT6|23157,SEPT6,23157
gene_15767,SEPT7L|285961,SEPT7L,285961
gene_15768,SEPT7P2|641977,SEPT7P2,641977
gene_15769,SEPT7|989,SEPT7,989
gene_15770,SEPT8|23176,SEPT8,23176
gene_15771,SEPT9|10801,SEPT9,10801
gene_15772,SEPW1|6415,SEPW1,6415
gene_15773,SEPX1|51734,SEPX1,51734
gene_15774,SERAC1|84947,SERAC1,84947
gene_15775,SERBP1|26135,SERBP1,26135
gene_15776,SERF1A|8293,SERF1A,8293
gene_15777,SERF2|10169,SERF2,10169
gene_15778,SERGEF|26297,SERGEF,26297
gene_15779,SERHL2|253190,SERHL2,253190
gene_15780,SERHL|94009,SERHL,94009
gene_15781,SERINC1|57515,SERINC1,57515
gene_15782,SERINC2|347735,SERINC2,347735
gene_15783,SERINC3|10955,SERINC3,10955
gene_15784,SERINC4|619189,SERINC4,619189
gene_15785,SERINC5|256987,SERINC5,256987
gene_15786,SERP1|27230,SERP1,27230
gene_15787,SERP2|387923,SERP2,387923
gene_15788,SERPINA10|51156,SERPINA10,51156
gene_15789,SERPINA11|256394,SERPINA11,256394
gene_15790,SERPINA12|145264,SERPINA12,145264
gene_15791,SERPINA13|388007,SERPINA13,388007
gene_15792,SERPINA1|5265,SERPINA1,5265
gene_15793,SERPINA3|12,SERPINA3,12
gene_15794,SERPINA4|5267,SERPINA4,5267
gene_15795,SERPINA5|5104,SERPINA5,5104
gene_15796,SERPINA6|866,SERPINA6,866
gene_15797,SERPINA7|6906,SERPINA7,6906
gene_15798,SERPINA9|327657,SERPINA9,327657
gene_15799,SERPINB10|5273,SERPINB10,5273
gene_15800,SERPINB11|89778,SERPINB11,89778
gene_15801,SERPINB12|89777,SERPINB12,89777
gene_15802,SERPINB13|5275,SERPINB13,5275
gene_15803,SERPINB1|1992,SERPINB1,1992
gene_15804,SERPINB2|5055,SERPINB2,5055
gene_15805,SERPINB3|6317,SERPINB3,6317
gene_15806,SERPINB4|6318,SERPINB4,6318
gene_15807,SERPINB5|5268,SERPINB5,5268
gene_15808,SERPINB6|5269,SERPINB6,5269
gene_15809,SERPINB7|8710,SERPINB7,8710
gene_15810,SERPINB8|5271,SERPINB8,5271
gene_15811,SERPINB9|5272,SERPINB9,5272
gene_15812,SERPINC1|462,SERPINC1,462
gene_15813,SERPIND1|3053,SERPIND1,3053
gene_15814,SERPINE1|5054,SERPINE1,5054
gene_15815,SERPINE2|5270,SERPINE2,5270
gene_15816,SERPINE3|647174,SERPINE3,647174
gene_15817,SERPINF1|5176,SERPINF1,5176
gene_15818,SERPINF2|5345,SERPINF2,5345
gene_15819,SERPING1|710,SERPING1,710
gene_15820,SERPINH1|871,SERPINH1,871
gene_15821,SERPINI1|5274,SERPINI1,5274
gene_15822,SERPINI2|5276,SERPINI2,5276
gene_15823,SERTAD1|29950,SERTAD1,29950
gene_15824,SERTAD2|9792,SERTAD2,9792
gene_15825,SERTAD3|29946,SERTAD3,29946
gene_15826,SERTAD4|56256,SERTAD4,56256
gene_15827,SESN1|27244,SESN1,27244
gene_15828,SESN2|83667,SESN2,83667
gene_15829,SESN3|143686,SESN3,143686
gene_15830,SESTD1|91404,SESTD1,91404
gene_15831,SETBP1|26040,SETBP1,26040
gene_15832,SETD1A|9739,SETD1A,9739
gene_15833,SETD1B|23067,SETD1B,23067
gene_15834,SETD2|29072,SETD2,29072
gene_15835,SETD3|84193,SETD3,84193
gene_15836,SETD4|54093,SETD4,54093
gene_15837,SETD5|55209,SETD5,55209
gene_15838,SETD6|79918,SETD6,79918
gene_15839,SETD7|80854,SETD7,80854
gene_15840,SETD8|387893,SETD8,387893
gene_15841,SETDB1|9869,SETDB1,9869
gene_15842,SETDB2|83852,SETDB2,83852
gene_15843,SETMAR|6419,SETMAR,6419
gene_15844,SETX|23064,SETX,23064
gene_15845,SET|6418,SET,6418
gene_15846,SEZ6L2|26470,SEZ6L2,26470
gene_15847,SEZ6L|23544,SEZ6L,23544
gene_15848,SEZ6|124925,SEZ6,124925
gene_15849,SF1|7536,SF1,7536
gene_15850,SF3A1|10291,SF3A1,10291
gene_15851,SF3A2|8175,SF3A2,8175
gene_15852,SF3A3|10946,SF3A3,10946
gene_15853,SF3B14|51639,SF3B14,51639
gene_15854,SF3B1|23451,SF3B1,23451
gene_15855,SF3B2|10992,SF3B2,10992
gene_15856,SF3B3|23450,SF3B3,23450
gene_15857,SF3B4|10262,SF3B4,10262
gene_15858,SF3B5|83443,SF3B5,83443
gene_15859,SF4|57794,SF4,57794
gene_15860,SFI1|9814,SFI1,9814
gene_15861,SFMBT1|51460,SFMBT1,51460
gene_15862,SFMBT2|57713,SFMBT2,57713
gene_15863,SFN|2810,SFN,2810
gene_15864,SFPQ|6421,SFPQ,6421
gene_15865,SFRP1|6422,SFRP1,6422
gene_15866,SFRP2|6423,SFRP2,6423
gene_15867,SFRP4|6424,SFRP4,6424
gene_15868,SFRP5|6425,SFRP5,6425
gene_15869,SFRS11|9295,SFRS11,9295
gene_15870,SFRS12IP1|285672,SFRS12IP1,285672
gene_15871,SFRS12|140890,SFRS12,140890
gene_15872,SFRS13A|10772,SFRS13A,10772
gene_15873,SFRS13B|135295,SFRS13B,135295
gene_15874,SFRS14|10147,SFRS14,10147
gene_15875,SFRS15|57466,SFRS15,57466
gene_15876,SFRS16|11129,SFRS16,11129
gene_15877,SFRS17A|8227,SFRS17A,8227
gene_15878,SFRS18|25957,SFRS18,25957
gene_15879,SFRS1|6426,SFRS1,6426
gene_15880,SFRS2B|10929,SFRS2B,10929
gene_15881,SFRS2IP|9169,SFRS2IP,9169
gene_15882,SFRS2|6427,SFRS2,6427
gene_15883,SFRS3|6428,SFRS3,6428
gene_15884,SFRS4|6429,SFRS4,6429
gene_15885,SFRS5|6430,SFRS5,6430
gene_15886,SFRS6|6431,SFRS6,6431
gene_15887,SFRS7|6432,SFRS7,6432
gene_15888,SFRS8|6433,SFRS8,6433
gene_15889,SFRS9|8683,SFRS9,8683
gene_15890,SFT2D1|113402,SFT2D1,113402
gene_15891,SFT2D2|375035,SFT2D2,375035
gene_15892,SFT2D3|84826,SFT2D3,84826
gene_15893,SFTA1P|207107,SFTA1P,207107
gene_15894,SFTA2|389376,SFTA2,389376
gene_15895,SFTA3|253970,SFTA3,253970
gene_15896,SFTPA1|653509,SFTPA1,653509
gene_15897,SFTPA2|729238,SFTPA2,729238
gene_15898,SFTPB|6439,SFTPB,6439
gene_15899,SFTPC|6440,SFTPC,6440
gene_15900,SFTPD|6441,SFTPD,6441
gene_15901,SFXN1|94081,SFXN1,94081
gene_15902,SFXN2|118980,SFXN2,118980
gene_15903,SFXN3|81855,SFXN3,81855
gene_15904,SFXN4|119559,SFXN4,119559
gene_15905,SFXN5|94097,SFXN5,94097
gene_15906,SGCA|6442,SGCA,6442
gene_15907,SGCB|6443,SGCB,6443
gene_15908,SGCD|6444,SGCD,6444
gene_15909,SGCE|8910,SGCE,8910
gene_15910,SGCG|6445,SGCG,6445
gene_15911,SGCZ|137868,SGCZ,137868
gene_15912,SGEF|26084,SGEF,26084
gene_15913,SGIP1|84251,SGIP1,84251
gene_15914,SGK196|84197,SGK196,84197
gene_15915,SGK1|6446,SGK1,6446
gene_15916,SGK223|157285,SGK223,157285
gene_15917,SGK269|79834,SGK269,79834
gene_15918,SGK2|10110,SGK2,10110
gene_15919,SGK3|23678,SGK3,23678
gene_15920,SGK494|124923,SGK494,124923
gene_15921,SGMS1|259230,SGMS1,259230
gene_15922,SGMS2|166929,SGMS2,166929
gene_15923,SGOL1|151648,SGOL1,151648
gene_15924,SGOL2|151246,SGOL2,151246
gene_15925,SGPL1|8879,SGPL1,8879
gene_15926,SGPP1|81537,SGPP1,81537
gene_15927,SGPP2|130367,SGPP2,130367
gene_15928,SGSH|6448,SGSH,6448
gene_15929,SGSM1|129049,SGSM1,129049
gene_15930,SGSM2|9905,SGSM2,9905
gene_15931,SGSM3|27352,SGSM3,27352
gene_15932,SGTA|6449,SGTA,6449
gene_15933,SGTB|54557,SGTB,54557
gene_15934,SH2B1|25970,SH2B1,25970
gene_15935,SH2B2|10603,SH2B2,10603
gene_15936,SH2B3|10019,SH2B3,10019
gene_15937,SH2D1A|4068,SH2D1A,4068
gene_15938,SH2D1B|117157,SH2D1B,117157
gene_15939,SH2D2A|9047,SH2D2A,9047
gene_15940,SH2D3A|10045,SH2D3A,10045
gene_15941,SH2D3C|10044,SH2D3C,10044
gene_15942,SH2D4A|63898,SH2D4A,63898
gene_15943,SH2D4B|387694,SH2D4B,387694
gene_15944,SH2D5|400745,SH2D5,400745
gene_15945,SH2D6|284948,SH2D6,284948
gene_15946,SH2D7|646892,SH2D7,646892
gene_15947,SH3BGRL2|83699,SH3BGRL2,83699
gene_15948,SH3BGRL3|83442,SH3BGRL3,83442
gene_15949,SH3BGRL|6451,SH3BGRL,6451
gene_15950,SH3BGR|6450,SH3BGR,6450
gene_15951,SH3BP1|23616,SH3BP1,23616
gene_15952,SH3BP2|6452,SH3BP2,6452
gene_15953,SH3BP4|23677,SH3BP4,23677
gene_15954,SH3BP5L|80851,SH3BP5L,80851
gene_15955,SH3BP5|9467,SH3BP5,9467
gene_15956,SH3D19|152503,SH3D19,152503
gene_15957,SH3D20|201175,SH3D20,201175
gene_15958,SH3GL1|6455,SH3GL1,6455
gene_15959,SH3GL2|6456,SH3GL2,6456
gene_15960,SH3GL3|6457,SH3GL3,6457
gene_15961,SH3GLB1|51100,SH3GLB1,51100
gene_15962,SH3GLB2|56904,SH3GLB2,56904
gene_15963,SH3KBP1|30011,SH3KBP1,30011
gene_15964,SH3PXD2A|9644,SH3PXD2A,9644
gene_15965,SH3PXD2B|285590,SH3PXD2B,285590
gene_15966,SH3RF1|57630,SH3RF1,57630
gene_15967,SH3RF2|153769,SH3RF2,153769
gene_15968,SH3RF3|344558,SH3RF3,344558
gene_15969,SH3TC1|54436,SH3TC1,54436
gene_15970,SH3TC2|79628,SH3TC2,79628
gene_15971,SH3YL1|26751,SH3YL1,26751
gene_15972,SHANK1|50944,SHANK1,50944
gene_15973,SHANK2|22941,SHANK2,22941
gene_15974,SHANK3|85358,SHANK3,85358
gene_15975,SHARPIN|81858,SHARPIN,81858
gene_15976,SHBG|6462,SHBG,6462
gene_15977,SHB|6461,SHB,6461
gene_15978,SHC1|6464,SHC1,6464
gene_15979,SHC2|25759,SHC2,25759
gene_15980,SHC3|53358,SHC3,53358
gene_15981,SHC4|399694,SHC4,399694
gene_15982,SHCBP1|79801,SHCBP1,79801
gene_15983,SHD|56961,SHD,56961
gene_15984,SHE|126669,SHE,126669
gene_15985,SHFM1|7979,SHFM1,7979
gene_15986,SHF|90525,SHF,90525
gene_15987,SHH|6469,SHH,6469
gene_15988,SHISA2|387914,SHISA2,387914
gene_15989,SHISA3|152573,SHISA3,152573
gene_15990,SHISA4|149345,SHISA4,149345
gene_15991,SHISA5|51246,SHISA5,51246
gene_15992,SHISA6|388336,SHISA6,388336
gene_15993,SHISA7|729956,SHISA7,729956
gene_15994,SHISA9|729993,SHISA9,729993
gene_15995,SHKBP1|92799,SHKBP1,92799
gene_15996,SHMT1|6470,SHMT1,6470
gene_15997,SHMT2|6472,SHMT2,6472
gene_15998,SHOC2|8036,SHOC2,8036
gene_15999,SHOX2|6474,SHOX2,6474
gene_16000,SHOX|6473,SHOX,6473
gene_16001,SHPK|23729,SHPK,23729
gene_16002,SHPRH|257218,SHPRH,257218
gene_16003,SHQ1|55164,SHQ1,55164
gene_16004,SHROOM1|134549,SHROOM1,134549
gene_16005,SHROOM2|357,SHROOM2,357
gene_16006,SHROOM3|57619,SHROOM3,57619
gene_16007,SHROOM4|57477,SHROOM4,57477
gene_16008,SIAE|54414,SIAE,54414
gene_16009,SIAH1|6477,SIAH1,6477
gene_16010,SIAH2|6478,SIAH2,6478
gene_16011,SIAH3|283514,SIAH3,283514
gene_16012,SIDT1|54847,SIDT1,54847
gene_16013,SIDT2|51092,SIDT2,51092
gene_16014,SIGIRR|59307,SIGIRR,59307
gene_16015,SIGLEC10|89790,SIGLEC10,89790
gene_16016,SIGLEC11|114132,SIGLEC11,114132
gene_16017,SIGLEC12|89858,SIGLEC12,89858
gene_16018,SIGLEC14|100049587,SIGLEC14,100049587
gene_16019,SIGLEC15|284266,SIGLEC15,284266
gene_16020,SIGLEC16|400709,SIGLEC16,400709
gene_16021,SIGLEC1|6614,SIGLEC1,6614
gene_16022,SIGLEC5|8778,SIGLEC5,8778
gene_16023,SIGLEC6|946,SIGLEC6,946
gene_16024,SIGLEC7|27036,SIGLEC7,27036
gene_16025,SIGLEC8|27181,SIGLEC8,27181
gene_16026,SIGLEC9|27180,SIGLEC9,27180
gene_16027,SIGLECP3|284367,SIGLECP3,284367
gene_16028,SIGMAR1|10280,SIGMAR1,10280
gene_16029,SIK1|150094,SIK1,150094
gene_16030,SIK2|23235,SIK2,23235
gene_16031,SIK3|23387,SIK3,23387
gene_16032,SIKE1|80143,SIKE1,80143
gene_16033,SIL1|64374,SIL1,64374
gene_16034,SILV|6490,SILV,6490
gene_16035,SIM1|6492,SIM1,6492
gene_16036,SIM2|6493,SIM2,6493
gene_16037,SIN3A|25942,SIN3A,25942
gene_16038,SIN3B|23309,SIN3B,23309
gene_16039,SIP1|8487,SIP1,8487
gene_16040,SIPA1L1|26037,SIPA1L1,26037
gene_16041,SIPA1L2|57568,SIPA1L2,57568
gene_16042,SIPA1L3|23094,SIPA1L3,23094
gene_16043,SIPA1|6494,SIPA1,6494
gene_16044,SIRPA|140885,SIRPA,140885
gene_16045,SIRPB1|10326,SIRPB1,10326
gene_16046,SIRPB2|284759,SIRPB2,284759
gene_16047,SIRPD|128646,SIRPD,128646
gene_16048,SIRPG|55423,SIRPG,55423
gene_16049,SIRT1|23411,SIRT1,23411
gene_16050,SIRT2|22933,SIRT2,22933
gene_16051,SIRT3|23410,SIRT3,23410
gene_16052,SIRT4|23409,SIRT4,23409
gene_16053,SIRT5|23408,SIRT5,23408
gene_16054,SIRT6|51548,SIRT6,51548
gene_16055,SIRT7|51547,SIRT7,51547
gene_16056,SIT1|27240,SIT1,27240
gene_16057,SIVA1|10572,SIVA1,10572
gene_16058,SIX1|6495,SIX1,6495
gene_16059,SIX2|10736,SIX2,10736
gene_16060,SIX3|6496,SIX3,6496
gene_16061,SIX4|51804,SIX4,51804
gene_16062,SIX5|147912,SIX5,147912
gene_16063,SIX6|4990,SIX6,4990
gene_16064,SI|6476,SI,6476
gene_16065,SKA1|220134,SKA1,220134
gene_16066,SKA2|348235,SKA2,348235
gene_16067,SKA3|221150,SKA3,221150
gene_16068,SKAP1|8631,SKAP1,8631
gene_16069,SKAP2|8935,SKAP2,8935
gene_16070,SKIL|6498,SKIL,6498
gene_16071,SKINTL|391037,SKINTL,391037
gene_16072,SKIV2L2|23517,SKIV2L2,23517
gene_16073,SKIV2L|6499,SKIV2L,6499
gene_16074,SKI|6497,SKI,6497
gene_16075,SKP1|6500,SKP1,6500
gene_16076,SKP2|6502,SKP2,6502
gene_16077,SLA2|84174,SLA2,84174
gene_16078,SLAIN1|122060,SLAIN1,122060
gene_16079,SLAIN2|57606,SLAIN2,57606
gene_16080,SLAMF1|6504,SLAMF1,6504
gene_16081,SLAMF6|114836,SLAMF6,114836
gene_16082,SLAMF7|57823,SLAMF7,57823
gene_16083,SLAMF8|56833,SLAMF8,56833
gene_16084,SLAMF9|89886,SLAMF9,89886
gene_16085,SLA|6503,SLA,6503
gene_16086,SLBP|7884,SLBP,7884
gene_16087,SLC10A1|6554,SLC10A1,6554
gene_16088,SLC10A2|6555,SLC10A2,6555
gene_16089,SLC10A3|8273,SLC10A3,8273
gene_16090,SLC10A4|201780,SLC10A4,201780
gene_16091,SLC10A5|347051,SLC10A5,347051
gene_16092,SLC10A6|345274,SLC10A6,345274
gene_16093,SLC10A7|84068,SLC10A7,84068
gene_16094,SLC11A1|6556,SLC11A1,6556
gene_16095,SLC11A2|4891,SLC11A2,4891
gene_16096,SLC12A1|6557,SLC12A1,6557
gene_16097,SLC12A2|6558,SLC12A2,6558
gene_16098,SLC12A3|6559,SLC12A3,6559
gene_16099,SLC12A4|6560,SLC12A4,6560
gene_16100,SLC12A5|57468,SLC12A5,57468
gene_16101,SLC12A6|9990,SLC12A6,9990
gene_16102,SLC12A7|10723,SLC12A7,10723
gene_16103,SLC12A8|84561,SLC12A8,84561
gene_16104,SLC12A9|56996,SLC12A9,56996
gene_16105,SLC13A1|6561,SLC13A1,6561
gene_16106,SLC13A2|9058,SLC13A2,9058
gene_16107,SLC13A3|64849,SLC13A3,64849
gene_16108,SLC13A4|26266,SLC13A4,26266
gene_16109,SLC13A5|284111,SLC13A5,284111
gene_16110,SLC14A1|6563,SLC14A1,6563
gene_16111,SLC14A2|8170,SLC14A2,8170
gene_16112,SLC15A1|6564,SLC15A1,6564
gene_16113,SLC15A2|6565,SLC15A2,6565
gene_16114,SLC15A3|51296,SLC15A3,51296
gene_16115,SLC15A4|121260,SLC15A4,121260
gene_16116,SLC16A10|117247,SLC16A10,117247
gene_16117,SLC16A11|162515,SLC16A11,162515
gene_16118,SLC16A12|387700,SLC16A12,387700
gene_16119,SLC16A13|201232,SLC16A13,201232
gene_16120,SLC16A14|151473,SLC16A14,151473
gene_16121,SLC16A1|6566,SLC16A1,6566
gene_16122,SLC16A2|6567,SLC16A2,6567
gene_16123,SLC16A3|9123,SLC16A3,9123
gene_16124,SLC16A4|9122,SLC16A4,9122
gene_16125,SLC16A5|9121,SLC16A5,9121
gene_16126,SLC16A6|9120,SLC16A6,9120
gene_16127,SLC16A7|9194,SLC16A7,9194
gene_16128,SLC16A8|23539,SLC16A8,23539
gene_16129,SLC16A9|220963,SLC16A9,220963
gene_16130,SLC17A1|6568,SLC17A1,6568
gene_16131,SLC17A2|10246,SLC17A2,10246
gene_16132,SLC17A3|10786,SLC17A3,10786
gene_16133,SLC17A4|10050,SLC17A4,10050
gene_16134,SLC17A5|26503,SLC17A5,26503
gene_16135,SLC17A6|57084,SLC17A6,57084
gene_16136,SLC17A7|57030,SLC17A7,57030
gene_16137,SLC17A8|246213,SLC17A8,246213
gene_16138,SLC17A9|63910,SLC17A9,63910
gene_16139,SLC18A1|6570,SLC18A1,6570
gene_16140,SLC18A2|6571,SLC18A2,6571
gene_16141,SLC18A3|6572,SLC18A3,6572
gene_16142,SLC19A1|6573,SLC19A1,6573
gene_16143,SLC19A2|10560,SLC19A2,10560
gene_16144,SLC19A3|80704,SLC19A3,80704
gene_16145,SLC1A1|6505,SLC1A1,6505
gene_16146,SLC1A2|6506,SLC1A2,6506
gene_16147,SLC1A3|6507,SLC1A3,6507
gene_16148,SLC1A4|6509,SLC1A4,6509
gene_16149,SLC1A5|6510,SLC1A5,6510
gene_16150,SLC1A6|6511,SLC1A6,6511
gene_16151,SLC1A7|6512,SLC1A7,6512
gene_16152,SLC20A1|6574,SLC20A1,6574
gene_16153,SLC20A2|6575,SLC20A2,6575
gene_16154,SLC22A10|387775,SLC22A10,387775
gene_16155,SLC22A11|55867,SLC22A11,55867
gene_16156,SLC22A12|116085,SLC22A12,116085
gene_16157,SLC22A13|9390,SLC22A13,9390
gene_16158,SLC22A14|9389,SLC22A14,9389
gene_16159,SLC22A15|55356,SLC22A15,55356
gene_16160,SLC22A16|85413,SLC22A16,85413
gene_16161,SLC22A17|51310,SLC22A17,51310
gene_16162,SLC22A18AS|5003,SLC22A18AS,5003
gene_16163,SLC22A18|5002,SLC22A18,5002
gene_16164,SLC22A1|6580,SLC22A1,6580
gene_16165,SLC22A20|440044,SLC22A20,440044
gene_16166,SLC22A23|63027,SLC22A23,63027
gene_16167,SLC22A24|283238,SLC22A24,283238
gene_16168,SLC22A25|387601,SLC22A25,387601
gene_16169,SLC22A2|6582,SLC22A2,6582
gene_16170,SLC22A3|6581,SLC22A3,6581
gene_16171,SLC22A4|6583,SLC22A4,6583
gene_16172,SLC22A5|6584,SLC22A5,6584
gene_16173,SLC22A6|9356,SLC22A6,9356
gene_16174,SLC22A7|10864,SLC22A7,10864
gene_16175,SLC22A8|9376,SLC22A8,9376
gene_16176,SLC22A9|114571,SLC22A9,114571
gene_16177,SLC23A1|9963,SLC23A1,9963
gene_16178,SLC23A2|9962,SLC23A2,9962
gene_16179,SLC23A3|151295,SLC23A3,151295
gene_16180,SLC24A1|9187,SLC24A1,9187
gene_16181,SLC24A2|25769,SLC24A2,25769
gene_16182,SLC24A3|57419,SLC24A3,57419
gene_16183,SLC24A4|123041,SLC24A4,123041
gene_16184,SLC24A5|283652,SLC24A5,283652
gene_16185,SLC24A6|80024,SLC24A6,80024
gene_16186,SLC25A10|1468,SLC25A10,1468
gene_16187,SLC25A11|8402,SLC25A11,8402
gene_16188,SLC25A12|8604,SLC25A12,8604
gene_16189,SLC25A13|10165,SLC25A13,10165
gene_16190,SLC25A14|9016,SLC25A14,9016
gene_16191,SLC25A15|10166,SLC25A15,10166
gene_16192,SLC25A16|8034,SLC25A16,8034
gene_16193,SLC25A17|10478,SLC25A17,10478
gene_16194,SLC25A18|83733,SLC25A18,83733
gene_16195,SLC25A19|60386,SLC25A19,60386
gene_16196,SLC25A1|6576,SLC25A1,6576
gene_16197,SLC25A20|788,SLC25A20,788
gene_16198,SLC25A21|89874,SLC25A21,89874
gene_16199,SLC25A22|79751,SLC25A22,79751
gene_16200,SLC25A23|79085,SLC25A23,79085
gene_16201,SLC25A24|29957,SLC25A24,29957
gene_16202,SLC25A25|114789,SLC25A25,114789
gene_16203,SLC25A26|115286,SLC25A26,115286
gene_16204,SLC25A27|9481,SLC25A27,9481
gene_16205,SLC25A28|81894,SLC25A28,81894
gene_16206,SLC25A29|123096,SLC25A29,123096
gene_16207,SLC25A2|83884,SLC25A2,83884
gene_16208,SLC25A30|253512,SLC25A30,253512
gene_16209,SLC25A31|83447,SLC25A31,83447
gene_16210,SLC25A32|81034,SLC25A32,81034
gene_16211,SLC25A33|84275,SLC25A33,84275
gene_16212,SLC25A34|284723,SLC25A34,284723
gene_16213,SLC25A35|399512,SLC25A35,399512
gene_16214,SLC25A36|55186,SLC25A36,55186
gene_16215,SLC25A37|51312,SLC25A37,51312
gene_16216,SLC25A38|54977,SLC25A38,54977
gene_16217,SLC25A39|51629,SLC25A39,51629
gene_16218,SLC25A3|5250,SLC25A3,5250
gene_16219,SLC25A40|55972,SLC25A40,55972
gene_16220,SLC25A41|284427,SLC25A41,284427
gene_16221,SLC25A42|284439,SLC25A42,284439
gene_16222,SLC25A43|203427,SLC25A43,203427
gene_16223,SLC25A44|9673,SLC25A44,9673
gene_16224,SLC25A45|283130,SLC25A45,283130
gene_16225,SLC25A46|91137,SLC25A46,91137
gene_16226,SLC25A4|291,SLC25A4,291
gene_16227,SLC25A5|292,SLC25A5,292
gene_16228,SLC25A6|293,SLC25A6,293
gene_16229,SLC26A10|65012,SLC26A10,65012
gene_16230,SLC26A11|284129,SLC26A11,284129
gene_16231,SLC26A1|10861,SLC26A1,10861
gene_16232,SLC26A2|1836,SLC26A2,1836
gene_16233,SLC26A3|1811,SLC26A3,1811
gene_16234,SLC26A4|5172,SLC26A4,5172
gene_16235,SLC26A5|375611,SLC26A5,375611
gene_16236,SLC26A6|65010,SLC26A6,65010
gene_16237,SLC26A7|115111,SLC26A7,115111
gene_16238,SLC26A8|116369,SLC26A8,116369
gene_16239,SLC26A9|115019,SLC26A9,115019
gene_16240,SLC27A1|376497,SLC27A1,376497
gene_16241,SLC27A2|11001,SLC27A2,11001
gene_16242,SLC27A3|11000,SLC27A3,11000
gene_16243,SLC27A4|10999,SLC27A4,10999
gene_16244,SLC27A5|10998,SLC27A5,10998
gene_16245,SLC27A6|28965,SLC27A6,28965
gene_16246,SLC28A1|9154,SLC28A1,9154
gene_16247,SLC28A2|9153,SLC28A2,9153
gene_16248,SLC28A3|64078,SLC28A3,64078
gene_16249,SLC29A1|2030,SLC29A1,2030
gene_16250,SLC29A2|3177,SLC29A2,3177
gene_16251,SLC29A3|55315,SLC29A3,55315
gene_16252,SLC29A4|222962,SLC29A4,222962
gene_16253,SLC2A10|81031,SLC2A10,81031
gene_16254,SLC2A11|66035,SLC2A11,66035
gene_16255,SLC2A12|154091,SLC2A12,154091
gene_16256,SLC2A13|114134,SLC2A13,114134
gene_16257,SLC2A14|144195,SLC2A14,144195
gene_16258,SLC2A1|6513,SLC2A1,6513
gene_16259,SLC2A2|6514,SLC2A2,6514
gene_16260,SLC2A3|6515,SLC2A3,6515
gene_16261,SLC2A4RG|56731,SLC2A4RG,56731
gene_16262,SLC2A4|6517,SLC2A4,6517
gene_16263,SLC2A5|6518,SLC2A5,6518
gene_16264,SLC2A6|11182,SLC2A6,11182
gene_16265,SLC2A7|155184,SLC2A7,155184
gene_16266,SLC2A8|29988,SLC2A8,29988
gene_16267,SLC2A9|56606,SLC2A9,56606
gene_16268,SLC30A10|55532,SLC30A10,55532
gene_16269,SLC30A1|7779,SLC30A1,7779
gene_16270,SLC30A2|7780,SLC30A2,7780
gene_16271,SLC30A3|7781,SLC30A3,7781
gene_16272,SLC30A4|7782,SLC30A4,7782
gene_16273,SLC30A5|64924,SLC30A5,64924
gene_16274,SLC30A6|55676,SLC30A6,55676
gene_16275,SLC30A7|148867,SLC30A7,148867
gene_16276,SLC30A8|169026,SLC30A8,169026
gene_16277,SLC30A9|10463,SLC30A9,10463
gene_16278,SLC31A1|1317,SLC31A1,1317
gene_16279,SLC31A2|1318,SLC31A2,1318
gene_16280,SLC32A1|140679,SLC32A1,140679
gene_16281,SLC33A1|9197,SLC33A1,9197
gene_16282,SLC34A1|6569,SLC34A1,6569
gene_16283,SLC34A2|10568,SLC34A2,10568
gene_16284,SLC34A3|142680,SLC34A3,142680
gene_16285,SLC35A1|10559,SLC35A1,10559
gene_16286,SLC35A2|7355,SLC35A2,7355
gene_16287,SLC35A3|23443,SLC35A3,23443
gene_16288,SLC35A4|113829,SLC35A4,113829
gene_16289,SLC35A5|55032,SLC35A5,55032
gene_16290,SLC35B1|10237,SLC35B1,10237
gene_16291,SLC35B2|347734,SLC35B2,347734
gene_16292,SLC35B3|51000,SLC35B3,51000
gene_16293,SLC35B4|84912,SLC35B4,84912
gene_16294,SLC35C1|55343,SLC35C1,55343
gene_16295,SLC35C2|51006,SLC35C2,51006
gene_16296,SLC35D1|23169,SLC35D1,23169
gene_16297,SLC35D2|11046,SLC35D2,11046
gene_16298,SLC35D3|340146,SLC35D3,340146
gene_16299,SLC35E1|79939,SLC35E1,79939
gene_16300,SLC35E2|728661,SLC35E2,728661
gene_16301,SLC35E2|9906,SLC35E2,9906
gene_16302,SLC35E3|55508,SLC35E3,55508
gene_16303,SLC35E4|339665,SLC35E4,339665
gene_16304,SLC35F1|222553,SLC35F1,222553
gene_16305,SLC35F2|54733,SLC35F2,54733
gene_16306,SLC35F3|148641,SLC35F3,148641
gene_16307,SLC35F4|341880,SLC35F4,341880
gene_16308,SLC35F5|80255,SLC35F5,80255
gene_16309,SLC36A1|206358,SLC36A1,206358
gene_16310,SLC36A2|153201,SLC36A2,153201
gene_16311,SLC36A3|285641,SLC36A3,285641
gene_16312,SLC36A4|120103,SLC36A4,120103
gene_16313,SLC37A1|54020,SLC37A1,54020
gene_16314,SLC37A2|219855,SLC37A2,219855
gene_16315,SLC37A3|84255,SLC37A3,84255
gene_16316,SLC37A4|2542,SLC37A4,2542
gene_16317,SLC38A10|124565,SLC38A10,124565
gene_16318,SLC38A11|151258,SLC38A11,151258
gene_16319,SLC38A1|81539,SLC38A1,81539
gene_16320,SLC38A2|54407,SLC38A2,54407
gene_16321,SLC38A3|10991,SLC38A3,10991
gene_16322,SLC38A4|55089,SLC38A4,55089
gene_16323,SLC38A5|92745,SLC38A5,92745
gene_16324,SLC38A6|145389,SLC38A6,145389
gene_16325,SLC38A7|55238,SLC38A7,55238
gene_16326,SLC38A8|146167,SLC38A8,146167
gene_16327,SLC38A9|153129,SLC38A9,153129
gene_16328,SLC39A10|57181,SLC39A10,57181
gene_16329,SLC39A11|201266,SLC39A11,201266
gene_16330,SLC39A12|221074,SLC39A12,221074
gene_16331,SLC39A13|91252,SLC39A13,91252
gene_16332,SLC39A14|23516,SLC39A14,23516
gene_16333,SLC39A1|27173,SLC39A1,27173
gene_16334,SLC39A2|29986,SLC39A2,29986
gene_16335,SLC39A3|29985,SLC39A3,29985
gene_16336,SLC39A4|55630,SLC39A4,55630
gene_16337,SLC39A5|283375,SLC39A5,283375
gene_16338,SLC39A6|25800,SLC39A6,25800
gene_16339,SLC39A7|7922,SLC39A7,7922
gene_16340,SLC39A8|64116,SLC39A8,64116
gene_16341,SLC39A9|55334,SLC39A9,55334
gene_16342,SLC3A1|6519,SLC3A1,6519
gene_16343,SLC3A2|6520,SLC3A2,6520
gene_16344,SLC40A1|30061,SLC40A1,30061
gene_16345,SLC41A1|254428,SLC41A1,254428
gene_16346,SLC41A2|84102,SLC41A2,84102
gene_16347,SLC41A3|54946,SLC41A3,54946
gene_16348,SLC43A1|8501,SLC43A1,8501
gene_16349,SLC43A2|124935,SLC43A2,124935
gene_16350,SLC43A3|29015,SLC43A3,29015
gene_16351,SLC44A1|23446,SLC44A1,23446
gene_16352,SLC44A2|57153,SLC44A2,57153
gene_16353,SLC44A3|126969,SLC44A3,126969
gene_16354,SLC44A4|80736,SLC44A4,80736
gene_16355,SLC44A5|204962,SLC44A5,204962
gene_16356,SLC45A1|50651,SLC45A1,50651
gene_16357,SLC45A2|51151,SLC45A2,51151
gene_16358,SLC45A3|85414,SLC45A3,85414
gene_16359,SLC45A4|57210,SLC45A4,57210
gene_16360,SLC46A1|113235,SLC46A1,113235
gene_16361,SLC46A2|57864,SLC46A2,57864
gene_16362,SLC46A3|283537,SLC46A3,283537
gene_16363,SLC47A1|55244,SLC47A1,55244
gene_16364,SLC47A2|146802,SLC47A2,146802
gene_16365,SLC48A1|55652,SLC48A1,55652
gene_16366,SLC4A10|57282,SLC4A10,57282
gene_16367,SLC4A11|83959,SLC4A11,83959
gene_16368,SLC4A1AP|22950,SLC4A1AP,22950
gene_16369,SLC4A1|6521,SLC4A1,6521
gene_16370,SLC4A2|6522,SLC4A2,6522
gene_16371,SLC4A3|6508,SLC4A3,6508
gene_16372,SLC4A4|8671,SLC4A4,8671
gene_16373,SLC4A5|57835,SLC4A5,57835
gene_16374,SLC4A7|9497,SLC4A7,9497
gene_16375,SLC4A8|9498,SLC4A8,9498
gene_16376,SLC4A9|83697,SLC4A9,83697
gene_16377,SLC5A10|125206,SLC5A10,125206
gene_16378,SLC5A11|115584,SLC5A11,115584
gene_16379,SLC5A12|159963,SLC5A12,159963
gene_16380,SLC5A1|6523,SLC5A1,6523
gene_16381,SLC5A2|6524,SLC5A2,6524
gene_16382,SLC5A3|6526,SLC5A3,6526
gene_16383,SLC5A4|6527,SLC5A4,6527
gene_16384,SLC5A5|6528,SLC5A5,6528
gene_16385,SLC5A6|8884,SLC5A6,8884
gene_16386,SLC5A7|60482,SLC5A7,60482
gene_16387,SLC5A8|160728,SLC5A8,160728
gene_16388,SLC5A9|200010,SLC5A9,200010
gene_16389,SLC6A10P|386757,SLC6A10P,386757
gene_16390,SLC6A11|6538,SLC6A11,6538
gene_16391,SLC6A12|6539,SLC6A12,6539
gene_16392,SLC6A13|6540,SLC6A13,6540
gene_16393,SLC6A14|11254,SLC6A14,11254
gene_16394,SLC6A15|55117,SLC6A15,55117
gene_16395,SLC6A16|28968,SLC6A16,28968
gene_16396,SLC6A17|388662,SLC6A17,388662
gene_16397,SLC6A18|348932,SLC6A18,348932
gene_16398,SLC6A19|340024,SLC6A19,340024
gene_16399,SLC6A1|6529,SLC6A1,6529
gene_16400,SLC6A20|54716,SLC6A20,54716
gene_16401,SLC6A2|6530,SLC6A2,6530
gene_16402,SLC6A3|6531,SLC6A3,6531
gene_16403,SLC6A4|6532,SLC6A4,6532
gene_16404,SLC6A5|9152,SLC6A5,9152
gene_16405,SLC6A6|6533,SLC6A6,6533
gene_16406,SLC6A7|6534,SLC6A7,6534
gene_16407,SLC6A8|6535,SLC6A8,6535
gene_16408,SLC6A9|6536,SLC6A9,6536
gene_16409,SLC7A10|56301,SLC7A10,56301
gene_16410,SLC7A11|23657,SLC7A11,23657
gene_16411,SLC7A13|157724,SLC7A13,157724
gene_16412,SLC7A14|57709,SLC7A14,57709
gene_16413,SLC7A1|6541,SLC7A1,6541
gene_16414,SLC7A2|6542,SLC7A2,6542
gene_16415,SLC7A3|84889,SLC7A3,84889
gene_16416,SLC7A4|6545,SLC7A4,6545
gene_16417,SLC7A5P1|81893,SLC7A5P1,81893
gene_16418,SLC7A5P2|387254,SLC7A5P2,387254
gene_16419,SLC7A5|8140,SLC7A5,8140
gene_16420,SLC7A6OS|84138,SLC7A6OS,84138
gene_16421,SLC7A6|9057,SLC7A6,9057
gene_16422,SLC7A7|9056,SLC7A7,9056
gene_16423,SLC7A8|23428,SLC7A8,23428
gene_16424,SLC7A9|11136,SLC7A9,11136
gene_16425,SLC8A1|6546,SLC8A1,6546
gene_16426,SLC8A2|6543,SLC8A2,6543
gene_16427,SLC8A3|6547,SLC8A3,6547
gene_16428,SLC9A10|285335,SLC9A10,285335
gene_16429,SLC9A11|284525,SLC9A11,284525
gene_16430,SLC9A1|6548,SLC9A1,6548
gene_16431,SLC9A2|6549,SLC9A2,6549
gene_16432,SLC9A3R1|9368,SLC9A3R1,9368
gene_16433,SLC9A3R2|9351,SLC9A3R2,9351
gene_16434,SLC9A3|6550,SLC9A3,6550
gene_16435,SLC9A4|389015,SLC9A4,389015
gene_16436,SLC9A5|6553,SLC9A5,6553
gene_16437,SLC9A6|10479,SLC9A6,10479
gene_16438,SLC9A7|84679,SLC9A7,84679
gene_16439,SLC9A8|23315,SLC9A8,23315
gene_16440,SLC9A9|285195,SLC9A9,285195
gene_16441,SLCO1A2|6579,SLCO1A2,6579
gene_16442,SLCO1B1|10599,SLCO1B1,10599
gene_16443,SLCO1B3|28234,SLCO1B3,28234
gene_16444,SLCO1C1|53919,SLCO1C1,53919
gene_16445,SLCO2A1|6578,SLCO2A1,6578
gene_16446,SLCO2B1|11309,SLCO2B1,11309
gene_16447,SLCO3A1|28232,SLCO3A1,28232
gene_16448,SLCO4A1|28231,SLCO4A1,28231
gene_16449,SLCO4C1|353189,SLCO4C1,353189
gene_16450,SLCO5A1|81796,SLCO5A1,81796
gene_16451,SLCO6A1|133482,SLCO6A1,133482
gene_16452,SLED1|643036,SLED1,643036
gene_16453,SLFN11|91607,SLFN11,91607
gene_16454,SLFN12L|342615,SLFN12L,342615
gene_16455,SLFN12|55106,SLFN12,55106
gene_16456,SLFN13|146857,SLFN13,146857
gene_16457,SLFN14|342618,SLFN14,342618
gene_16458,SLFN5|162394,SLFN5,162394
gene_16459,SLFNL1|200172,SLFNL1,200172
gene_16460,SLIT1|6585,SLIT1,6585
gene_16461,SLIT2|9353,SLIT2,9353
gene_16462,SLIT3|6586,SLIT3,6586
gene_16463,SLITRK1|114798,SLITRK1,114798
gene_16464,SLITRK2|84631,SLITRK2,84631
gene_16465,SLITRK3|22865,SLITRK3,22865
gene_16466,SLITRK4|139065,SLITRK4,139065
gene_16467,SLITRK5|26050,SLITRK5,26050
gene_16468,SLITRK6|84189,SLITRK6,84189
gene_16469,SLK|9748,SLK,9748
gene_16470,SLMAP|7871,SLMAP,7871
gene_16471,SLMO1|10650,SLMO1,10650
gene_16472,SLMO2|51012,SLMO2,51012
gene_16473,SLN|6588,SLN,6588
gene_16474,SLPI|6590,SLPI,6590
gene_16475,SLTM|79811,SLTM,79811
gene_16476,SLU7|10569,SLU7,10569
gene_16477,SLURP1|57152,SLURP1,57152
gene_16478,SMAD1|4086,SMAD1,4086
gene_16479,SMAD2|4087,SMAD2,4087
gene_16480,SMAD3|4088,SMAD3,4088
gene_16481,SMAD4|4089,SMAD4,4089
gene_16482,SMAD5OS|9597,SMAD5OS,9597
gene_16483,SMAD5|4090,SMAD5,4090
gene_16484,SMAD6|4091,SMAD6,4091
gene_16485,SMAD7|4092,SMAD7,4092
gene_16486,SMAD9|4093,SMAD9,4093
gene_16487,SMAGP|57228,SMAGP,57228
gene_16488,SMAP1|60682,SMAP1,60682
gene_16489,SMAP2|64744,SMAP2,64744
gene_16490,SMARCA1|6594,SMARCA1,6594
gene_16491,SMARCA2|6595,SMARCA2,6595
gene_16492,SMARCA4|6597,SMARCA4,6597
gene_16493,SMARCA5|8467,SMARCA5,8467
gene_16494,SMARCAD1|56916,SMARCAD1,56916
gene_16495,SMARCAL1|50485,SMARCAL1,50485
gene_16496,SMARCB1|6598,SMARCB1,6598
gene_16497,SMARCC1|6599,SMARCC1,6599
gene_16498,SMARCC2|6601,SMARCC2,6601
gene_16499,SMARCD1|6602,SMARCD1,6602
gene_16500,SMARCD2|6603,SMARCD2,6603
gene_16501,SMARCD3|6604,SMARCD3,6604
gene_16502,SMARCE1|6605,SMARCE1,6605
gene_16503,SMC1A|8243,SMC1A,8243
gene_16504,SMC1B|27127,SMC1B,27127
gene_16505,SMC2|10592,SMC2,10592
gene_16506,SMC3|9126,SMC3,9126
gene_16507,SMC4|10051,SMC4,10051
gene_16508,SMC5|23137,SMC5,23137
gene_16509,SMC6|79677,SMC6,79677
gene_16510,SMCHD1|23347,SMCHD1,23347
gene_16511,SMCP|4184,SMCP,4184
gene_16512,SMCR5|140771,SMCR5,140771
gene_16513,SMCR7L|54471,SMCR7L,54471
gene_16514,SMCR7|125170,SMCR7,125170
gene_16515,SMCR8|140775,SMCR8,140775
gene_16516,SMEK1|55671,SMEK1,55671
gene_16517,SMEK2|57223,SMEK2,57223
gene_16518,SMEK3P|139420,SMEK3P,139420
gene_16519,SMG1|23049,SMG1,23049
gene_16520,SMG5|23381,SMG5,23381
gene_16521,SMG6|23293,SMG6,23293
gene_16522,SMG7|9887,SMG7,9887
gene_16523,SMN1|6606,SMN1,6606
gene_16524,SMN2|6607,SMN2,6607
gene_16525,SMNDC1|10285,SMNDC1,10285
gene_16526,SMOC1|64093,SMOC1,64093
gene_16527,SMOC2|64094,SMOC2,64094
gene_16528,SMOX|54498,SMOX,54498
gene_16529,SMO|6608,SMO,6608
gene_16530,SMPD1|6609,SMPD1,6609
gene_16531,SMPD2|6610,SMPD2,6610
gene_16532,SMPD3|55512,SMPD3,55512
gene_16533,SMPD4|55627,SMPD4,55627
gene_16534,SMPDL3A|10924,SMPDL3A,10924
gene_16535,SMPDL3B|27293,SMPDL3B,27293
gene_16536,SMPX|23676,SMPX,23676
gene_16537,SMR3A|26952,SMR3A,26952
gene_16538,SMR3B|10879,SMR3B,10879
gene_16539,SMS|6611,SMS,6611
gene_16540,SMTNL1|219537,SMTNL1,219537
gene_16541,SMTNL2|342527,SMTNL2,342527
gene_16542,SMTN|6525,SMTN,6525
gene_16543,SMU1|55234,SMU1,55234
gene_16544,SMUG1|23583,SMUG1,23583
gene_16545,SMURF1|57154,SMURF1,57154
gene_16546,SMURF2|64750,SMURF2,64750
gene_16547,SMYD1|150572,SMYD1,150572
gene_16548,SMYD2|56950,SMYD2,56950
gene_16549,SMYD3|64754,SMYD3,64754
gene_16550,SMYD4|114826,SMYD4,114826
gene_16551,SMYD5|10322,SMYD5,10322
gene_16552,SNAI1|6615,SNAI1,6615
gene_16553,SNAI2|6591,SNAI2,6591
gene_16554,SNAI3|333929,SNAI3,333929
gene_16555,SNAP23|8773,SNAP23,8773
gene_16556,SNAP25|6616,SNAP25,6616
gene_16557,SNAP29|9342,SNAP29,9342
gene_16558,SNAP47|116841,SNAP47,116841
gene_16559,SNAP91|9892,SNAP91,9892
gene_16560,SNAPC1|6617,SNAPC1,6617
gene_16561,SNAPC2|6618,SNAPC2,6618
gene_16562,SNAPC3|6619,SNAPC3,6619
gene_16563,SNAPC4|6621,SNAPC4,6621
gene_16564,SNAPC5|10302,SNAPC5,10302
gene_16565,SNAPIN|23557,SNAPIN,23557
gene_16566,SNAR-A13|100169959,SNAR-A13,100169959
gene_16567,SNAR-A2|100126799,SNAR-A2,100126799
gene_16568,SNAR-A3|100169951,SNAR-A3,100169951
gene_16569,SNAR-A4|100169956,SNAR-A4,100169956
gene_16570,SNAR-B2|100170217,SNAR-B2,100170217
gene_16571,SNAR-C2|100170218,SNAR-C2,100170218
gene_16572,SNAR-C3|100170226,SNAR-C3,100170226
gene_16573,SNAR-C4|100170219,SNAR-C4,100170219
gene_16574,SNAR-D|100170227,SNAR-D,100170227
gene_16575,SNAR-E|100170220,SNAR-E,100170220
gene_16576,SNAR-F|100126781,SNAR-F,100126781
gene_16577,SNAR-G1|100126780,SNAR-G1,100126780
gene_16578,SNAR-G2|100170228,SNAR-G2,100170228
gene_16579,SNAR-H|100170221,SNAR-H,100170221
gene_16580,SNAR-I|100170222,SNAR-I,100170222
gene_16581,SNCAIP|9627,SNCAIP,9627
gene_16582,SNCA|6622,SNCA,6622
gene_16583,SNCB|6620,SNCB,6620
gene_16584,SNCG|6623,SNCG,6623
gene_16585,SND1|27044,SND1,27044
gene_16586,SNED1|25992,SNED1,25992
gene_16587,SNF8|11267,SNF8,11267
gene_16588,SNHG10|283596,SNHG10,283596
gene_16589,SNHG11|128439,SNHG11,128439
gene_16590,SNHG12|85028,SNHG12,85028
gene_16591,SNHG1|23642,SNHG1,23642
gene_16592,SNHG3-RCC1|751867,SNHG3-RCC1,751867
gene_16593,SNHG3|8420,SNHG3,8420
gene_16594,SNHG4|724102,SNHG4,724102
gene_16595,SNHG5|387066,SNHG5,387066
gene_16596,SNHG6|641638,SNHG6,641638
gene_16597,SNHG7|84973,SNHG7,84973
gene_16598,SNHG8|100093630,SNHG8,100093630
gene_16599,SNHG9|735301,SNHG9,735301
gene_16600,SNIP1|79753,SNIP1,79753
gene_16601,SNN|8303,SNN,8303
gene_16602,SNORA10|574042,SNORA10,574042
gene_16603,SNORA11B|100124539,SNORA11B,100124539
gene_16604,SNORA11C|100124540,SNORA11C,100124540
gene_16605,SNORA11D|100124541,SNORA11D,100124541
gene_16606,SNORA11E|100124542,SNORA11E,100124542
gene_16607,SNORA11|677799,SNORA11,677799
gene_16608,SNORA12|677800,SNORA12,677800
gene_16609,SNORA13|654322,SNORA13,654322
gene_16610,SNORA14A|677801,SNORA14A,677801
gene_16611,SNORA14B|677802,SNORA14B,677802
gene_16612,SNORA15|677803,SNORA15,677803
gene_16613,SNORA16A|692073,SNORA16A,692073
gene_16614,SNORA16B|692157,SNORA16B,692157
gene_16615,SNORA18|677805,SNORA18,677805
gene_16616,SNORA19|641451,SNORA19,641451
gene_16617,SNORA1|677792,SNORA1,677792
gene_16618,SNORA20|677806,SNORA20,677806
gene_16619,SNORA21|619505,SNORA21,619505
gene_16620,SNORA22|677807,SNORA22,677807
gene_16621,SNORA23|677808,SNORA23,677808
gene_16622,SNORA24|677809,SNORA24,677809
gene_16623,SNORA25|684959,SNORA25,684959
gene_16624,SNORA26|677810,SNORA26,677810
gene_16625,SNORA27|619499,SNORA27,619499
gene_16626,SNORA28|677811,SNORA28,677811
gene_16627,SNORA29|677812,SNORA29,677812
gene_16628,SNORA2A|677793,SNORA2A,677793
gene_16629,SNORA2B|677794,SNORA2B,677794
gene_16630,SNORA30|677813,SNORA30,677813
gene_16631,SNORA31|677814,SNORA31,677814
gene_16632,SNORA32|692063,SNORA32,692063
gene_16633,SNORA34|677815,SNORA34,677815
gene_16634,SNORA35|677816,SNORA35,677816
gene_16635,SNORA36A|677817,SNORA36A,677817
gene_16636,SNORA36B|677818,SNORA36B,677818
gene_16637,SNORA36C|100124535,SNORA36C,100124535
gene_16638,SNORA37|677819,SNORA37,677819
gene_16639,SNORA38B|100124536,SNORA38B,100124536
gene_16640,SNORA38|677820,SNORA38,677820
gene_16641,SNORA39|677821,SNORA39,677821
gene_16642,SNORA3|619562,SNORA3,619562
gene_16643,SNORA40|677822,SNORA40,677822
gene_16644,SNORA41|619569,SNORA41,619569
gene_16645,SNORA42|677823,SNORA42,677823
gene_16646,SNORA44|677825,SNORA44,677825
gene_16647,SNORA45|677826,SNORA45,677826
gene_16648,SNORA46|677827,SNORA46,677827
gene_16649,SNORA47|677828,SNORA47,677828
gene_16650,SNORA48|652965,SNORA48,652965
gene_16651,SNORA49|677829,SNORA49,677829
gene_16652,SNORA4|619568,SNORA4,619568
gene_16653,SNORA50|677830,SNORA50,677830
gene_16654,SNORA51|677831,SNORA51,677831
gene_16655,SNORA52|619565,SNORA52,619565
gene_16656,SNORA53|677832,SNORA53,677832
gene_16657,SNORA54|677833,SNORA54,677833
gene_16658,SNORA55|677834,SNORA55,677834
gene_16659,SNORA56|677835,SNORA56,677835
gene_16660,SNORA57|692158,SNORA57,692158
gene_16661,SNORA58|677836,SNORA58,677836
gene_16662,SNORA59B|677882,SNORA59B,677882
gene_16663,SNORA5A|654319,SNORA5A,654319
gene_16664,SNORA5B|677795,SNORA5B,677795
gene_16665,SNORA5C|677796,SNORA5C,677796
gene_16666,SNORA61|677838,SNORA61,677838
gene_16667,SNORA62|6044,SNORA62,6044
gene_16668,SNORA63|6043,SNORA63,6043
gene_16669,SNORA64|26784,SNORA64,26784
gene_16670,SNORA65|26783,SNORA65,26783
gene_16671,SNORA66|26782,SNORA66,26782
gene_16672,SNORA67|26781,SNORA67,26781
gene_16673,SNORA68|26780,SNORA68,26780
gene_16674,SNORA69|26779,SNORA69,26779
gene_16675,SNORA6|574040,SNORA6,574040
gene_16676,SNORA70B|100124537,SNORA70B,100124537
gene_16677,SNORA70C|100124538,SNORA70C,100124538
gene_16678,SNORA70|26778,SNORA70,26778
gene_16679,SNORA71A|26777,SNORA71A,26777
gene_16680,SNORA71B|26776,SNORA71B,26776
gene_16681,SNORA71C|677839,SNORA71C,677839
gene_16682,SNORA71D|677840,SNORA71D,677840
gene_16683,SNORA72|26775,SNORA72,26775
gene_16684,SNORA74A|26821,SNORA74A,26821
gene_16685,SNORA74B|677841,SNORA74B,677841
gene_16686,SNORA75|654321,SNORA75,654321
gene_16687,SNORA76|677842,SNORA76,677842
gene_16688,SNORA77|677843,SNORA77,677843
gene_16689,SNORA78|677844,SNORA78,677844
gene_16690,SNORA79|677845,SNORA79,677845
gene_16691,SNORA7B|677797,SNORA7B,677797
gene_16692,SNORA80|677846,SNORA80,677846
gene_16693,SNORA81|677847,SNORA81,677847
gene_16694,SNORA84|100124534,SNORA84,100124534
gene_16695,SNORA8|654320,SNORA8,654320
gene_16696,SNORA9|677798,SNORA9,677798
gene_16697,SNORD102|26771,SNORD102,26771
gene_16698,SNORD103A|692234,SNORD103A,692234
gene_16699,SNORD104|692227,SNORD104,692227
gene_16700,SNORD105B|100113382,SNORD105B,100113382
gene_16701,SNORD105|692229,SNORD105,692229
gene_16702,SNORD109B|338429,SNORD109B,338429
gene_16703,SNORD10|652966,SNORD10,652966
gene_16704,SNORD110|692213,SNORD110,692213
gene_16705,SNORD111B|100113402,SNORD111B,100113402
gene_16706,SNORD111|692214,SNORD111,692214
gene_16707,SNORD113-1|767561,SNORD113-1,767561
gene_16708,SNORD113-2|767562,SNORD113-2,767562
gene_16709,SNORD113-4|767564,SNORD113-4,767564
gene_16710,SNORD113-5|767565,SNORD113-5,767565
gene_16711,SNORD113-6|767566,SNORD113-6,767566
gene_16712,SNORD113-7|767567,SNORD113-7,767567
gene_16713,SNORD113-9|767569,SNORD113-9,767569
gene_16714,SNORD114-10|767588,SNORD114-10,767588
gene_16715,SNORD114-11|767589,SNORD114-11,767589
gene_16716,SNORD114-12|767590,SNORD114-12,767590
gene_16717,SNORD114-13|767591,SNORD114-13,767591
gene_16718,SNORD114-14|767592,SNORD114-14,767592
gene_16719,SNORD114-15|767593,SNORD114-15,767593
gene_16720,SNORD114-16|767594,SNORD114-16,767594
gene_16721,SNORD114-17|767595,SNORD114-17,767595
gene_16722,SNORD114-18|767596,SNORD114-18,767596
gene_16723,SNORD114-19|767597,SNORD114-19,767597
gene_16724,SNORD114-1|767577,SNORD114-1,767577
gene_16725,SNORD114-20|767598,SNORD114-20,767598
gene_16726,SNORD114-21|767599,SNORD114-21,767599
gene_16727,SNORD114-22|767600,SNORD114-22,767600
gene_16728,SNORD114-23|767603,SNORD114-23,767603
gene_16729,SNORD114-24|767604,SNORD114-24,767604
gene_16730,SNORD114-25|767605,SNORD114-25,767605
gene_16731,SNORD114-26|767606,SNORD114-26,767606
gene_16732,SNORD114-27|767608,SNORD114-27,767608
gene_16733,SNORD114-28|767609,SNORD114-28,767609
gene_16734,SNORD114-29|767610,SNORD114-29,767610
gene_16735,SNORD114-2|767578,SNORD114-2,767578
gene_16736,SNORD114-30|767611,SNORD114-30,767611
gene_16737,SNORD114-31|767612,SNORD114-31,767612
gene_16738,SNORD114-3|767579,SNORD114-3,767579
gene_16739,SNORD114-4|767580,SNORD114-4,767580
gene_16740,SNORD114-5|767581,SNORD114-5,767581
gene_16741,SNORD114-6|767582,SNORD114-6,767582
gene_16742,SNORD114-7|767583,SNORD114-7,767583
gene_16743,SNORD114-8|767584,SNORD114-8,767584
gene_16744,SNORD114-9|767585,SNORD114-9,767585
gene_16745,SNORD115-10|100033447,SNORD115-10,100033447
gene_16746,SNORD115-11|100033448,SNORD115-11,100033448
gene_16747,SNORD115-13|100033450,SNORD115-13,100033450
gene_16748,SNORD115-14|100033451,SNORD115-14,100033451
gene_16749,SNORD115-16|100033454,SNORD115-16,100033454
gene_16750,SNORD115-17|100033455,SNORD115-17,100033455
gene_16751,SNORD115-1|338433,SNORD115-1,338433
gene_16752,SNORD115-20|100033460,SNORD115-20,100033460
gene_16753,SNORD115-22|100033799,SNORD115-22,100033799
gene_16754,SNORD115-25|100033801,SNORD115-25,100033801
gene_16755,SNORD115-26|100033802,SNORD115-26,100033802
gene_16756,SNORD115-2|100033437,SNORD115-2,100033437
gene_16757,SNORD115-30|100033804,SNORD115-30,100033804
gene_16758,SNORD115-31|100033805,SNORD115-31,100033805
gene_16759,SNORD115-32|100033806,SNORD115-32,100033806
gene_16760,SNORD115-33|100033807,SNORD115-33,100033807
gene_16761,SNORD115-35|100033809,SNORD115-35,100033809
gene_16762,SNORD115-37|100033811,SNORD115-37,100033811
gene_16763,SNORD115-38|100033812,SNORD115-38,100033812
gene_16764,SNORD115-39|100033813,SNORD115-39,100033813
gene_16765,SNORD115-3|100033440,SNORD115-3,100033440
gene_16766,SNORD115-40|100033814,SNORD115-40,100033814
gene_16767,SNORD115-41|100033815,SNORD115-41,100033815
gene_16768,SNORD115-44|100033818,SNORD115-44,100033818
gene_16769,SNORD115-48|100033822,SNORD115-48,100033822
gene_16770,SNORD115-4|100033441,SNORD115-4,100033441
gene_16771,SNORD115-5|100033442,SNORD115-5,100033442
gene_16772,SNORD115-6|100033443,SNORD115-6,100033443
gene_16773,SNORD115-7|100033444,SNORD115-7,100033444
gene_16774,SNORD115-8|100033445,SNORD115-8,100033445
gene_16775,SNORD115-9|100033446,SNORD115-9,100033446
gene_16776,SNORD116-10|100033422,SNORD116-10,100033422
gene_16777,SNORD116-11|100033423,SNORD116-11,100033423
gene_16778,SNORD116-12|100033424,SNORD116-12,100033424
gene_16779,SNORD116-13|100033425,SNORD116-13,100033425
gene_16780,SNORD116-14|100033426,SNORD116-14,100033426
gene_16781,SNORD116-15|100033427,SNORD116-15,100033427
gene_16782,SNORD116-16|100033428,SNORD116-16,100033428
gene_16783,SNORD116-18|100033430,SNORD116-18,100033430
gene_16784,SNORD116-19|727708,SNORD116-19,727708
gene_16785,SNORD116-1|100033413,SNORD116-1,100033413
gene_16786,SNORD116-20|100033431,SNORD116-20,100033431
gene_16787,SNORD116-22|100033433,SNORD116-22,100033433
gene_16788,SNORD116-23|100033434,SNORD116-23,100033434
gene_16789,SNORD116-24|100033435,SNORD116-24,100033435
gene_16790,SNORD116-25|100033436,SNORD116-25,100033436
gene_16791,SNORD116-26|100033438,SNORD116-26,100033438
gene_16792,SNORD116-27|100033439,SNORD116-27,100033439
gene_16793,SNORD116-28|100033820,SNORD116-28,100033820
gene_16794,SNORD116-29|100033821,SNORD116-29,100033821
gene_16795,SNORD116-2|100033414,SNORD116-2,100033414
gene_16796,SNORD116-3|100033415,SNORD116-3,100033415
gene_16797,SNORD116-4|100033416,SNORD116-4,100033416
gene_16798,SNORD116-5|100033417,SNORD116-5,100033417
gene_16799,SNORD116-8|100033420,SNORD116-8,100033420
gene_16800,SNORD117|692233,SNORD117,692233
gene_16801,SNORD119|100113378,SNORD119,100113378
gene_16802,SNORD11B|100113392,SNORD11B,100113392
gene_16803,SNORD11|692058,SNORD11,692058
gene_16804,SNORD121A|100113379,SNORD121A,100113379
gene_16805,SNORD121B|100113385,SNORD121B,100113385
gene_16806,SNORD123|100113384,SNORD123,100113384
gene_16807,SNORD124|100113390,SNORD124,100113390
gene_16808,SNORD125|100113380,SNORD125,100113380
gene_16809,SNORD126|100113391,SNORD126,100113391
gene_16810,SNORD127|100113389,SNORD127,100113389
gene_16811,SNORD12B|100113393,SNORD12B,100113393
gene_16812,SNORD12C|26765,SNORD12C,26765
gene_16813,SNORD12|692057,SNORD12,692057
gene_16814,SNORD15A|6079,SNORD15A,6079
gene_16815,SNORD15B|114599,SNORD15B,114599
gene_16816,SNORD16|595097,SNORD16,595097
gene_16817,SNORD17|692086,SNORD17,692086
gene_16818,SNORD18A|595098,SNORD18A,595098
gene_16819,SNORD18B|595099,SNORD18B,595099
gene_16820,SNORD18C|595100,SNORD18C,595100
gene_16821,SNORD19B|100113381,SNORD19B,100113381
gene_16822,SNORD19|692089,SNORD19,692089
gene_16823,SNORD1A|677848,SNORD1A,677848
gene_16824,SNORD1B|677849,SNORD1B,677849
gene_16825,SNORD1C|677850,SNORD1C,677850
gene_16826,SNORD20|6082,SNORD20,6082
gene_16827,SNORD21|6083,SNORD21,6083
gene_16828,SNORD22|9304,SNORD22,9304
gene_16829,SNORD23|692091,SNORD23,692091
gene_16830,SNORD24|26820,SNORD24,26820
gene_16831,SNORD25|9303,SNORD25,9303
gene_16832,SNORD26|9302,SNORD26,9302
gene_16833,SNORD27|9301,SNORD27,9301
gene_16834,SNORD28|9300,SNORD28,9300
gene_16835,SNORD29|9297,SNORD29,9297
gene_16836,SNORD2|619567,SNORD2,619567
gene_16837,SNORD30|9299,SNORD30,9299
gene_16838,SNORD31|9298,SNORD31,9298
gene_16839,SNORD32A|26819,SNORD32A,26819
gene_16840,SNORD32B|692092,SNORD32B,692092
gene_16841,SNORD33|26818,SNORD33,26818
gene_16842,SNORD34|26817,SNORD34,26817
gene_16843,SNORD35A|26816,SNORD35A,26816
gene_16844,SNORD35B|84546,SNORD35B,84546
gene_16845,SNORD36A|26815,SNORD36A,26815
gene_16846,SNORD36B|26814,SNORD36B,26814
gene_16847,SNORD36C|26813,SNORD36C,26813
gene_16848,SNORD37|26812,SNORD37,26812
gene_16849,SNORD38A|94162,SNORD38A,94162
gene_16850,SNORD38B|94163,SNORD38B,94163
gene_16851,SNORD41|26810,SNORD41,26810
gene_16852,SNORD42A|26809,SNORD42A,26809
gene_16853,SNORD42B|26808,SNORD42B,26808
gene_16854,SNORD43|26807,SNORD43,26807
gene_16855,SNORD44|26806,SNORD44,26806
gene_16856,SNORD45A|26805,SNORD45A,26805
gene_16857,SNORD45B|26804,SNORD45B,26804
gene_16858,SNORD45C|692085,SNORD45C,692085
gene_16859,SNORD46|94161,SNORD46,94161
gene_16860,SNORD47|26802,SNORD47,26802
gene_16861,SNORD48|26801,SNORD48,26801
gene_16862,SNORD49A|26800,SNORD49A,26800
gene_16863,SNORD49B|692087,SNORD49B,692087
gene_16864,SNORD4A|26773,SNORD4A,26773
gene_16865,SNORD4B|26772,SNORD4B,26772
gene_16866,SNORD50A|26799,SNORD50A,26799
gene_16867,SNORD50B|692088,SNORD50B,692088
gene_16868,SNORD51|26798,SNORD51,26798
gene_16869,SNORD52|26797,SNORD52,26797
gene_16870,SNORD53|26796,SNORD53,26796
gene_16871,SNORD54|26795,SNORD54,26795
gene_16872,SNORD55|26811,SNORD55,26811
gene_16873,SNORD56B|319139,SNORD56B,319139
gene_16874,SNORD56|26793,SNORD56,26793
gene_16875,SNORD57|26792,SNORD57,26792
gene_16876,SNORD58A|26791,SNORD58A,26791
gene_16877,SNORD58C|100124516,SNORD58C,100124516
gene_16878,SNORD59A|26789,SNORD59A,26789
gene_16879,SNORD59B|692090,SNORD59B,692090
gene_16880,SNORD5|692072,SNORD5,692072
gene_16881,SNORD60|26788,SNORD60,26788
gene_16882,SNORD61|26787,SNORD61,26787
gene_16883,SNORD62A|26786,SNORD62A,26786
gene_16884,SNORD63|26785,SNORD63,26785
gene_16885,SNORD65|692106,SNORD65,692106
gene_16886,SNORD66|692107,SNORD66,692107
gene_16887,SNORD67|692108,SNORD67,692108
gene_16888,SNORD68|606500,SNORD68,606500
gene_16889,SNORD69|692109,SNORD69,692109
gene_16890,SNORD6|692075,SNORD6,692075
gene_16891,SNORD70|692110,SNORD70,692110
gene_16892,SNORD71|692111,SNORD71,692111
gene_16893,SNORD72|619564,SNORD72,619564
gene_16894,SNORD73A|8944,SNORD73A,8944
gene_16895,SNORD74|619498,SNORD74,619498
gene_16896,SNORD75|692195,SNORD75,692195
gene_16897,SNORD76|692196,SNORD76,692196
gene_16898,SNORD77|692197,SNORD77,692197
gene_16899,SNORD78|692198,SNORD78,692198
gene_16900,SNORD79|26770,SNORD79,26770
gene_16901,SNORD7|692076,SNORD7,692076
gene_16902,SNORD80|26774,SNORD80,26774
gene_16903,SNORD81|26769,SNORD81,26769
gene_16904,SNORD82|25826,SNORD82,25826
gene_16905,SNORD84|692199,SNORD84,692199
gene_16906,SNORD85|692200,SNORD85,692200
gene_16907,SNORD86|692201,SNORD86,692201
gene_16908,SNORD87|641648,SNORD87,641648
gene_16909,SNORD88A|692202,SNORD88A,692202
gene_16910,SNORD88B|692203,SNORD88B,692203
gene_16911,SNORD88C|692204,SNORD88C,692204
gene_16912,SNORD89|692205,SNORD89,692205
gene_16913,SNORD8|319103,SNORD8,319103
gene_16914,SNORD90|692206,SNORD90,692206
gene_16915,SNORD91A|692207,SNORD91A,692207
gene_16916,SNORD91B|692208,SNORD91B,692208
gene_16917,SNORD92|692209,SNORD92,692209
gene_16918,SNORD93|692210,SNORD93,692210
gene_16919,SNORD94|692225,SNORD94,692225
gene_16920,SNORD95|619570,SNORD95,619570
gene_16921,SNORD96A|619571,SNORD96A,619571
gene_16922,SNORD96B|692226,SNORD96B,692226
gene_16923,SNORD97|692223,SNORD97,692223
gene_16924,SNORD98|692211,SNORD98,692211
gene_16925,SNORD99|692212,SNORD99,692212
gene_16926,SNORD9|692053,SNORD9,692053
gene_16927,SNPH|9751,SNPH,9751
gene_16928,SNRK|54861,SNRK,54861
gene_16929,SNRNP200|23020,SNRNP200,23020
gene_16930,SNRNP25|79622,SNRNP25,79622
gene_16931,SNRNP27|11017,SNRNP27,11017
gene_16932,SNRNP35|11066,SNRNP35,11066
gene_16933,SNRNP40|9410,SNRNP40,9410
gene_16934,SNRNP48|154007,SNRNP48,154007
gene_16935,SNRNP70|6625,SNRNP70,6625
gene_16936,SNRPA1|6627,SNRPA1,6627
gene_16937,SNRPA|6626,SNRPA,6626
gene_16938,SNRPB2|6629,SNRPB2,6629
gene_16939,SNRPB|6628,SNRPB,6628
gene_16940,SNRPC|6631,SNRPC,6631
gene_16941,SNRPD1|6632,SNRPD1,6632
gene_16942,SNRPD2|6633,SNRPD2,6633
gene_16943,SNRPD3|6634,SNRPD3,6634
gene_16944,SNRPE|6635,SNRPE,6635
gene_16945,SNRPF|6636,SNRPF,6636
gene_16946,SNRPG|6637,SNRPG,6637
gene_16947,SNRPN|6638,SNRPN,6638
gene_16948,SNTA1|6640,SNTA1,6640
gene_16949,SNTB1|6641,SNTB1,6641
gene_16950,SNTB2|6645,SNTB2,6645
gene_16951,SNTG1|54212,SNTG1,54212
gene_16952,SNTG2|54221,SNTG2,54221
gene_16953,SNTN|132203,SNTN,132203
gene_16954,SNUPN|10073,SNUPN,10073
gene_16955,SNURF|8926,SNURF,8926
gene_16956,SNW1|22938,SNW1,22938
gene_16957,SNX10|29887,SNX10,29887
gene_16958,SNX11|29916,SNX11,29916
gene_16959,SNX12|29934,SNX12,29934
gene_16960,SNX13|23161,SNX13,23161
gene_16961,SNX14|57231,SNX14,57231
gene_16962,SNX15|29907,SNX15,29907
gene_16963,SNX16|64089,SNX16,64089
gene_16964,SNX17|9784,SNX17,9784
gene_16965,SNX18|112574,SNX18,112574
gene_16966,SNX19|399979,SNX19,399979
gene_16967,SNX1|6642,SNX1,6642
gene_16968,SNX20|124460,SNX20,124460
gene_16969,SNX21|90203,SNX21,90203
gene_16970,SNX22|79856,SNX22,79856
gene_16971,SNX24|28966,SNX24,28966
gene_16972,SNX25|83891,SNX25,83891
gene_16973,SNX27|81609,SNX27,81609
gene_16974,SNX29|92017,SNX29,92017
gene_16975,SNX2|6643,SNX2,6643
gene_16976,SNX30|401548,SNX30,401548
gene_16977,SNX31|169166,SNX31,169166
gene_16978,SNX32|254122,SNX32,254122
gene_16979,SNX33|257364,SNX33,257364
gene_16980,SNX3|8724,SNX3,8724
gene_16981,SNX4|8723,SNX4,8723
gene_16982,SNX5|27131,SNX5,27131
gene_16983,SNX6|58533,SNX6,58533
gene_16984,SNX7|51375,SNX7,51375
gene_16985,SNX8|29886,SNX8,29886
gene_16986,SNX9|51429,SNX9,51429
gene_16987,SOAT1|6646,SOAT1,6646
gene_16988,SOAT2|8435,SOAT2,8435
gene_16989,SOBP|55084,SOBP,55084
gene_16990,SOCS1|8651,SOCS1,8651
gene_16991,SOCS2|8835,SOCS2,8835
gene_16992,SOCS3|9021,SOCS3,9021
gene_16993,SOCS4|122809,SOCS4,122809
gene_16994,SOCS5|9655,SOCS5,9655
gene_16995,SOCS6|9306,SOCS6,9306
gene_16996,SOCS7|30837,SOCS7,30837
gene_16997,SOD1|6647,SOD1,6647
gene_16998,SOD2|6648,SOD2,6648
gene_16999,SOD3|6649,SOD3,6649
gene_17000,SOHLH1|402381,SOHLH1,402381
gene_17001,SOHLH2|54937,SOHLH2,54937
gene_17002,SOLH|6650,SOLH,6650
gene_17003,SON|6651,SON,6651
gene_17004,SORBS1|10580,SORBS1,10580
gene_17005,SORBS2|8470,SORBS2,8470
gene_17006,SORBS3|10174,SORBS3,10174
gene_17007,SORCS1|114815,SORCS1,114815
gene_17008,SORCS2|57537,SORCS2,57537
gene_17009,SORCS3|22986,SORCS3,22986
gene_17010,SORD|6652,SORD,6652
gene_17011,SORL1|6653,SORL1,6653
gene_17012,SORT1|6272,SORT1,6272
gene_17013,SOS1|6654,SOS1,6654
gene_17014,SOS2|6655,SOS2,6655
gene_17015,SOSTDC1|25928,SOSTDC1,25928
gene_17016,SOST|50964,SOST,50964
gene_17017,SOX10|6663,SOX10,6663
gene_17018,SOX11|6664,SOX11,6664
gene_17019,SOX12|6666,SOX12,6666
gene_17020,SOX13|9580,SOX13,9580
gene_17021,SOX14|8403,SOX14,8403
gene_17022,SOX15|6665,SOX15,6665
gene_17023,SOX17|64321,SOX17,64321
gene_17024,SOX18|54345,SOX18,54345
gene_17025,SOX1|6656,SOX1,6656
gene_17026,SOX21|11166,SOX21,11166
gene_17027,SOX2OT|347689,SOX2OT,347689
gene_17028,SOX2|6657,SOX2,6657
gene_17029,SOX30|11063,SOX30,11063
gene_17030,SOX3|6658,SOX3,6658
gene_17031,SOX4|6659,SOX4,6659
gene_17032,SOX5|6660,SOX5,6660
gene_17033,SOX6|55553,SOX6,55553
gene_17034,SOX7|83595,SOX7,83595
gene_17035,SOX8|30812,SOX8,30812
gene_17036,SOX9|6662,SOX9,6662
gene_17037,SP100|6672,SP100,6672
gene_17038,SP110|3431,SP110,3431
gene_17039,SP140L|93349,SP140L,93349
gene_17040,SP140|11262,SP140,11262
gene_17041,SP1|6667,SP1,6667
gene_17042,SP2|6668,SP2,6668
gene_17043,SP3|6670,SP3,6670
gene_17044,SP4|6671,SP4,6671
gene_17045,SP5|389058,SP5,389058
gene_17046,SP6|80320,SP6,80320
gene_17047,SP7|121340,SP7,121340
gene_17048,SP8|221833,SP8,221833
gene_17049,SP9|100131390,SP9,100131390
gene_17050,SPA17|53340,SPA17,53340
gene_17051,SPACA1|81833,SPACA1,81833
gene_17052,SPACA3|124912,SPACA3,124912
gene_17053,SPACA4|171169,SPACA4,171169
gene_17054,SPACA5|389852,SPACA5,389852
gene_17055,SPAG11A|653423,SPAG11A,653423
gene_17056,SPAG11B|10407,SPAG11B,10407
gene_17057,SPAG16|79582,SPAG16,79582
gene_17058,SPAG17|200162,SPAG17,200162
gene_17059,SPAG1|6674,SPAG1,6674
gene_17060,SPAG4|6676,SPAG4,6676
gene_17061,SPAG5|10615,SPAG5,10615
gene_17062,SPAG6|9576,SPAG6,9576
gene_17063,SPAG7|9552,SPAG7,9552
gene_17064,SPAG8|26206,SPAG8,26206
gene_17065,SPAG9|9043,SPAG9,9043
gene_17066,SPAM1|6677,SPAM1,6677
gene_17067,SPANXA2|728712,SPANXA2,728712
gene_17068,SPANXB2|100133171,SPANXB2,100133171
gene_17069,SPANXC|64663,SPANXC,64663
gene_17070,SPANXE|171489,SPANXE,171489
gene_17071,SPANXN1|494118,SPANXN1,494118
gene_17072,SPANXN2|494119,SPANXN2,494119
gene_17073,SPANXN3|139067,SPANXN3,139067
gene_17074,SPANXN4|441525,SPANXN4,441525
gene_17075,SPANXN5|494197,SPANXN5,494197
gene_17076,SPARCL1|8404,SPARCL1,8404
gene_17077,SPARC|6678,SPARC,6678
gene_17078,SPAST|6683,SPAST,6683
gene_17079,SPATA12|353324,SPATA12,353324
gene_17080,SPATA13|221178,SPATA13,221178
gene_17081,SPATA16|83893,SPATA16,83893
gene_17082,SPATA17|128153,SPATA17,128153
gene_17083,SPATA18|132671,SPATA18,132671
gene_17084,SPATA19|219938,SPATA19,219938
gene_17085,SPATA1|64173,SPATA1,64173
gene_17086,SPATA20|64847,SPATA20,64847
gene_17087,SPATA21|374955,SPATA21,374955
gene_17088,SPATA22|84690,SPATA22,84690
gene_17089,SPATA24|202051,SPATA24,202051
gene_17090,SPATA2L|124044,SPATA2L,124044
gene_17091,SPATA2|9825,SPATA2,9825
gene_17092,SPATA3|130560,SPATA3,130560
gene_17093,SPATA4|132851,SPATA4,132851
gene_17094,SPATA5L1|79029,SPATA5L1,79029
gene_17095,SPATA5|166378,SPATA5,166378
gene_17096,SPATA6|54558,SPATA6,54558
gene_17097,SPATA7|55812,SPATA7,55812
gene_17098,SPATA8|145946,SPATA8,145946
gene_17099,SPATA9|83890,SPATA9,83890
gene_17100,SPATC1|375686,SPATC1,375686
gene_17101,SPATS1|221409,SPATS1,221409
gene_17102,SPATS2L|26010,SPATS2L,26010
gene_17103,SPATS2|65244,SPATS2,65244
gene_17104,SPC24|147841,SPC24,147841
gene_17105,SPC25|57405,SPC25,57405
gene_17106,SPCS1|28972,SPCS1,28972
gene_17107,SPCS2|9789,SPCS2,9789
gene_17108,SPCS3|60559,SPCS3,60559
gene_17109,SPDEF|25803,SPDEF,25803
gene_17110,SPDYA|245711,SPDYA,245711
gene_17111,SPDYC|387778,SPDYC,387778
gene_17112,SPDYE1|285955,SPDYE1,285955
gene_17113,SPDYE2|441273,SPDYE2,441273
gene_17114,SPDYE3|441272,SPDYE3,441272
gene_17115,SPDYE4|388333,SPDYE4,388333
gene_17116,SPDYE5|442590,SPDYE5,442590
gene_17117,SPDYE6|729597,SPDYE6,729597
gene_17118,SPDYE7P|441251,SPDYE7P,441251
gene_17119,SPDYE8P|389517,SPDYE8P,389517
gene_17120,SPEF1|25876,SPEF1,25876
gene_17121,SPEF2|79925,SPEF2,79925
gene_17122,SPEG|10290,SPEG,10290
gene_17123,SPEM1|374768,SPEM1,374768
gene_17124,SPEN|23013,SPEN,23013
gene_17125,SPERT|220082,SPERT,220082
gene_17126,SPESP1|246777,SPESP1,246777
gene_17127,SPG11|80208,SPG11,80208
gene_17128,SPG20|23111,SPG20,23111
gene_17129,SPG21|51324,SPG21,51324
gene_17130,SPG7|6687,SPG7,6687
gene_17131,SPHAR|10638,SPHAR,10638
gene_17132,SPHK1|8877,SPHK1,8877
gene_17133,SPHK2|56848,SPHK2,56848
gene_17134,SPHKAP|80309,SPHKAP,80309
gene_17135,SPI1|6688,SPI1,6688
gene_17136,SPIB|6689,SPIB,6689
gene_17137,SPIC|121599,SPIC,121599
gene_17138,SPIN1|10927,SPIN1,10927
gene_17139,SPIN2A|54466,SPIN2A,54466
gene_17140,SPIN2B|474343,SPIN2B,474343
gene_17141,SPIN3|169981,SPIN3,169981
gene_17142,SPIN4|139886,SPIN4,139886
gene_17143,SPINK13|153218,SPINK13,153218
gene_17144,SPINK14|408187,SPINK14,408187
gene_17145,SPINK1|6690,SPINK1,6690
gene_17146,SPINK2|6691,SPINK2,6691
gene_17147,SPINK4|27290,SPINK4,27290
gene_17148,SPINK5|11005,SPINK5,11005
gene_17149,SPINK6|404203,SPINK6,404203
gene_17150,SPINK7|84651,SPINK7,84651
gene_17151,SPINK8|646424,SPINK8,646424
gene_17152,SPINK9|643394,SPINK9,643394
gene_17153,SPINLW1|57119,SPINLW1,57119
gene_17154,SPINT1|6692,SPINT1,6692
gene_17155,SPINT2|10653,SPINT2,10653
gene_17156,SPINT3|10816,SPINT3,10816
gene_17157,SPINT4|391253,SPINT4,391253
gene_17158,SPIRE1|56907,SPIRE1,56907
gene_17159,SPIRE2|84501,SPIRE2,84501
gene_17160,SPNS1|83985,SPNS1,83985
gene_17161,SPNS2|124976,SPNS2,124976
gene_17162,SPNS3|201305,SPNS3,201305
gene_17163,SPN|6693,SPN,6693
gene_17164,SPO11|23626,SPO11,23626
gene_17165,SPOCD1|90853,SPOCD1,90853
gene_17166,SPOCK1|6695,SPOCK1,6695
gene_17167,SPOCK2|9806,SPOCK2,9806
gene_17168,SPOCK3|50859,SPOCK3,50859
gene_17169,SPON1|10418,SPON1,10418
gene_17170,SPON2|10417,SPON2,10417
gene_17171,SPOPL|339745,SPOPL,339745
gene_17172,SPOP|8405,SPOP,8405
gene_17173,SPP1|6696,SPP1,6696
gene_17174,SPP2|6694,SPP2,6694
gene_17175,SPPL2A|84888,SPPL2A,84888
gene_17176,SPPL2B|56928,SPPL2B,56928
gene_17177,SPPL3|121665,SPPL3,121665
gene_17178,SPRED1|161742,SPRED1,161742
gene_17179,SPRED2|200734,SPRED2,200734
gene_17180,SPRED3|399473,SPRED3,399473
gene_17181,SPRN|503542,SPRN,503542
gene_17182,SPRR1A|6698,SPRR1A,6698
gene_17183,SPRR1B|6699,SPRR1B,6699
gene_17184,SPRR2A|6700,SPRR2A,6700
gene_17185,SPRR2B|6701,SPRR2B,6701
gene_17186,SPRR2C|6702,SPRR2C,6702
gene_17187,SPRR2D|6703,SPRR2D,6703
gene_17188,SPRR2E|6704,SPRR2E,6704
gene_17189,SPRR2F|6705,SPRR2F,6705
gene_17190,SPRR2G|6706,SPRR2G,6706
gene_17191,SPRR3|6707,SPRR3,6707
gene_17192,SPRR4|163778,SPRR4,163778
gene_17193,SPRY1|10252,SPRY1,10252
gene_17194,SPRY2|10253,SPRY2,10253
gene_17195,SPRY3|10251,SPRY3,10251
gene_17196,SPRY4|81848,SPRY4,81848
gene_17197,SPRYD3|84926,SPRYD3,84926
gene_17198,SPRYD4|283377,SPRYD4,283377
gene_17199,SPRYD5|84767,SPRYD5,84767
gene_17200,SPR|6697,SPR,6697
gene_17201,SPSB1|80176,SPSB1,80176
gene_17202,SPSB2|84727,SPSB2,84727
gene_17203,SPSB3|90864,SPSB3,90864
gene_17204,SPSB4|92369,SPSB4,92369
gene_17205,SPTA1|6708,SPTA1,6708
gene_17206,SPTAN1|6709,SPTAN1,6709
gene_17207,SPTBN1|6711,SPTBN1,6711
gene_17208,SPTBN2|6712,SPTBN2,6712
gene_17209,SPTBN4|57731,SPTBN4,57731
gene_17210,SPTBN5|51332,SPTBN5,51332
gene_17211,SPTB|6710,SPTB,6710
gene_17212,SPTLC1|10558,SPTLC1,10558
gene_17213,SPTLC2|9517,SPTLC2,9517
gene_17214,SPTLC3|55304,SPTLC3,55304
gene_17215,SPTY2D1|144108,SPTY2D1,144108
gene_17216,SPZ1|84654,SPZ1,84654
gene_17217,SQLE|6713,SQLE,6713
gene_17218,SQRDL|58472,SQRDL,58472
gene_17219,SQSTM1|8878,SQSTM1,8878
gene_17220,SR140|23350,SR140,23350
gene_17221,SRA1|10011,SRA1,10011
gene_17222,SRBD1|55133,SRBD1,55133
gene_17223,SRCAP|10847,SRCAP,10847
gene_17224,SRCIN1|80725,SRCIN1,80725
gene_17225,SRCRB4D|136853,SRCRB4D,136853
gene_17226,SRC|6714,SRC,6714
gene_17227,SRD5A1|6715,SRD5A1,6715
gene_17228,SRD5A2|6716,SRD5A2,6716
gene_17229,SRD5A3|79644,SRD5A3,79644
gene_17230,SREBF1|6720,SREBF1,6720
gene_17231,SREBF2|6721,SREBF2,6721
gene_17232,SRFBP1|153443,SRFBP1,153443
gene_17233,SRF|6722,SRF,6722
gene_17234,SRGAP1|57522,SRGAP1,57522
gene_17235,SRGAP2|23380,SRGAP2,23380
gene_17236,SRGAP3|9901,SRGAP3,9901
gene_17237,SRGN|5552,SRGN,5552
gene_17238,SRI|6717,SRI,6717
gene_17239,SRL|6345,SRL,6345
gene_17240,SRMS|6725,SRMS,6725
gene_17241,SRM|6723,SRM,6723
gene_17242,SRP14|6727,SRP14,6727
gene_17243,SRP19|6728,SRP19,6728
gene_17244,SRP54|6729,SRP54,6729
gene_17245,SRP68|6730,SRP68,6730
gene_17246,SRP72|6731,SRP72,6731
gene_17247,SRP9|6726,SRP9,6726
gene_17248,SRPK1|6732,SRPK1,6732
gene_17249,SRPK2|6733,SRPK2,6733
gene_17250,SRPK3|26576,SRPK3,26576
gene_17251,SRPRB|58477,SRPRB,58477
gene_17252,SRPR|6734,SRPR,6734
gene_17253,SRPX2|27286,SRPX2,27286
gene_17254,SRPX|8406,SRPX,8406
gene_17255,SRRD|402055,SRRD,402055
gene_17256,SRRM1|10250,SRRM1,10250
gene_17257,SRRM2|23524,SRRM2,23524
gene_17258,SRRM3|222183,SRRM3,222183
gene_17259,SRRM4|84530,SRRM4,84530
gene_17260,SRRM5|100170229,SRRM5,100170229
gene_17261,SRRT|51593,SRRT,51593
gene_17262,SRR|63826,SRR,63826
gene_17263,SRXN1|140809,SRXN1,140809
gene_17264,SRY|6736,SRY,6736
gene_17265,SS18L1|26039,SS18L1,26039
gene_17266,SS18L2|51188,SS18L2,51188
gene_17267,SS18|6760,SS18,6760
gene_17268,SSBP1|6742,SSBP1,6742
gene_17269,SSBP2|23635,SSBP2,23635
gene_17270,SSBP3|23648,SSBP3,23648
gene_17271,SSBP4|170463,SSBP4,170463
gene_17272,SSB|6741,SSB,6741
gene_17273,SSC5D|284297,SSC5D,284297
gene_17274,SSFA2|6744,SSFA2,6744
gene_17275,SSH1|54434,SSH1,54434
gene_17276,SSH2|85464,SSH2,85464
gene_17277,SSH3|54961,SSH3,54961
gene_17278,SSNA1|8636,SSNA1,8636
gene_17279,SSPN|8082,SSPN,8082
gene_17280,SSPO|23145,SSPO,23145
gene_17281,SSR1|6745,SSR1,6745
gene_17282,SSR2|6746,SSR2,6746
gene_17283,SSR3|6747,SSR3,6747
gene_17284,SSR4|6748,SSR4,6748
gene_17285,SSRP1|6749,SSRP1,6749
gene_17286,SSSCA1|10534,SSSCA1,10534
gene_17287,SSTR1|6751,SSTR1,6751
gene_17288,SSTR2|6752,SSTR2,6752
gene_17289,SSTR3|6753,SSTR3,6753
gene_17290,SSTR4|6754,SSTR4,6754
gene_17291,SSTR5|6755,SSTR5,6755
gene_17292,SST|6750,SST,6750
gene_17293,SSU72|29101,SSU72,29101
gene_17294,SSX1|6756,SSX1,6756
gene_17295,SSX2IP|117178,SSX2IP,117178
gene_17296,SSX2|6757,SSX2,6757
gene_17297,SSX3|10214,SSX3,10214
gene_17298,SSX4|6759,SSX4,6759
gene_17299,SSX5|6758,SSX5,6758
gene_17300,SSX6|280657,SSX6,280657
gene_17301,SSX7|280658,SSX7,280658
gene_17302,SSX8|280659,SSX8,280659
gene_17303,ST13|6767,ST13,6767
gene_17304,ST14|6768,ST14,6768
gene_17305,ST18|9705,ST18,9705
gene_17306,ST20|400410,ST20,400410
gene_17307,ST3GAL1|6482,ST3GAL1,6482
gene_17308,ST3GAL2|6483,ST3GAL2,6483
gene_17309,ST3GAL3|6487,ST3GAL3,6487
gene_17310,ST3GAL4|6484,ST3GAL4,6484
gene_17311,ST3GAL5|8869,ST3GAL5,8869
gene_17312,ST3GAL6|10402,ST3GAL6,10402
gene_17313,ST5|6764,ST5,6764
gene_17314,ST6GAL1|6480,ST6GAL1,6480
gene_17315,ST6GAL2|84620,ST6GAL2,84620
gene_17316,ST6GALNAC1|55808,ST6GALNAC1,55808
gene_17317,ST6GALNAC2|10610,ST6GALNAC2,10610
gene_17318,ST6GALNAC3|256435,ST6GALNAC3,256435
gene_17319,ST6GALNAC4|27090,ST6GALNAC4,27090
gene_17320,ST6GALNAC5|81849,ST6GALNAC5,81849
gene_17321,ST6GALNAC6|30815,ST6GALNAC6,30815
gene_17322,ST7L|54879,ST7L,54879
gene_17323,ST7OT1|93653,ST7OT1,93653
gene_17324,ST7OT2|93654,ST7OT2,93654
gene_17325,ST7OT3|93655,ST7OT3,93655
gene_17326,ST7OT4|338069,ST7OT4,338069
gene_17327,ST7|7982,ST7,7982
gene_17328,ST8SIA1|6489,ST8SIA1,6489
gene_17329,ST8SIA2|8128,ST8SIA2,8128
gene_17330,ST8SIA3|51046,ST8SIA3,51046
gene_17331,ST8SIA4|7903,ST8SIA4,7903
gene_17332,ST8SIA5|29906,ST8SIA5,29906
gene_17333,ST8SIA6|338596,ST8SIA6,338596
gene_17334,STAB1|23166,STAB1,23166
gene_17335,STAB2|55576,STAB2,55576
gene_17336,STAC2|342667,STAC2,342667
gene_17337,STAC3|246329,STAC3,246329
gene_17338,STAC|6769,STAC,6769
gene_17339,STAG1|10274,STAG1,10274
gene_17340,STAG2|10735,STAG2,10735
gene_17341,STAG3L1|54441,STAG3L1,54441
gene_17342,STAG3L2|442582,STAG3L2,442582
gene_17343,STAG3L3|442578,STAG3L3,442578
gene_17344,STAG3L4|64940,STAG3L4,64940
gene_17345,STAG3|10734,STAG3,10734
gene_17346,STAM2|10254,STAM2,10254
gene_17347,STAMBPL1|57559,STAMBPL1,57559
gene_17348,STAMBP|10617,STAMBP,10617
gene_17349,STAM|8027,STAM,8027
gene_17350,STAP1|26228,STAP1,26228
gene_17351,STAP2|55620,STAP2,55620
gene_17352,STARD10|10809,STARD10,10809
gene_17353,STARD13|90627,STARD13,90627
gene_17354,STARD3NL|83930,STARD3NL,83930
gene_17355,STARD3|10948,STARD3,10948
gene_17356,STARD4|134429,STARD4,134429
gene_17357,STARD5|80765,STARD5,80765
gene_17358,STARD6|147323,STARD6,147323
gene_17359,STARD7|56910,STARD7,56910
gene_17360,STARD8|9754,STARD8,9754
gene_17361,STAR|6770,STAR,6770
gene_17362,STAT1|6772,STAT1,6772
gene_17363,STAT2|6773,STAT2,6773
gene_17364,STAT3|6774,STAT3,6774
gene_17365,STAT4|6775,STAT4,6775
gene_17366,STAT5A|6776,STAT5A,6776
gene_17367,STAT5B|6777,STAT5B,6777
gene_17368,STAT6|6778,STAT6,6778
gene_17369,STATH|6779,STATH,6779
gene_17370,STAU1|6780,STAU1,6780
gene_17371,STAU2|27067,STAU2,27067
gene_17372,STBD1|8987,STBD1,8987
gene_17373,STC1|6781,STC1,6781
gene_17374,STC2|8614,STC2,8614
gene_17375,STEAP1|26872,STEAP1,26872
gene_17376,STEAP2|261729,STEAP2,261729
gene_17377,STEAP3|55240,STEAP3,55240
gene_17378,STEAP4|79689,STEAP4,79689
gene_17379,STH|246744,STH,246744
gene_17380,STIL|6491,STIL,6491
gene_17381,STIM1|6786,STIM1,6786
gene_17382,STIM2|57620,STIM2,57620
gene_17383,STIP1|10963,STIP1,10963
gene_17384,STK10|6793,STK10,6793
gene_17385,STK11IP|114790,STK11IP,114790
gene_17386,STK11|6794,STK11,6794
gene_17387,STK16|8576,STK16,8576
gene_17388,STK17A|9263,STK17A,9263
gene_17389,STK17B|9262,STK17B,9262
gene_17390,STK19|8859,STK19,8859
gene_17391,STK24|8428,STK24,8428
gene_17392,STK25|10494,STK25,10494
gene_17393,STK31|56164,STK31,56164
gene_17394,STK32A|202374,STK32A,202374
gene_17395,STK32B|55351,STK32B,55351
gene_17396,STK32C|282974,STK32C,282974
gene_17397,STK33|65975,STK33,65975
gene_17398,STK35|140901,STK35,140901
gene_17399,STK36|27148,STK36,27148
gene_17400,STK38L|23012,STK38L,23012
gene_17401,STK38|11329,STK38,11329
gene_17402,STK39|27347,STK39,27347
gene_17403,STK3|6788,STK3,6788
gene_17404,STK40|83931,STK40,83931
gene_17405,STK4|6789,STK4,6789
gene_17406,STL|7955,STL,7955
gene_17407,STMN1|3925,STMN1,3925
gene_17408,STMN2|11075,STMN2,11075
gene_17409,STMN3|50861,STMN3,50861
gene_17410,STMN4|81551,STMN4,81551
gene_17411,STOML1|9399,STOML1,9399
gene_17412,STOML2|30968,STOML2,30968
gene_17413,STOML3|161003,STOML3,161003
gene_17414,STOM|2040,STOM,2040
gene_17415,STON1-GTF2A1L|286749,STON1-GTF2A1L,286749
gene_17416,STON1|11037,STON1,11037
gene_17417,STON2|85439,STON2,85439
gene_17418,STOX1|219736,STOX1,219736
gene_17419,STOX2|56977,STOX2,56977
gene_17420,STRA13|201254,STRA13,201254
gene_17421,STRA6|64220,STRA6,64220
gene_17422,STRA8|346673,STRA8,346673
gene_17423,STRADA|92335,STRADA,92335
gene_17424,STRADB|55437,STRADB,55437
gene_17425,STRAP|11171,STRAP,11171
gene_17426,STRBP|55342,STRBP,55342
gene_17427,STRC|161497,STRC,161497
gene_17428,STRN3|29966,STRN3,29966
gene_17429,STRN4|29888,STRN4,29888
gene_17430,STRN|6801,STRN,6801
gene_17431,STS|412,STS,412
gene_17432,STT3A|3703,STT3A,3703
gene_17433,STT3B|201595,STT3B,201595
gene_17434,STUB1|10273,STUB1,10273
gene_17435,STX10|8677,STX10,8677
gene_17436,STX11|8676,STX11,8676
gene_17437,STX12|23673,STX12,23673
gene_17438,STX16|8675,STX16,8675
gene_17439,STX17|55014,STX17,55014
gene_17440,STX18|53407,STX18,53407
gene_17441,STX19|415117,STX19,415117
gene_17442,STX1A|6804,STX1A,6804
gene_17443,STX1B|112755,STX1B,112755
gene_17444,STX2|2054,STX2,2054
gene_17445,STX3|6809,STX3,6809
gene_17446,STX4|6810,STX4,6810
gene_17447,STX5|6811,STX5,6811
gene_17448,STX6|10228,STX6,10228
gene_17449,STX7|8417,STX7,8417
gene_17450,STX8|9482,STX8,9482
gene_17451,STXBP1|6812,STXBP1,6812
gene_17452,STXBP2|6813,STXBP2,6813
gene_17453,STXBP3|6814,STXBP3,6814
gene_17454,STXBP4|252983,STXBP4,252983
gene_17455,STXBP5L|9515,STXBP5L,9515
gene_17456,STXBP5|134957,STXBP5,134957
gene_17457,STXBP6|29091,STXBP6,29091
gene_17458,STYK1|55359,STYK1,55359
gene_17459,STYXL1|51657,STYXL1,51657
gene_17460,STYX|6815,STYX,6815
gene_17461,SUB1|10923,SUB1,10923
gene_17462,SUCLA2|8803,SUCLA2,8803
gene_17463,SUCLG1|8802,SUCLG1,8802
gene_17464,SUCLG2|8801,SUCLG2,8801
gene_17465,SUCNR1|56670,SUCNR1,56670
gene_17466,SUDS3|64426,SUDS3,64426
gene_17467,SUFU|51684,SUFU,51684
gene_17468,SUGT1L1|283507,SUGT1L1,283507
gene_17469,SUGT1P1|441394,SUGT1P1,441394
gene_17470,SUGT1|10910,SUGT1,10910
gene_17471,SULF1|23213,SULF1,23213
gene_17472,SULF2|55959,SULF2,55959
gene_17473,SULT1A1|6817,SULT1A1,6817
gene_17474,SULT1A2|6799,SULT1A2,6799
gene_17475,SULT1A3|6818,SULT1A3,6818
gene_17476,SULT1B1|27284,SULT1B1,27284
gene_17477,SULT1C2|6819,SULT1C2,6819
gene_17478,SULT1C3|442038,SULT1C3,442038
gene_17479,SULT1C4|27233,SULT1C4,27233
gene_17480,SULT1E1|6783,SULT1E1,6783
gene_17481,SULT2A1|6822,SULT2A1,6822
gene_17482,SULT2B1|6820,SULT2B1,6820
gene_17483,SULT4A1|25830,SULT4A1,25830
gene_17484,SULT6B1|391365,SULT6B1,391365
gene_17485,SUMF1|285362,SUMF1,285362
gene_17486,SUMF2|25870,SUMF2,25870
gene_17487,SUMO1P1|391257,SUMO1P1,391257
gene_17488,SUMO1P3|474338,SUMO1P3,474338
gene_17489,SUMO1|7341,SUMO1,7341
gene_17490,SUMO2|6613,SUMO2,6613
gene_17491,SUMO3|6612,SUMO3,6612
gene_17492,SUMO4|387082,SUMO4,387082
gene_17493,SUN1|23353,SUN1,23353
gene_17494,SUN2|25777,SUN2,25777
gene_17495,SUN3|256979,SUN3,256979
gene_17496,SUN5|140732,SUN5,140732
gene_17497,SUOX|6821,SUOX,6821
gene_17498,SUPT16H|11198,SUPT16H,11198
gene_17499,SUPT3H|8464,SUPT3H,8464
gene_17500,SUPT4H1|6827,SUPT4H1,6827
gene_17501,SUPT5H|6829,SUPT5H,6829
gene_17502,SUPT6H|6830,SUPT6H,6830
gene_17503,SUPT7L|9913,SUPT7L,9913
gene_17504,SUPV3L1|6832,SUPV3L1,6832
gene_17505,SURF1|6834,SURF1,6834
gene_17506,SURF2|6835,SURF2,6835
gene_17507,SURF4|6836,SURF4,6836
gene_17508,SURF6|6838,SURF6,6838
gene_17509,SUSD1|64420,SUSD1,64420
gene_17510,SUSD2|56241,SUSD2,56241
gene_17511,SUSD3|203328,SUSD3,203328
gene_17512,SUSD4|55061,SUSD4,55061
gene_17513,SUSD5|26032,SUSD5,26032
gene_17514,SUV39H1|6839,SUV39H1,6839
gene_17515,SUV39H2|79723,SUV39H2,79723
gene_17516,SUV420H1|51111,SUV420H1,51111
gene_17517,SUV420H2|84787,SUV420H2,84787
gene_17518,SUZ12P|440423,SUZ12P,440423
gene_17519,SUZ12|23512,SUZ12,23512
gene_17520,SV2A|9900,SV2A,9900
gene_17521,SV2B|9899,SV2B,9899
gene_17522,SV2C|22987,SV2C,22987
gene_17523,SVEP1|79987,SVEP1,79987
gene_17524,SVIL|6840,SVIL,6840
gene_17525,SVIP|258010,SVIP,258010
gene_17526,SVOPL|136306,SVOPL,136306
gene_17527,SVOP|55530,SVOP,55530
gene_17528,SWAP70|23075,SWAP70,23075
gene_17529,SYAP1|94056,SYAP1,94056
gene_17530,SYBU|55638,SYBU,55638
gene_17531,SYCE1L|100130958,SYCE1L,100130958
gene_17532,SYCE1|93426,SYCE1,93426
gene_17533,SYCE2|256126,SYCE2,256126
gene_17534,SYCN|342898,SYCN,342898
gene_17535,SYCP1|6847,SYCP1,6847
gene_17536,SYCP2L|221711,SYCP2L,221711
gene_17537,SYCP2|10388,SYCP2,10388
gene_17538,SYCP3|50511,SYCP3,50511
gene_17539,SYDE1|85360,SYDE1,85360
gene_17540,SYDE2|84144,SYDE2,84144
gene_17541,SYF2|25949,SYF2,25949
gene_17542,SYK|6850,SYK,6850
gene_17543,SYMPK|8189,SYMPK,8189
gene_17544,SYN1|6853,SYN1,6853
gene_17545,SYN2|6854,SYN2,6854
gene_17546,SYN3|8224,SYN3,8224
gene_17547,SYNCRIP|10492,SYNCRIP,10492
gene_17548,SYNC|81493,SYNC,81493
gene_17549,SYNE1|23345,SYNE1,23345
gene_17550,SYNE2|23224,SYNE2,23224
gene_17551,SYNGAP1|8831,SYNGAP1,8831
gene_17552,SYNGR1|9145,SYNGR1,9145
gene_17553,SYNGR2|9144,SYNGR2,9144
gene_17554,SYNGR3|9143,SYNGR3,9143
gene_17555,SYNGR4|23546,SYNGR4,23546
gene_17556,SYNJ1|8867,SYNJ1,8867
gene_17557,SYNJ2BP|55333,SYNJ2BP,55333
gene_17558,SYNJ2|8871,SYNJ2,8871
gene_17559,SYNM|23336,SYNM,23336
gene_17560,SYNPO2L|79933,SYNPO2L,79933
gene_17561,SYNPO2|171024,SYNPO2,171024
gene_17562,SYNPO|11346,SYNPO,11346
gene_17563,SYNPR|132204,SYNPR,132204
gene_17564,SYNRG|11276,SYNRG,11276
gene_17565,SYPL1|6856,SYPL1,6856
gene_17566,SYPL2|284612,SYPL2,284612
gene_17567,SYP|6855,SYP,6855
gene_17568,SYS1-DBNDD2|767557,SYS1-DBNDD2,767557
gene_17569,SYS1|90196,SYS1,90196
gene_17570,SYT10|341359,SYT10,341359
gene_17571,SYT11|23208,SYT11,23208
gene_17572,SYT12|91683,SYT12,91683
gene_17573,SYT13|57586,SYT13,57586
gene_17574,SYT14L|401135,SYT14L,401135
gene_17575,SYT14|255928,SYT14,255928
gene_17576,SYT15|83849,SYT15,83849
gene_17577,SYT16|83851,SYT16,83851
gene_17578,SYT17|51760,SYT17,51760
gene_17579,SYT1|6857,SYT1,6857
gene_17580,SYT2|127833,SYT2,127833
gene_17581,SYT3|84258,SYT3,84258
gene_17582,SYT4|6860,SYT4,6860
gene_17583,SYT5|6861,SYT5,6861
gene_17584,SYT6|148281,SYT6,148281
gene_17585,SYT7|9066,SYT7,9066
gene_17586,SYT8|90019,SYT8,90019
gene_17587,SYT9|143425,SYT9,143425
gene_17588,SYTL1|84958,SYTL1,84958
gene_17589,SYTL2|54843,SYTL2,54843
gene_17590,SYTL3|94120,SYTL3,94120
gene_17591,SYTL4|94121,SYTL4,94121
gene_17592,SYTL5|94122,SYTL5,94122
gene_17593,SYVN1|84447,SYVN1,84447
gene_17594,TAAR1|134864,TAAR1,134864
gene_17595,TAAR2|9287,TAAR2,9287
gene_17596,TAAR5|9038,TAAR5,9038
gene_17597,TAAR6|319100,TAAR6,319100
gene_17598,TAAR8|83551,TAAR8,83551
gene_17599,TAAR9|134860,TAAR9,134860
gene_17600,TAB1|10454,TAB1,10454
gene_17601,TAB2|23118,TAB2,23118
gene_17602,TAB3|257397,TAB3,257397
gene_17603,TAC1|6863,TAC1,6863
gene_17604,TAC3|6866,TAC3,6866
gene_17605,TAC4|255061,TAC4,255061
gene_17606,TACC1|6867,TACC1,6867
gene_17607,TACC2|10579,TACC2,10579
gene_17608,TACC3|10460,TACC3,10460
gene_17609,TACO1|51204,TACO1,51204
gene_17610,TACR1|6869,TACR1,6869
gene_17611,TACR2|6865,TACR2,6865
gene_17612,TACR3|6870,TACR3,6870
gene_17613,TACSTD2|4070,TACSTD2,4070
gene_17614,TADA1|117143,TADA1,117143
gene_17615,TADA2A|6871,TADA2A,6871
gene_17616,TADA2B|93624,TADA2B,93624
gene_17617,TADA3|10474,TADA3,10474
gene_17618,TAF10|6881,TAF10,6881
gene_17619,TAF11|6882,TAF11,6882
gene_17620,TAF12|6883,TAF12,6883
gene_17621,TAF13|6884,TAF13,6884
gene_17622,TAF15|8148,TAF15,8148
gene_17623,TAF1A|9015,TAF1A,9015
gene_17624,TAF1B|9014,TAF1B,9014
gene_17625,TAF1C|9013,TAF1C,9013
gene_17626,TAF1D|79101,TAF1D,79101
gene_17627,TAF1L|138474,TAF1L,138474
gene_17628,TAF1|6872,TAF1,6872
gene_17629,TAF2|6873,TAF2,6873
gene_17630,TAF3|83860,TAF3,83860
gene_17631,TAF4B|6875,TAF4B,6875
gene_17632,TAF4|6874,TAF4,6874
gene_17633,TAF5L|27097,TAF5L,27097
gene_17634,TAF5|6877,TAF5,6877
gene_17635,TAF6L|10629,TAF6L,10629
gene_17636,TAF6|6878,TAF6,6878
gene_17637,TAF7L|54457,TAF7L,54457
gene_17638,TAF7|6879,TAF7,6879
gene_17639,TAF8|129685,TAF8,129685
gene_17640,TAF9B|51616,TAF9B,51616
gene_17641,TAF9|6880,TAF9,6880
gene_17642,TAGAP|117289,TAGAP,117289
gene_17643,TAGLN2|8407,TAGLN2,8407
gene_17644,TAGLN3|29114,TAGLN3,29114
gene_17645,TAGLN|6876,TAGLN,6876
gene_17646,TAL1|6886,TAL1,6886
gene_17647,TAL2|6887,TAL2,6887
gene_17648,TALDO1|6888,TALDO1,6888
gene_17649,TANC1|85461,TANC1,85461
gene_17650,TANC2|26115,TANC2,26115
gene_17651,TANK|10010,TANK,10010
gene_17652,TAOK1|57551,TAOK1,57551
gene_17653,TAOK2|9344,TAOK2,9344
gene_17654,TAOK3|51347,TAOK3,51347
gene_17655,TAP1|6890,TAP1,6890
gene_17656,TAP2|6891,TAP2,6891
gene_17657,TAPBPL|55080,TAPBPL,55080
gene_17658,TAPBP|6892,TAPBP,6892
gene_17659,TAPT1|202018,TAPT1,202018
gene_17660,TARBP1|6894,TARBP1,6894
gene_17661,TARBP2|6895,TARBP2,6895
gene_17662,TARDBP|23435,TARDBP,23435
gene_17663,TARM1|441864,TARM1,441864
gene_17664,TARP|445347,TARP,445347
gene_17665,TARS2|80222,TARS2,80222
gene_17666,TARSL2|123283,TARSL2,123283
gene_17667,TARS|6897,TARS,6897
gene_17668,TAS1R1|80835,TAS1R1,80835
gene_17669,TAS1R2|80834,TAS1R2,80834
gene_17670,TAS1R3|83756,TAS1R3,83756
gene_17671,TAS2R10|50839,TAS2R10,50839
gene_17672,TAS2R13|50838,TAS2R13,50838
gene_17673,TAS2R14|50840,TAS2R14,50840
gene_17674,TAS2R16|50833,TAS2R16,50833
gene_17675,TAS2R19|259294,TAS2R19,259294
gene_17676,TAS2R1|50834,TAS2R1,50834
gene_17677,TAS2R20|259295,TAS2R20,259295
gene_17678,TAS2R30|259293,TAS2R30,259293
gene_17679,TAS2R31|259290,TAS2R31,259290
gene_17680,TAS2R38|5726,TAS2R38,5726
gene_17681,TAS2R39|259285,TAS2R39,259285
gene_17682,TAS2R3|50831,TAS2R3,50831
gene_17683,TAS2R40|259286,TAS2R40,259286
gene_17684,TAS2R41|259287,TAS2R41,259287
gene_17685,TAS2R42|353164,TAS2R42,353164
gene_17686,TAS2R43|259289,TAS2R43,259289
gene_17687,TAS2R46|259292,TAS2R46,259292
gene_17688,TAS2R4|50832,TAS2R4,50832
gene_17689,TAS2R50|259296,TAS2R50,259296
gene_17690,TAS2R5|54429,TAS2R5,54429
gene_17691,TAS2R60|338398,TAS2R60,338398
gene_17692,TAS2R7|50837,TAS2R7,50837
gene_17693,TAS2R8|50836,TAS2R8,50836
gene_17694,TAS2R9|50835,TAS2R9,50835
gene_17695,TASP1|55617,TASP1,55617
gene_17696,TATDN1|83940,TATDN1,83940
gene_17697,TATDN2|9797,TATDN2,9797
gene_17698,TATDN3|128387,TATDN3,128387
gene_17699,TAT|6898,TAT,6898
gene_17700,TAX1BP1|8887,TAX1BP1,8887
gene_17701,TAX1BP3|30851,TAX1BP3,30851
gene_17702,TAZ|6901,TAZ,6901
gene_17703,TBC1D10A|83874,TBC1D10A,83874
gene_17704,TBC1D10B|26000,TBC1D10B,26000
gene_17705,TBC1D10C|374403,TBC1D10C,374403
gene_17706,TBC1D12|23232,TBC1D12,23232
gene_17707,TBC1D13|54662,TBC1D13,54662
gene_17708,TBC1D14|57533,TBC1D14,57533
gene_17709,TBC1D15|64786,TBC1D15,64786
gene_17710,TBC1D16|125058,TBC1D16,125058
gene_17711,TBC1D17|79735,TBC1D17,79735
gene_17712,TBC1D19|55296,TBC1D19,55296
gene_17713,TBC1D1|23216,TBC1D1,23216
gene_17714,TBC1D20|128637,TBC1D20,128637
gene_17715,TBC1D21|161514,TBC1D21,161514
gene_17716,TBC1D22A|25771,TBC1D22A,25771
gene_17717,TBC1D22B|55633,TBC1D22B,55633
gene_17718,TBC1D23|55773,TBC1D23,55773
gene_17719,TBC1D24|57465,TBC1D24,57465
gene_17720,TBC1D25|4943,TBC1D25,4943
gene_17721,TBC1D26|353149,TBC1D26,353149
gene_17722,TBC1D28|254272,TBC1D28,254272
gene_17723,TBC1D29|26083,TBC1D29,26083
gene_17724,TBC1D2B|23102,TBC1D2B,23102
gene_17725,TBC1D2|55357,TBC1D2,55357
gene_17726,TBC1D3B|414059,TBC1D3B,414059
gene_17727,TBC1D3C|414060,TBC1D3C,414060
gene_17728,TBC1D3G|654341,TBC1D3G,654341
gene_17729,TBC1D3H|729877,TBC1D3H,729877
gene_17730,TBC1D3P2|440452,TBC1D3P2,440452
gene_17731,TBC1D3|729873,TBC1D3,729873
gene_17732,TBC1D4|9882,TBC1D4,9882
gene_17733,TBC1D5|9779,TBC1D5,9779
gene_17734,TBC1D7|51256,TBC1D7,51256
gene_17735,TBC1D8B|54885,TBC1D8B,54885
gene_17736,TBC1D8|11138,TBC1D8,11138
gene_17737,TBC1D9B|23061,TBC1D9B,23061
gene_17738,TBC1D9|23158,TBC1D9,23158
gene_17739,TBCA|6902,TBCA,6902
gene_17740,TBCB|1155,TBCB,1155
gene_17741,TBCCD1|55171,TBCCD1,55171
gene_17742,TBCC|6903,TBCC,6903
gene_17743,TBCD|6904,TBCD,6904
gene_17744,TBCEL|219899,TBCEL,219899
gene_17745,TBCE|6905,TBCE,6905
gene_17746,TBCK|93627,TBCK,93627
gene_17747,TBK1|29110,TBK1,29110
gene_17748,TBKBP1|9755,TBKBP1,9755
gene_17749,TBL1XR1|79718,TBL1XR1,79718
gene_17750,TBL1X|6907,TBL1X,6907
gene_17751,TBL1Y|90665,TBL1Y,90665
gene_17752,TBL2|26608,TBL2,26608
gene_17753,TBL3|10607,TBL3,10607
gene_17754,TBPL1|9519,TBPL1,9519
gene_17755,TBPL2|387332,TBPL2,387332
gene_17756,TBP|6908,TBP,6908
gene_17757,TBR1|10716,TBR1,10716
gene_17758,TBRG1|84897,TBRG1,84897
gene_17759,TBRG4|9238,TBRG4,9238
gene_17760,TBX10|347853,TBX10,347853
gene_17761,TBX15|6913,TBX15,6913
gene_17762,TBX18|9096,TBX18,9096
gene_17763,TBX19|9095,TBX19,9095
gene_17764,TBX1|6899,TBX1,6899
gene_17765,TBX20|57057,TBX20,57057
gene_17766,TBX21|30009,TBX21,30009
gene_17767,TBX22|50945,TBX22,50945
gene_17768,TBX2|6909,TBX2,6909
gene_17769,TBX3|6926,TBX3,6926
gene_17770,TBX4|9496,TBX4,9496
gene_17771,TBX5|6910,TBX5,6910
gene_17772,TBX6|6911,TBX6,6911
gene_17773,TBXA2R|6915,TBXA2R,6915
gene_17774,TBXAS1|6916,TBXAS1,6916
gene_17775,TC2N|123036,TC2N,123036
gene_17776,TCAM1P|146771,TCAM1P,146771
gene_17777,TCAP|8557,TCAP,8557
gene_17778,TCEA1|6917,TCEA1,6917
gene_17779,TCEA2|6919,TCEA2,6919
gene_17780,TCEA3|6920,TCEA3,6920
gene_17781,TCEAL1|9338,TCEAL1,9338
gene_17782,TCEAL2|140597,TCEAL2,140597
gene_17783,TCEAL3|85012,TCEAL3,85012
gene_17784,TCEAL4|79921,TCEAL4,79921
gene_17785,TCEAL5|340543,TCEAL5,340543
gene_17786,TCEAL6|158931,TCEAL6,158931
gene_17787,TCEAL7|56849,TCEAL7,56849
gene_17788,TCEAL8|90843,TCEAL8,90843
gene_17789,TCEANC|170082,TCEANC,170082
gene_17790,TCEB1|6921,TCEB1,6921
gene_17791,TCEB2|6923,TCEB2,6923
gene_17792,TCEB3B|51224,TCEB3B,51224
gene_17793,TCEB3C|162699,TCEB3C,162699
gene_17794,TCEB3|6924,TCEB3,6924
gene_17795,TCERG1L|256536,TCERG1L,256536
gene_17796,TCERG1|10915,TCERG1,10915
gene_17797,TCF12|6938,TCF12,6938
gene_17798,TCF15|6939,TCF15,6939
gene_17799,TCF19|6941,TCF19,6941
gene_17800,TCF20|6942,TCF20,6942
gene_17801,TCF21|6943,TCF21,6943
gene_17802,TCF23|150921,TCF23,150921
gene_17803,TCF25|22980,TCF25,22980
gene_17804,TCF3|6929,TCF3,6929
gene_17805,TCF4|6925,TCF4,6925
gene_17806,TCF7L1|83439,TCF7L1,83439
gene_17807,TCF7L2|6934,TCF7L2,6934
gene_17808,TCF7|6932,TCF7,6932
gene_17809,TCFL5|10732,TCFL5,10732
gene_17810,TCHHL1|126637,TCHHL1,126637
gene_17811,TCHH|7062,TCHH,7062
gene_17812,TCHP|84260,TCHP,84260
gene_17813,TCIRG1|10312,TCIRG1,10312
gene_17814,TCL1A|8115,TCL1A,8115
gene_17815,TCL1B|9623,TCL1B,9623
gene_17816,TCL6|27004,TCL6,27004
gene_17817,TCN1|6947,TCN1,6947
gene_17818,TCN2|6948,TCN2,6948
gene_17819,TCOF1|6949,TCOF1,6949
gene_17820,TCP10L2|401285,TCP10L2,401285
gene_17821,TCP10L|140290,TCP10L,140290
gene_17822,TCP10|6953,TCP10,6953
gene_17823,TCP11L1|55346,TCP11L1,55346
gene_17824,TCP11L2|255394,TCP11L2,255394
gene_17825,TCP11|6954,TCP11,6954
gene_17826,TCP1|6950,TCP1,6950
gene_17827,TCTA|6988,TCTA,6988
gene_17828,TCTE1|202500,TCTE1,202500
gene_17829,TCTE3|6991,TCTE3,6991
gene_17830,TCTEX1D1|200132,TCTEX1D1,200132
gene_17831,TCTEX1D2|255758,TCTEX1D2,255758
gene_17832,TCTEX1D4|343521,TCTEX1D4,343521
gene_17833,TCTN1|79600,TCTN1,79600
gene_17834,TCTN2|79867,TCTN2,79867
gene_17835,TCTN3|26123,TCTN3,26123
gene_17836,TDGF1|6997,TDGF1,6997
gene_17837,TDGF3|6998,TDGF3,6998
gene_17838,TDG|6996,TDG,6996
gene_17839,TDH|157739,TDH,157739
gene_17840,TDO2|6999,TDO2,6999
gene_17841,TDP1|55775,TDP1,55775
gene_17842,TDP2|51567,TDP2,51567
gene_17843,TDRD10|126668,TDRD10,126668
gene_17844,TDRD12|91646,TDRD12,91646
gene_17845,TDRD1|56165,TDRD1,56165
gene_17846,TDRD3|81550,TDRD3,81550
gene_17847,TDRD5|163589,TDRD5,163589
gene_17848,TDRD6|221400,TDRD6,221400
gene_17849,TDRD7|23424,TDRD7,23424
gene_17850,TDRD9|122402,TDRD9,122402
gene_17851,TDRG1|732253,TDRG1,732253
gene_17852,TDRKH|11022,TDRKH,11022
gene_17853,TEAD1|7003,TEAD1,7003
gene_17854,TEAD2|8463,TEAD2,8463
gene_17855,TEAD3|7005,TEAD3,7005
gene_17856,TEAD4|7004,TEAD4,7004
gene_17857,TECPR1|25851,TECPR1,25851
gene_17858,TECPR2|9895,TECPR2,9895
gene_17859,TECRL|253017,TECRL,253017
gene_17860,TECR|9524,TECR,9524
gene_17861,TECTA|7007,TECTA,7007
gene_17862,TECTB|6975,TECTB,6975
gene_17863,TEC|7006,TEC,7006
gene_17864,TEDDM1|127670,TEDDM1,127670
gene_17865,TEF|7008,TEF,7008
gene_17866,TEKT1|83659,TEKT1,83659
gene_17867,TEKT2|27285,TEKT2,27285
gene_17868,TEKT3|64518,TEKT3,64518
gene_17869,TEKT4|150483,TEKT4,150483
gene_17870,TEKT5|146279,TEKT5,146279
gene_17871,TEK|7010,TEK,7010
gene_17872,TELO2|9894,TELO2,9894
gene_17873,TENC1|23371,TENC1,23371
gene_17874,TEP1|7011,TEP1,7011
gene_17875,TEPP|374739,TEPP,374739
gene_17876,TERC|7012,TERC,7012
gene_17877,TERF1|7013,TERF1,7013
gene_17878,TERF2IP|54386,TERF2IP,54386
gene_17879,TERF2|7014,TERF2,7014
gene_17880,TERT|7015,TERT,7015
gene_17881,TESC|54997,TESC,54997
gene_17882,TESK1|7016,TESK1,7016
gene_17883,TESK2|10420,TESK2,10420
gene_17884,TES|26136,TES,26136
gene_17885,TET1|80312,TET1,80312
gene_17886,TET2|54790,TET2,54790
gene_17887,TET3|200424,TET3,200424
gene_17888,TEX101|83639,TEX101,83639
gene_17889,TEX10|54881,TEX10,54881
gene_17890,TEX11|56159,TEX11,56159
gene_17891,TEX12|56158,TEX12,56158
gene_17892,TEX13A|56157,TEX13A,56157
gene_17893,TEX13B|56156,TEX13B,56156
gene_17894,TEX14|56155,TEX14,56155
gene_17895,TEX15|56154,TEX15,56154
gene_17896,TEX19|400629,TEX19,400629
gene_17897,TEX261|113419,TEX261,113419
gene_17898,TEX264|51368,TEX264,51368
gene_17899,TEX28|1527,TEX28,1527
gene_17900,TEX2|55852,TEX2,55852
gene_17901,TEX9|374618,TEX9,374618
gene_17902,TFAMP1|260341,TFAMP1,260341
gene_17903,TFAM|7019,TFAM,7019
gene_17904,TFAP2A|7020,TFAP2A,7020
gene_17905,TFAP2B|7021,TFAP2B,7021
gene_17906,TFAP2C|7022,TFAP2C,7022
gene_17907,TFAP2D|83741,TFAP2D,83741
gene_17908,TFAP2E|339488,TFAP2E,339488
gene_17909,TFAP4|7023,TFAP4,7023
gene_17910,TFB1M|51106,TFB1M,51106
gene_17911,TFB2M|64216,TFB2M,64216
gene_17912,TFCP2L1|29842,TFCP2L1,29842
gene_17913,TFCP2|7024,TFCP2,7024
gene_17914,TFDP1|7027,TFDP1,7027
gene_17915,TFDP2|7029,TFDP2,7029
gene_17916,TFDP3|51270,TFDP3,51270
gene_17917,TFE3|7030,TFE3,7030
gene_17918,TFEB|7942,TFEB,7942
gene_17919,TFEC|22797,TFEC,22797
gene_17920,TFF1|7031,TFF1,7031
gene_17921,TFF2|7032,TFF2,7032
gene_17922,TFF3|7033,TFF3,7033
gene_17923,TFG|10342,TFG,10342
gene_17924,TFIP11|24144,TFIP11,24144
gene_17925,TFPI2|7980,TFPI2,7980
gene_17926,TFPI|7035,TFPI,7035
gene_17927,TFPT|29844,TFPT,29844
gene_17928,TFR2|7036,TFR2,7036
gene_17929,TFRC|7037,TFRC,7037
gene_17930,TF|7018,TF,7018
gene_17931,TGDS|23483,TGDS,23483
gene_17932,TGFA|7039,TGFA,7039
gene_17933,TGFB1I1|7041,TGFB1I1,7041
gene_17934,TGFB1|7040,TGFB1,7040
gene_17935,TGFB2|7042,TGFB2,7042
gene_17936,TGFB3|7043,TGFB3,7043
gene_17937,TGFBI|7045,TGFBI,7045
gene_17938,TGFBR1|7046,TGFBR1,7046
gene_17939,TGFBR2|7048,TGFBR2,7048
gene_17940,TGFBR3|7049,TGFBR3,7049
gene_17941,TGFBRAP1|9392,TGFBRAP1,9392
gene_17942,TGIF1|7050,TGIF1,7050
gene_17943,TGIF2LX|90316,TGIF2LX,90316
gene_17944,TGIF2LY|90655,TGIF2LY,90655
gene_17945,TGIF2|60436,TGIF2,60436
gene_17946,TGM1|7051,TGM1,7051
gene_17947,TGM2|7052,TGM2,7052
gene_17948,TGM3|7053,TGM3,7053
gene_17949,TGM4|7047,TGM4,7047
gene_17950,TGM5|9333,TGM5,9333
gene_17951,TGM6|343641,TGM6,343641
gene_17952,TGM7|116179,TGM7,116179
gene_17953,TGOLN2|10618,TGOLN2,10618
gene_17954,TGS1|96764,TGS1,96764
gene_17955,TG|7038,TG,7038
gene_17956,TH1L|51497,TH1L,51497
gene_17957,THADA|63892,THADA,63892
gene_17958,THAP10|56906,THAP10,56906
gene_17959,THAP11|57215,THAP11,57215
gene_17960,THAP1|55145,THAP1,55145
gene_17961,THAP2|83591,THAP2,83591
gene_17962,THAP3|90326,THAP3,90326
gene_17963,THAP4|51078,THAP4,51078
gene_17964,THAP5|168451,THAP5,168451
gene_17965,THAP6|152815,THAP6,152815
gene_17966,THAP7|80764,THAP7,80764
gene_17967,THAP8|199745,THAP8,199745
gene_17968,THAP9|79725,THAP9,79725
gene_17969,THBD|7056,THBD,7056
gene_17970,THBS1|7057,THBS1,7057
gene_17971,THBS2|7058,THBS2,7058
gene_17972,THBS3|7059,THBS3,7059
gene_17973,THBS4|7060,THBS4,7060
gene_17974,THEG|51298,THEG,51298
gene_17975,THEM4|117145,THEM4,117145
gene_17976,THEM5|284486,THEM5,284486
gene_17977,THEMIS|387357,THEMIS,387357
gene_17978,THG1L|54974,THG1L,54974
gene_17979,THNSL1|79896,THNSL1,79896
gene_17980,THNSL2|55258,THNSL2,55258
gene_17981,THOC1|9984,THOC1,9984
gene_17982,THOC2|57187,THOC2,57187
gene_17983,THOC3|84321,THOC3,84321
gene_17984,THOC4|10189,THOC4,10189
gene_17985,THOC5|8563,THOC5,8563
gene_17986,THOC6|79228,THOC6,79228
gene_17987,THOC7|80145,THOC7,80145
gene_17988,THOP1|7064,THOP1,7064
gene_17989,THPO|7066,THPO,7066
gene_17990,THRAP3|9967,THRAP3,9967
gene_17991,THRA|7067,THRA,7067
gene_17992,THRB|7068,THRB,7068
gene_17993,THRSP|7069,THRSP,7069
gene_17994,THSD1P1|374500,THSD1P1,374500
gene_17995,THSD1|55901,THSD1,55901
gene_17996,THSD4|79875,THSD4,79875
gene_17997,THSD7A|221981,THSD7A,221981
gene_17998,THSD7B|80731,THSD7B,80731
gene_17999,THTPA|79178,THTPA,79178
gene_18000,THUMPD1|55623,THUMPD1,55623
gene_18001,THUMPD2|80745,THUMPD2,80745
gene_18002,THUMPD3|25917,THUMPD3,25917
gene_18003,THY1|7070,THY1,7070
gene_18004,THYN1|29087,THYN1,29087
gene_18005,TH|7054,TH,7054
gene_18006,TIA1|7072,TIA1,7072
gene_18007,TIAF1|9220,TIAF1,9220
gene_18008,TIAL1|7073,TIAL1,7073
gene_18009,TIAM1|7074,TIAM1,7074
gene_18010,TIAM2|26230,TIAM2,26230
gene_18011,TICAM1|148022,TICAM1,148022
gene_18012,TICAM2|353376,TICAM2,353376
gene_18013,TIE1|7075,TIE1,7075
gene_18014,TIFAB|497189,TIFAB,497189
gene_18015,TIFA|92610,TIFA,92610
gene_18016,TIGD1|200765,TIGD1,200765
gene_18017,TIGD2|166815,TIGD2,166815
gene_18018,TIGD3|220359,TIGD3,220359
gene_18019,TIGD4|201798,TIGD4,201798
gene_18020,TIGD5|84948,TIGD5,84948
gene_18021,TIGD6|81789,TIGD6,81789
gene_18022,TIGD7|91151,TIGD7,91151
gene_18023,TIGIT|201633,TIGIT,201633
gene_18024,TIMD4|91937,TIMD4,91937
gene_18025,TIMELESS|8914,TIMELESS,8914
gene_18026,TIMM10|26519,TIMM10,26519
gene_18027,TIMM13|26517,TIMM13,26517
gene_18028,TIMM16|51025,TIMM16,51025
gene_18029,TIMM17A|10440,TIMM17A,10440
gene_18030,TIMM17B|10245,TIMM17B,10245
gene_18031,TIMM22|29928,TIMM22,29928
gene_18032,TIMM44|10469,TIMM44,10469
gene_18033,TIMM50|92609,TIMM50,92609
gene_18034,TIMM8A|1678,TIMM8A,1678
gene_18035,TIMM8B|26521,TIMM8B,26521
gene_18036,TIMM9|26520,TIMM9,26520
gene_18037,TIMP1|7076,TIMP1,7076
gene_18038,TIMP2|7077,TIMP2,7077
gene_18039,TIMP3|7078,TIMP3,7078
gene_18040,TIMP4|7079,TIMP4,7079
gene_18041,TINAGL1|64129,TINAGL1,64129
gene_18042,TINAG|27283,TINAG,27283
gene_18043,TINF2|26277,TINF2,26277
gene_18044,TIPARP|25976,TIPARP,25976
gene_18045,TIPIN|54962,TIPIN,54962
gene_18046,TIPRL|261726,TIPRL,261726
gene_18047,TIRAP|114609,TIRAP,114609
gene_18048,TJAP1|93643,TJAP1,93643
gene_18049,TJP1|7082,TJP1,7082
gene_18050,TJP2|9414,TJP2,9414
gene_18051,TJP3|27134,TJP3,27134
gene_18052,TK1|7083,TK1,7083
gene_18053,TK2|7084,TK2,7084
gene_18054,TKTL1|8277,TKTL1,8277
gene_18055,TKTL2|84076,TKTL2,84076
gene_18056,TKT|7086,TKT,7086
gene_18057,TLCD1|116238,TLCD1,116238
gene_18058,TLE1|7088,TLE1,7088
gene_18059,TLE2|7089,TLE2,7089
gene_18060,TLE3|7090,TLE3,7090
gene_18061,TLE4|7091,TLE4,7091
gene_18062,TLE6|79816,TLE6,79816
gene_18063,TLK1|9874,TLK1,9874
gene_18064,TLK2|11011,TLK2,11011
gene_18065,TLL1|7092,TLL1,7092
gene_18066,TLL2|7093,TLL2,7093
gene_18067,TLN1|7094,TLN1,7094
gene_18068,TLN2|83660,TLN2,83660
gene_18069,TLR10|81793,TLR10,81793
gene_18070,TLR1|7096,TLR1,7096
gene_18071,TLR2|7097,TLR2,7097
gene_18072,TLR3|7098,TLR3,7098
gene_18073,TLR4|7099,TLR4,7099
gene_18074,TLR5|7100,TLR5,7100
gene_18075,TLR6|10333,TLR6,10333
gene_18076,TLR7|51284,TLR7,51284
gene_18077,TLR8|51311,TLR8,51311
gene_18078,TLR9|54106,TLR9,54106
gene_18079,TLX1NB|100038246,TLX1NB,100038246
gene_18080,TLX1|3195,TLX1,3195
gene_18081,TLX2|3196,TLX2,3196
gene_18082,TLX3|30012,TLX3,30012
gene_18083,TM2D1|83941,TM2D1,83941
gene_18084,TM2D2|83877,TM2D2,83877
gene_18085,TM2D3|80213,TM2D3,80213
gene_18086,TM4SF18|116441,TM4SF18,116441
gene_18087,TM4SF19|116211,TM4SF19,116211
gene_18088,TM4SF1|4071,TM4SF1,4071
gene_18089,TM4SF20|79853,TM4SF20,79853
gene_18090,TM4SF4|7104,TM4SF4,7104
gene_18091,TM4SF5|9032,TM4SF5,9032
gene_18092,TM6SF1|53346,TM6SF1,53346
gene_18093,TM6SF2|53345,TM6SF2,53345
gene_18094,TM7SF2|7108,TM7SF2,7108
gene_18095,TM7SF3|51768,TM7SF3,51768
gene_18096,TM7SF4|81501,TM7SF4,81501
gene_18097,TM9SF1|10548,TM9SF1,10548
gene_18098,TM9SF2|9375,TM9SF2,9375
gene_18099,TM9SF3|56889,TM9SF3,56889
gene_18100,TM9SF4|9777,TM9SF4,9777
gene_18101,TMBIM1|64114,TMBIM1,64114
gene_18102,TMBIM4|51643,TMBIM4,51643
gene_18103,TMBIM6|7009,TMBIM6,7009
gene_18104,TMC1|117531,TMC1,117531
gene_18105,TMC2|117532,TMC2,117532
gene_18106,TMC3|342125,TMC3,342125
gene_18107,TMC4|147798,TMC4,147798
gene_18108,TMC5|79838,TMC5,79838
gene_18109,TMC6|11322,TMC6,11322
gene_18110,TMC7|79905,TMC7,79905
gene_18111,TMC8|147138,TMC8,147138
gene_18112,TMCC1|23023,TMCC1,23023
gene_18113,TMCC2|9911,TMCC2,9911
gene_18114,TMCC3|57458,TMCC3,57458
gene_18115,TMCO1|54499,TMCO1,54499
gene_18116,TMCO2|127391,TMCO2,127391
gene_18117,TMCO3|55002,TMCO3,55002
gene_18118,TMCO4|255104,TMCO4,255104
gene_18119,TMCO5A|145942,TMCO5A,145942
gene_18120,TMCO6|55374,TMCO6,55374
gene_18121,TMCO7|79613,TMCO7,79613
gene_18122,TMED10P1|286102,TMED10P1,286102
gene_18123,TMED10|10972,TMED10,10972
gene_18124,TMED1|11018,TMED1,11018
gene_18125,TMED2|10959,TMED2,10959
gene_18126,TMED3|23423,TMED3,23423
gene_18127,TMED4|222068,TMED4,222068
gene_18128,TMED5|50999,TMED5,50999
gene_18129,TMED6|146456,TMED6,146456
gene_18130,TMED7-TICAM2|100302736,TMED7-TICAM2,100302736
gene_18131,TMED7|51014,TMED7,51014
gene_18132,TMED8|283578,TMED8,283578
gene_18133,TMED9|54732,TMED9,54732
gene_18134,TMEFF1|8577,TMEFF1,8577
gene_18135,TMEFF2|23671,TMEFF2,23671
gene_18136,TMEM100|55273,TMEM100,55273
gene_18137,TMEM101|84336,TMEM101,84336
gene_18138,TMEM102|284114,TMEM102,284114
gene_18139,TMEM104|54868,TMEM104,54868
gene_18140,TMEM105|284186,TMEM105,284186
gene_18141,TMEM106A|113277,TMEM106A,113277
gene_18142,TMEM106B|54664,TMEM106B,54664
gene_18143,TMEM106C|79022,TMEM106C,79022
gene_18144,TMEM107|84314,TMEM107,84314
gene_18145,TMEM108|66000,TMEM108,66000
gene_18146,TMEM109|79073,TMEM109,79073
gene_18147,TMEM110|375346,TMEM110,375346
gene_18148,TMEM111|55831,TMEM111,55831
gene_18149,TMEM114|283953,TMEM114,283953
gene_18150,TMEM115|11070,TMEM115,11070
gene_18151,TMEM116|89894,TMEM116,89894
gene_18152,TMEM117|84216,TMEM117,84216
gene_18153,TMEM119|338773,TMEM119,338773
gene_18154,TMEM11|8834,TMEM11,8834
gene_18155,TMEM120A|83862,TMEM120A,83862
gene_18156,TMEM120B|144404,TMEM120B,144404
gene_18157,TMEM121|80757,TMEM121,80757
gene_18158,TMEM123|114908,TMEM123,114908
gene_18159,TMEM125|128218,TMEM125,128218
gene_18160,TMEM126A|84233,TMEM126A,84233
gene_18161,TMEM126B|55863,TMEM126B,55863
gene_18162,TMEM127|55654,TMEM127,55654
gene_18163,TMEM128|85013,TMEM128,85013
gene_18164,TMEM129|92305,TMEM129,92305
gene_18165,TMEM130|222865,TMEM130,222865
gene_18166,TMEM131|23505,TMEM131,23505
gene_18167,TMEM132A|54972,TMEM132A,54972
gene_18168,TMEM132B|114795,TMEM132B,114795
gene_18169,TMEM132C|92293,TMEM132C,92293
gene_18170,TMEM132D|121256,TMEM132D,121256
gene_18171,TMEM132E|124842,TMEM132E,124842
gene_18172,TMEM133|83935,TMEM133,83935
gene_18173,TMEM134|80194,TMEM134,80194
gene_18174,TMEM135|65084,TMEM135,65084
gene_18175,TMEM136|219902,TMEM136,219902
gene_18176,TMEM138|51524,TMEM138,51524
gene_18177,TMEM139|135932,TMEM139,135932
gene_18178,TMEM140|55281,TMEM140,55281
gene_18179,TMEM141|85014,TMEM141,85014
gene_18180,TMEM143|55260,TMEM143,55260
gene_18181,TMEM144|55314,TMEM144,55314
gene_18182,TMEM145|284339,TMEM145,284339
gene_18183,TMEM146|257062,TMEM146,257062
gene_18184,TMEM147|10430,TMEM147,10430
gene_18185,TMEM149|79713,TMEM149,79713
gene_18186,TMEM14A|28978,TMEM14A,28978
gene_18187,TMEM14B|81853,TMEM14B,81853
gene_18188,TMEM14C|51522,TMEM14C,51522
gene_18189,TMEM14E|645843,TMEM14E,645843
gene_18190,TMEM150A|129303,TMEM150A,129303
gene_18191,TMEM150B|284417,TMEM150B,284417
gene_18192,TMEM150C|441027,TMEM150C,441027
gene_18193,TMEM151A|256472,TMEM151A,256472
gene_18194,TMEM151B|441151,TMEM151B,441151
gene_18195,TMEM154|201799,TMEM154,201799
gene_18196,TMEM155|132332,TMEM155,132332
gene_18197,TMEM156|80008,TMEM156,80008
gene_18198,TMEM158|25907,TMEM158,25907
gene_18199,TMEM159|57146,TMEM159,57146
gene_18200,TMEM160|54958,TMEM160,54958
gene_18201,TMEM161A|54929,TMEM161A,54929
gene_18202,TMEM161B|153396,TMEM161B,153396
gene_18203,TMEM163|81615,TMEM163,81615
gene_18204,TMEM164|84187,TMEM164,84187
gene_18205,TMEM165|55858,TMEM165,55858
gene_18206,TMEM167A|153339,TMEM167A,153339
gene_18207,TMEM167B|56900,TMEM167B,56900
gene_18208,TMEM168|64418,TMEM168,64418
gene_18209,TMEM169|92691,TMEM169,92691
gene_18210,TMEM170A|124491,TMEM170A,124491
gene_18211,TMEM170B|100113407,TMEM170B,100113407
gene_18212,TMEM171|134285,TMEM171,134285
gene_18213,TMEM173|340061,TMEM173,340061
gene_18214,TMEM174|134288,TMEM174,134288
gene_18215,TMEM175|84286,TMEM175,84286
gene_18216,TMEM176A|55365,TMEM176A,55365
gene_18217,TMEM176B|28959,TMEM176B,28959
gene_18218,TMEM177|80775,TMEM177,80775
gene_18219,TMEM178|130733,TMEM178,130733
gene_18220,TMEM179B|374395,TMEM179B,374395
gene_18221,TMEM179|388021,TMEM179,388021
gene_18222,TMEM17|200728,TMEM17,200728
gene_18223,TMEM180|79847,TMEM180,79847
gene_18224,TMEM181|57583,TMEM181,57583
gene_18225,TMEM182|130827,TMEM182,130827
gene_18226,TMEM183A|92703,TMEM183A,92703
gene_18227,TMEM184A|202915,TMEM184A,202915
gene_18228,TMEM184B|25829,TMEM184B,25829
gene_18229,TMEM184C|55751,TMEM184C,55751
gene_18230,TMEM185A|84548,TMEM185A,84548
gene_18231,TMEM185B|79134,TMEM185B,79134
gene_18232,TMEM186|25880,TMEM186,25880
gene_18233,TMEM187|8269,TMEM187,8269
gene_18234,TMEM188|255919,TMEM188,255919
gene_18235,TMEM189-UBE2V1|387522,TMEM189-UBE2V1,387522
gene_18236,TMEM189|387521,TMEM189,387521
gene_18237,TMEM18|129787,TMEM18,129787
gene_18238,TMEM190|147744,TMEM190,147744
gene_18239,TMEM191A|84222,TMEM191A,84222
gene_18240,TMEM192|201931,TMEM192,201931
gene_18241,TMEM194A|23306,TMEM194A,23306
gene_18242,TMEM194B|100131211,TMEM194B,100131211
gene_18243,TMEM195|392636,TMEM195,392636
gene_18244,TMEM196|256130,TMEM196,256130
gene_18245,TMEM198|130612,TMEM198,130612
gene_18246,TMEM199|147007,TMEM199,147007
gene_18247,TMEM19|55266,TMEM19,55266
gene_18248,TMEM200A|114801,TMEM200A,114801
gene_18249,TMEM200B|399474,TMEM200B,399474
gene_18250,TMEM200C|645369,TMEM200C,645369
gene_18251,TMEM201|199953,TMEM201,199953
gene_18252,TMEM202|338949,TMEM202,338949
gene_18253,TMEM203|94107,TMEM203,94107
gene_18254,TMEM204|79652,TMEM204,79652
gene_18255,TMEM205|374882,TMEM205,374882
gene_18256,TMEM206|55248,TMEM206,55248
gene_18257,TMEM207|131920,TMEM207,131920
gene_18258,TMEM208|29100,TMEM208,29100
gene_18259,TMEM209|84928,TMEM209,84928
gene_18260,TMEM20|159371,TMEM20,159371
gene_18261,TMEM211|255349,TMEM211,255349
gene_18262,TMEM212|389177,TMEM212,389177
gene_18263,TMEM213|155006,TMEM213,155006
gene_18264,TMEM214|54867,TMEM214,54867
gene_18265,TMEM215|401498,TMEM215,401498
gene_18266,TMEM216|51259,TMEM216,51259
gene_18267,TMEM217|221468,TMEM217,221468
gene_18268,TMEM218|219854,TMEM218,219854
gene_18269,TMEM219|124446,TMEM219,124446
gene_18270,TMEM220|388335,TMEM220,388335
gene_18271,TMEM222|84065,TMEM222,84065
gene_18272,TMEM223|79064,TMEM223,79064
gene_18273,TMEM225|338661,TMEM225,338661
gene_18274,TMEM229A|730130,TMEM229A,730130
gene_18275,TMEM229B|161145,TMEM229B,161145
gene_18276,TMEM22|80723,TMEM22,80723
gene_18277,TMEM231|79583,TMEM231,79583
gene_18278,TMEM232|642987,TMEM232,642987
gene_18279,TMEM233|387890,TMEM233,387890
gene_18280,TMEM25|84866,TMEM25,84866
gene_18281,TMEM26|219623,TMEM26,219623
gene_18282,TMEM27|57393,TMEM27,57393
gene_18283,TMEM2|23670,TMEM2,23670
gene_18284,TMEM30A|55754,TMEM30A,55754
gene_18285,TMEM30B|161291,TMEM30B,161291
gene_18286,TMEM30C|644444,TMEM30C,644444
gene_18287,TMEM31|203562,TMEM31,203562
gene_18288,TMEM33|55161,TMEM33,55161
gene_18289,TMEM35|59353,TMEM35,59353
gene_18290,TMEM37|140738,TMEM37,140738
gene_18291,TMEM38A|79041,TMEM38A,79041
gene_18292,TMEM38B|55151,TMEM38B,55151
gene_18293,TMEM39A|55254,TMEM39A,55254
gene_18294,TMEM39B|55116,TMEM39B,55116
gene_18295,TMEM40|55287,TMEM40,55287
gene_18296,TMEM41A|90407,TMEM41A,90407
gene_18297,TMEM41B|440026,TMEM41B,440026
gene_18298,TMEM42|131616,TMEM42,131616
gene_18299,TMEM43|79188,TMEM43,79188
gene_18300,TMEM44|93109,TMEM44,93109
gene_18301,TMEM45A|55076,TMEM45A,55076
gene_18302,TMEM45B|120224,TMEM45B,120224
gene_18303,TMEM47|83604,TMEM47,83604
gene_18304,TMEM48|55706,TMEM48,55706
gene_18305,TMEM49|81671,TMEM49,81671
gene_18306,TMEM50A|23585,TMEM50A,23585
gene_18307,TMEM50B|757,TMEM50B,757
gene_18308,TMEM51|55092,TMEM51,55092
gene_18309,TMEM52|339456,TMEM52,339456
gene_18310,TMEM53|79639,TMEM53,79639
gene_18311,TMEM54|113452,TMEM54,113452
gene_18312,TMEM55A|55529,TMEM55A,55529
gene_18313,TMEM55B|90809,TMEM55B,90809
gene_18314,TMEM56|148534,TMEM56,148534
gene_18315,TMEM57|55219,TMEM57,55219
gene_18316,TMEM59L|25789,TMEM59L,25789
gene_18317,TMEM59|9528,TMEM59,9528
gene_18318,TMEM5|10329,TMEM5,10329
gene_18319,TMEM60|85025,TMEM60,85025
gene_18320,TMEM61|199964,TMEM61,199964
gene_18321,TMEM62|80021,TMEM62,80021
gene_18322,TMEM63A|9725,TMEM63A,9725
gene_18323,TMEM63B|55362,TMEM63B,55362
gene_18324,TMEM63C|57156,TMEM63C,57156
gene_18325,TMEM64|169200,TMEM64,169200
gene_18326,TMEM65|157378,TMEM65,157378
gene_18327,TMEM66|51669,TMEM66,51669
gene_18328,TMEM67|91147,TMEM67,91147
gene_18329,TMEM68|137695,TMEM68,137695
gene_18330,TMEM69|51249,TMEM69,51249
gene_18331,TMEM70|54968,TMEM70,54968
gene_18332,TMEM71|137835,TMEM71,137835
gene_18333,TMEM72|643236,TMEM72,643236
gene_18334,TMEM74|157753,TMEM74,157753
gene_18335,TMEM79|84283,TMEM79,84283
gene_18336,TMEM80|283232,TMEM80,283232
gene_18337,TMEM81|388730,TMEM81,388730
gene_18338,TMEM82|388595,TMEM82,388595
gene_18339,TMEM84|283673,TMEM84,283673
gene_18340,TMEM85|51234,TMEM85,51234
gene_18341,TMEM86A|144110,TMEM86A,144110
gene_18342,TMEM86B|255043,TMEM86B,255043
gene_18343,TMEM87A|25963,TMEM87A,25963
gene_18344,TMEM87B|84910,TMEM87B,84910
gene_18345,TMEM88B|643965,TMEM88B,643965
gene_18346,TMEM88|92162,TMEM88,92162
gene_18347,TMEM89|440955,TMEM89,440955
gene_18348,TMEM8A|58986,TMEM8A,58986
gene_18349,TMEM8B|51754,TMEM8B,51754
gene_18350,TMEM8C|389827,TMEM8C,389827
gene_18351,TMEM90A|646658,TMEM90A,646658
gene_18352,TMEM90B|79953,TMEM90B,79953
gene_18353,TMEM91|641649,TMEM91,641649
gene_18354,TMEM92|162461,TMEM92,162461
gene_18355,TMEM93|83460,TMEM93,83460
gene_18356,TMEM95|339168,TMEM95,339168
gene_18357,TMEM97|27346,TMEM97,27346
gene_18358,TMEM98|26022,TMEM98,26022
gene_18359,TMEM99|147184,TMEM99,147184
gene_18360,TMEM9B|56674,TMEM9B,56674
gene_18361,TMEM9|252839,TMEM9,252839
gene_18362,TMF1|7110,TMF1,7110
gene_18363,TMIE|259236,TMIE,259236
gene_18364,TMIGD1|388364,TMIGD1,388364
gene_18365,TMIGD2|126259,TMIGD2,126259
gene_18366,TMLHE|55217,TMLHE,55217
gene_18367,TMOD1|7111,TMOD1,7111
gene_18368,TMOD2|29767,TMOD2,29767
gene_18369,TMOD3|29766,TMOD3,29766
gene_18370,TMOD4|29765,TMOD4,29765
gene_18371,TMPO|7112,TMPO,7112
gene_18372,TMPPE|643853,TMPPE,643853
gene_18373,TMPRSS11A|339967,TMPRSS11A,339967
gene_18374,TMPRSS11BNL|401136,TMPRSS11BNL,401136
gene_18375,TMPRSS11B|132724,TMPRSS11B,132724
gene_18376,TMPRSS11D|9407,TMPRSS11D,9407
gene_18377,TMPRSS11F|389208,TMPRSS11F,389208
gene_18378,TMPRSS12|283471,TMPRSS12,283471
gene_18379,TMPRSS13|84000,TMPRSS13,84000
gene_18380,TMPRSS15|5651,TMPRSS15,5651
gene_18381,TMPRSS2|7113,TMPRSS2,7113
gene_18382,TMPRSS3|64699,TMPRSS3,64699
gene_18383,TMPRSS4|56649,TMPRSS4,56649
gene_18384,TMPRSS5|80975,TMPRSS5,80975
gene_18385,TMPRSS6|164656,TMPRSS6,164656
gene_18386,TMPRSS7|344805,TMPRSS7,344805
gene_18387,TMPRSS9|360200,TMPRSS9,360200
gene_18388,TMSB10|9168,TMSB10,9168
gene_18389,TMSB15A|11013,TMSB15A,11013
gene_18390,TMSB15B|286527,TMSB15B,286527
gene_18391,TMSB4Y|9087,TMSB4Y,9087
gene_18392,TMSL3|7117,TMSL3,7117
gene_18393,TMTC1|83857,TMTC1,83857
gene_18394,TMTC2|160335,TMTC2,160335
gene_18395,TMTC3|160418,TMTC3,160418
gene_18396,TMTC4|84899,TMTC4,84899
gene_18397,TMUB1|83590,TMUB1,83590
gene_18398,TMUB2|79089,TMUB2,79089
gene_18399,TMX1|81542,TMX1,81542
gene_18400,TMX2|51075,TMX2,51075
gene_18401,TMX3|54495,TMX3,54495
gene_18402,TMX4|56255,TMX4,56255
gene_18403,TNC|3371,TNC,3371
gene_18404,TNFAIP1|7126,TNFAIP1,7126
gene_18405,TNFAIP2|7127,TNFAIP2,7127
gene_18406,TNFAIP3|7128,TNFAIP3,7128
gene_18407,TNFAIP6|7130,TNFAIP6,7130
gene_18408,TNFAIP8L1|126282,TNFAIP8L1,126282
gene_18409,TNFAIP8L2|79626,TNFAIP8L2,79626
gene_18410,TNFAIP8L3|388121,TNFAIP8L3,388121
gene_18411,TNFAIP8|25816,TNFAIP8,25816
gene_18412,TNFRSF10A|8797,TNFRSF10A,8797
gene_18413,TNFRSF10B|8795,TNFRSF10B,8795
gene_18414,TNFRSF10C|8794,TNFRSF10C,8794
gene_18415,TNFRSF10D|8793,TNFRSF10D,8793
gene_18416,TNFRSF11A|8792,TNFRSF11A,8792
gene_18417,TNFRSF11B|4982,TNFRSF11B,4982
gene_18418,TNFRSF12A|51330,TNFRSF12A,51330
gene_18419,TNFRSF13B|23495,TNFRSF13B,23495
gene_18420,TNFRSF13C|115650,TNFRSF13C,115650
gene_18421,TNFRSF14|8764,TNFRSF14,8764
gene_18422,TNFRSF17|608,TNFRSF17,608
gene_18423,TNFRSF18|8784,TNFRSF18,8784
gene_18424,TNFRSF19|55504,TNFRSF19,55504
gene_18425,TNFRSF1A|7132,TNFRSF1A,7132
gene_18426,TNFRSF1B|7133,TNFRSF1B,7133
gene_18427,TNFRSF21|27242,TNFRSF21,27242
gene_18428,TNFRSF25|8718,TNFRSF25,8718
gene_18429,TNFRSF4|7293,TNFRSF4,7293
gene_18430,TNFRSF6B|8771,TNFRSF6B,8771
gene_18431,TNFRSF8|943,TNFRSF8,943
gene_18432,TNFRSF9|3604,TNFRSF9,3604
gene_18433,TNFSF10|8743,TNFSF10,8743
gene_18434,TNFSF11|8600,TNFSF11,8600
gene_18435,TNFSF12-TNFSF13|407977,TNFSF12-TNFSF13,407977
gene_18436,TNFSF12|8742,TNFSF12,8742
gene_18437,TNFSF13B|10673,TNFSF13B,10673
gene_18438,TNFSF13|8741,TNFSF13,8741
gene_18439,TNFSF14|8740,TNFSF14,8740
gene_18440,TNFSF15|9966,TNFSF15,9966
gene_18441,TNFSF18|8995,TNFSF18,8995
gene_18442,TNFSF4|7292,TNFSF4,7292
gene_18443,TNFSF8|944,TNFSF8,944
gene_18444,TNFSF9|8744,TNFSF9,8744
gene_18445,TNF|7124,TNF,7124
gene_18446,TNIK|23043,TNIK,23043
gene_18447,TNIP1|10318,TNIP1,10318
gene_18448,TNIP2|79155,TNIP2,79155
gene_18449,TNIP3|79931,TNIP3,79931
gene_18450,TNK1|8711,TNK1,8711
gene_18451,TNK2|10188,TNK2,10188
gene_18452,TNKS1BP1|85456,TNKS1BP1,85456
gene_18453,TNKS2|80351,TNKS2,80351
gene_18454,TNKS|8658,TNKS,8658
gene_18455,TNMD|64102,TNMD,64102
gene_18456,TNNC1|7134,TNNC1,7134
gene_18457,TNNC2|7125,TNNC2,7125
gene_18458,TNNI1|7135,TNNI1,7135
gene_18459,TNNI2|7136,TNNI2,7136
gene_18460,TNNI3K|51086,TNNI3K,51086
gene_18461,TNNI3|7137,TNNI3,7137
gene_18462,TNNT1|7138,TNNT1,7138
gene_18463,TNNT2|7139,TNNT2,7139
gene_18464,TNNT3|7140,TNNT3,7140
gene_18465,TNN|63923,TNN,63923
gene_18466,TNP1|7141,TNP1,7141
gene_18467,TNP2|7142,TNP2,7142
gene_18468,TNPO1|3842,TNPO1,3842
gene_18469,TNPO2|30000,TNPO2,30000
gene_18470,TNPO3|23534,TNPO3,23534
gene_18471,TNRC18|84629,TNRC18,84629
gene_18472,TNRC6A|27327,TNRC6A,27327
gene_18473,TNRC6B|23112,TNRC6B,23112
gene_18474,TNRC6C|57690,TNRC6C,57690
gene_18475,TNR|7143,TNR,7143
gene_18476,TNS1|7145,TNS1,7145
gene_18477,TNS3|64759,TNS3,64759
gene_18478,TNS4|84951,TNS4,84951
gene_18479,TNXB|7148,TNXB,7148
gene_18480,TOB1|10140,TOB1,10140
gene_18481,TOB2|10766,TOB2,10766
gene_18482,TOE1|114034,TOE1,114034
gene_18483,TOLLIP|54472,TOLLIP,54472
gene_18484,TOM1L1|10040,TOM1L1,10040
gene_18485,TOM1L2|146691,TOM1L2,146691
gene_18486,TOM1|10043,TOM1,10043
gene_18487,TOMM20L|387990,TOMM20L,387990
gene_18488,TOMM20|9804,TOMM20,9804
gene_18489,TOMM22|56993,TOMM22,56993
gene_18490,TOMM34|10953,TOMM34,10953
gene_18491,TOMM40L|84134,TOMM40L,84134
gene_18492,TOMM40|10452,TOMM40,10452
gene_18493,TOMM5|401505,TOMM5,401505
gene_18494,TOMM6|100188893,TOMM6,100188893
gene_18495,TOMM70A|9868,TOMM70A,9868
gene_18496,TOMM7|54543,TOMM7,54543
gene_18497,TOP1MT|116447,TOP1MT,116447
gene_18498,TOP1P1|7151,TOP1P1,7151
gene_18499,TOP1P2|7152,TOP1P2,7152
gene_18500,TOP1|7150,TOP1,7150
gene_18501,TOP2A|7153,TOP2A,7153
gene_18502,TOP2B|7155,TOP2B,7155
gene_18503,TOP3A|7156,TOP3A,7156
gene_18504,TOP3B|8940,TOP3B,8940
gene_18505,TOPBP1|11073,TOPBP1,11073
gene_18506,TOPORS|10210,TOPORS,10210
gene_18507,TOR1AIP1|26092,TOR1AIP1,26092
gene_18508,TOR1AIP2|163590,TOR1AIP2,163590
gene_18509,TOR1A|1861,TOR1A,1861
gene_18510,TOR1B|27348,TOR1B,27348
gene_18511,TOR2A|27433,TOR2A,27433
gene_18512,TOR3A|64222,TOR3A,64222
gene_18513,TOX2|84969,TOX2,84969
gene_18514,TOX3|27324,TOX3,27324
gene_18515,TOX4|9878,TOX4,9878
gene_18516,TOX|9760,TOX,9760
gene_18517,TP53AIP1|63970,TP53AIP1,63970
gene_18518,TP53BP1|7158,TP53BP1,7158
gene_18519,TP53BP2|7159,TP53BP2,7159
gene_18520,TP53I11|9537,TP53I11,9537
gene_18521,TP53I13|90313,TP53I13,90313
gene_18522,TP53I3|9540,TP53I3,9540
gene_18523,TP53INP1|94241,TP53INP1,94241
gene_18524,TP53INP2|58476,TP53INP2,58476
gene_18525,TP53RK|112858,TP53RK,112858
gene_18526,TP53TG1|11257,TP53TG1,11257
gene_18527,TP53TG3B|729355,TP53TG3B,729355
gene_18528,TP53TG5|27296,TP53TG5,27296
gene_18529,TP53|7157,TP53,7157
gene_18530,TP63|8626,TP63,8626
gene_18531,TP73|7161,TP73,7161
gene_18532,TPBG|7162,TPBG,7162
gene_18533,TPCN1|53373,TPCN1,53373
gene_18534,TPCN2|219931,TPCN2,219931
gene_18535,TPD52L1|7164,TPD52L1,7164
gene_18536,TPD52L2|7165,TPD52L2,7165
gene_18537,TPD52L3|89882,TPD52L3,89882
gene_18538,TPD52|7163,TPD52,7163
gene_18539,TPH1|7166,TPH1,7166
gene_18540,TPH2|121278,TPH2,121278
gene_18541,TPI1P2|286016,TPI1P2,286016
gene_18542,TPI1P3|728402,TPI1P3,728402
gene_18543,TPI1|7167,TPI1,7167
gene_18544,TPK1|27010,TPK1,27010
gene_18545,TPM1|7168,TPM1,7168
gene_18546,TPM2|7169,TPM2,7169
gene_18547,TPM3|7170,TPM3,7170
gene_18548,TPM4|7171,TPM4,7171
gene_18549,TPMT|7172,TPMT,7172
gene_18550,TPO|7173,TPO,7173
gene_18551,TPP1|1200,TPP1,1200
gene_18552,TPP2|7174,TPP2,7174
gene_18553,TPPP2|122664,TPPP2,122664
gene_18554,TPPP3|51673,TPPP3,51673
gene_18555,TPPP|11076,TPPP,11076
gene_18556,TPRA1|131601,TPRA1,131601
gene_18557,TPRG1L|127262,TPRG1L,127262
gene_18558,TPRG1|285386,TPRG1,285386
gene_18559,TPRKB|51002,TPRKB,51002
gene_18560,TPRN|286262,TPRN,286262
gene_18561,TPRX1|284355,TPRX1,284355
gene_18562,TPRXL|348825,TPRXL,348825
gene_18563,TPR|7175,TPR,7175
gene_18564,TPSAB1|7177,TPSAB1,7177
gene_18565,TPSB2|64499,TPSB2,64499
gene_18566,TPSD1|23430,TPSD1,23430
gene_18567,TPSG1|25823,TPSG1,25823
gene_18568,TPST1|8460,TPST1,8460
gene_18569,TPST2|8459,TPST2,8459
gene_18570,TPT1|7178,TPT1,7178
gene_18571,TPTE2P1|646405,TPTE2P1,646405
gene_18572,TPTE2P3|220115,TPTE2P3,220115
gene_18573,TPTE2|93492,TPTE2,93492
gene_18574,TPTE|7179,TPTE,7179
gene_18575,TPX2|22974,TPX2,22974
gene_18576,TRA2A|29896,TRA2A,29896
gene_18577,TRA2B|6434,TRA2B,6434
gene_18578,TRABD|80305,TRABD,80305
gene_18579,TRADD|8717,TRADD,8717
gene_18580,TRAF1|7185,TRAF1,7185
gene_18581,TRAF2|7186,TRAF2,7186
gene_18582,TRAF3IP1|26146,TRAF3IP1,26146
gene_18583,TRAF3IP2|10758,TRAF3IP2,10758
gene_18584,TRAF3IP3|80342,TRAF3IP3,80342
gene_18585,TRAF3|7187,TRAF3,7187
gene_18586,TRAF4|9618,TRAF4,9618
gene_18587,TRAF5|7188,TRAF5,7188
gene_18588,TRAF6|7189,TRAF6,7189
gene_18589,TRAF7|84231,TRAF7,84231
gene_18590,TRAFD1|10906,TRAFD1,10906
gene_18591,TRAIP|10293,TRAIP,10293
gene_18592,TRAK1|22906,TRAK1,22906
gene_18593,TRAK2|66008,TRAK2,66008
gene_18594,TRAM1L1|133022,TRAM1L1,133022
gene_18595,TRAM1|23471,TRAM1,23471
gene_18596,TRAM2|9697,TRAM2,9697
gene_18597,TRANK1|9881,TRANK1,9881
gene_18598,TRAP1|10131,TRAP1,10131
gene_18599,TRAPPC10|7109,TRAPPC10,7109
gene_18600,TRAPPC1|58485,TRAPPC1,58485
gene_18601,TRAPPC2L|51693,TRAPPC2L,51693
gene_18602,TRAPPC2P1|10597,TRAPPC2P1,10597
gene_18603,TRAPPC2|6399,TRAPPC2,6399
gene_18604,TRAPPC3|27095,TRAPPC3,27095
gene_18605,TRAPPC4|51399,TRAPPC4,51399
gene_18606,TRAPPC5|126003,TRAPPC5,126003
gene_18607,TRAPPC6A|79090,TRAPPC6A,79090
gene_18608,TRAPPC6B|122553,TRAPPC6B,122553
gene_18609,TRAPPC9|83696,TRAPPC9,83696
gene_18610,TRAT1|50852,TRAT1,50852
gene_18611,TRDMT1|1787,TRDMT1,1787
gene_18612,TRDN|10345,TRDN,10345
gene_18613,TREH|11181,TREH,11181
gene_18614,TREM1|54210,TREM1,54210
gene_18615,TREM2|54209,TREM2,54209
gene_18616,TREML1|340205,TREML1,340205
gene_18617,TREML2P1|221438,TREML2P1,221438
gene_18618,TREML2|79865,TREML2,79865
gene_18619,TREML3|340206,TREML3,340206
gene_18620,TREML4|285852,TREML4,285852
gene_18621,TRERF1|55809,TRERF1,55809
gene_18622,TREX1|11277,TREX1,11277
gene_18623,TREX2|11219,TREX2,11219
gene_18624,TRHDE|29953,TRHDE,29953
gene_18625,TRHR|7201,TRHR,7201
gene_18626,TRH|7200,TRH,7200
gene_18627,TRIAP1|51499,TRIAP1,51499
gene_18628,TRIB1|10221,TRIB1,10221
gene_18629,TRIB2|28951,TRIB2,28951
gene_18630,TRIB3|57761,TRIB3,57761
gene_18631,TRIL|9865,TRIL,9865
gene_18632,TRIM10|10107,TRIM10,10107
gene_18633,TRIM11|81559,TRIM11,81559
gene_18634,TRIM13|10206,TRIM13,10206
gene_18635,TRIM14|9830,TRIM14,9830
gene_18636,TRIM15|89870,TRIM15,89870
gene_18637,TRIM16L|147166,TRIM16L,147166
gene_18638,TRIM16|10626,TRIM16,10626
gene_18639,TRIM17|51127,TRIM17,51127
gene_18640,TRIM21|6737,TRIM21,6737
gene_18641,TRIM22|10346,TRIM22,10346
gene_18642,TRIM23|373,TRIM23,373
gene_18643,TRIM24|8805,TRIM24,8805
gene_18644,TRIM25|7706,TRIM25,7706
gene_18645,TRIM26|7726,TRIM26,7726
gene_18646,TRIM27|5987,TRIM27,5987
gene_18647,TRIM28|10155,TRIM28,10155
gene_18648,TRIM29|23650,TRIM29,23650
gene_18649,TRIM2|23321,TRIM2,23321
gene_18650,TRIM31|11074,TRIM31,11074
gene_18651,TRIM32|22954,TRIM32,22954
gene_18652,TRIM33|51592,TRIM33,51592
gene_18653,TRIM34|53840,TRIM34,53840
gene_18654,TRIM35|23087,TRIM35,23087
gene_18655,TRIM36|55521,TRIM36,55521
gene_18656,TRIM37|4591,TRIM37,4591
gene_18657,TRIM38|10475,TRIM38,10475
gene_18658,TRIM39|56658,TRIM39,56658
gene_18659,TRIM3|10612,TRIM3,10612
gene_18660,TRIM40|135644,TRIM40,135644
gene_18661,TRIM41|90933,TRIM41,90933
gene_18662,TRIM42|287015,TRIM42,287015
gene_18663,TRIM43|129868,TRIM43,129868
gene_18664,TRIM44|54765,TRIM44,54765
gene_18665,TRIM45|80263,TRIM45,80263
gene_18666,TRIM46|80128,TRIM46,80128
gene_18667,TRIM47|91107,TRIM47,91107
gene_18668,TRIM48|79097,TRIM48,79097
gene_18669,TRIM49L|729384,TRIM49L,729384
gene_18670,TRIM49|57093,TRIM49,57093
gene_18671,TRIM4|89122,TRIM4,89122
gene_18672,TRIM50|135892,TRIM50,135892
gene_18673,TRIM52|84851,TRIM52,84851
gene_18674,TRIM53|642569,TRIM53,642569
gene_18675,TRIM54|57159,TRIM54,57159
gene_18676,TRIM55|84675,TRIM55,84675
gene_18677,TRIM56|81844,TRIM56,81844
gene_18678,TRIM58|25893,TRIM58,25893
gene_18679,TRIM59|286827,TRIM59,286827
gene_18680,TRIM5|85363,TRIM5,85363
gene_18681,TRIM6-TRIM34|445372,TRIM6-TRIM34,445372
gene_18682,TRIM60|166655,TRIM60,166655
gene_18683,TRIM61|391712,TRIM61,391712
gene_18684,TRIM62|55223,TRIM62,55223
gene_18685,TRIM63|84676,TRIM63,84676
gene_18686,TRIM64|120146,TRIM64,120146
gene_18687,TRIM65|201292,TRIM65,201292
gene_18688,TRIM66|9866,TRIM66,9866
gene_18689,TRIM67|440730,TRIM67,440730
gene_18690,TRIM68|55128,TRIM68,55128
gene_18691,TRIM69|140691,TRIM69,140691
gene_18692,TRIM6|117854,TRIM6,117854
gene_18693,TRIM71|131405,TRIM71,131405
gene_18694,TRIM72|493829,TRIM72,493829
gene_18695,TRIM74|378108,TRIM74,378108
gene_18696,TRIM77|390231,TRIM77,390231
gene_18697,TRIM78P|117852,TRIM78P,117852
gene_18698,TRIM7|81786,TRIM7,81786
gene_18699,TRIM8|81603,TRIM8,81603
gene_18700,TRIM9|114088,TRIM9,114088
gene_18701,TRIML1|339976,TRIML1,339976
gene_18702,TRIML2|205860,TRIML2,205860
gene_18703,TRIOBP|11078,TRIOBP,11078
gene_18704,TRIO|7204,TRIO,7204
gene_18705,TRIP10|9322,TRIP10,9322
gene_18706,TRIP11|9321,TRIP11,9321
gene_18707,TRIP12|9320,TRIP12,9320
gene_18708,TRIP13|9319,TRIP13,9319
gene_18709,TRIP4|9325,TRIP4,9325
gene_18710,TRIP6|7205,TRIP6,7205
gene_18711,TRIT1|54802,TRIT1,54802
gene_18712,TRMT112|51504,TRMT112,51504
gene_18713,TRMT11|60487,TRMT11,60487
gene_18714,TRMT12|55039,TRMT12,55039
gene_18715,TRMT1|55621,TRMT1,55621
gene_18716,TRMT2A|27037,TRMT2A,27037
gene_18717,TRMT2B|79979,TRMT2B,79979
gene_18718,TRMT5|57570,TRMT5,57570
gene_18719,TRMT61A|115708,TRMT61A,115708
gene_18720,TRMT61B|55006,TRMT61B,55006
gene_18721,TRMT6|51605,TRMT6,51605
gene_18722,TRMU|55687,TRMU,55687
gene_18723,TRNAU1AP|54952,TRNAU1AP,54952
gene_18724,TRNP1|388610,TRNP1,388610
gene_18725,TRNT1|51095,TRNT1,51095
gene_18726,TROAP|10024,TROAP,10024
gene_18727,TROVE2|6738,TROVE2,6738
gene_18728,TRO|7216,TRO,7216
gene_18729,TRPA1|8989,TRPA1,8989
gene_18730,TRPC1|7220,TRPC1,7220
gene_18731,TRPC2|7221,TRPC2,7221
gene_18732,TRPC3|7222,TRPC3,7222
gene_18733,TRPC4AP|26133,TRPC4AP,26133
gene_18734,TRPC4|7223,TRPC4,7223
gene_18735,TRPC5|7224,TRPC5,7224
gene_18736,TRPC6|7225,TRPC6,7225
gene_18737,TRPC7|57113,TRPC7,57113
gene_18738,TRPM1|4308,TRPM1,4308
gene_18739,TRPM2|7226,TRPM2,7226
gene_18740,TRPM3|80036,TRPM3,80036
gene_18741,TRPM4|54795,TRPM4,54795
gene_18742,TRPM5|29850,TRPM5,29850
gene_18743,TRPM6|140803,TRPM6,140803
gene_18744,TRPM7|54822,TRPM7,54822
gene_18745,TRPM8|79054,TRPM8,79054
gene_18746,TRPS1|7227,TRPS1,7227
gene_18747,TRPT1|83707,TRPT1,83707
gene_18748,TRPV1|7442,TRPV1,7442
gene_18749,TRPV2|51393,TRPV2,51393
gene_18750,TRPV3|162514,TRPV3,162514
gene_18751,TRPV4|59341,TRPV4,59341
gene_18752,TRPV5|56302,TRPV5,56302
gene_18753,TRPV6|55503,TRPV6,55503
gene_18754,TRRAP|8295,TRRAP,8295
gene_18755,TRUB1|142940,TRUB1,142940
gene_18756,TRUB2|26995,TRUB2,26995
gene_18757,TRY6|154754,TRY6,154754
gene_18758,TRYX3|136541,TRYX3,136541
gene_18759,TSC1|7248,TSC1,7248
gene_18760,TSC22D1|8848,TSC22D1,8848
gene_18761,TSC22D2|9819,TSC22D2,9819
gene_18762,TSC22D3|1831,TSC22D3,1831
gene_18763,TSC22D4|81628,TSC22D4,81628
gene_18764,TSC2|7249,TSC2,7249
gene_18765,TSEN15|116461,TSEN15,116461
gene_18766,TSEN2|80746,TSEN2,80746
gene_18767,TSEN34|79042,TSEN34,79042
gene_18768,TSEN54|283989,TSEN54,283989
gene_18769,TSFM|10102,TSFM,10102
gene_18770,TSG101|7251,TSG101,7251
gene_18771,TSG1|643432,TSG1,643432
gene_18772,TSGA10IP|254187,TSGA10IP,254187
gene_18773,TSGA10|80705,TSGA10,80705
gene_18774,TSGA13|114960,TSGA13,114960
gene_18775,TSGA14|95681,TSGA14,95681
gene_18776,TSHB|7252,TSHB,7252
gene_18777,TSHR|7253,TSHR,7253
gene_18778,TSHZ1|10194,TSHZ1,10194
gene_18779,TSHZ2|128553,TSHZ2,128553
gene_18780,TSHZ3|57616,TSHZ3,57616
gene_18781,TSIX|9383,TSIX,9383
gene_18782,TSKS|60385,TSKS,60385
gene_18783,TSKU|25987,TSKU,25987
gene_18784,TSLP|85480,TSLP,85480
gene_18785,TSNARE1|203062,TSNARE1,203062
gene_18786,TSNAX-DISC1|100303453,TSNAX-DISC1,100303453
gene_18787,TSNAXIP1|55815,TSNAXIP1,55815
gene_18788,TSNAX|7257,TSNAX,7257
gene_18789,TSN|7247,TSN,7247
gene_18790,TSPAN10|83882,TSPAN10,83882
gene_18791,TSPAN11|441631,TSPAN11,441631
gene_18792,TSPAN12|23554,TSPAN12,23554
gene_18793,TSPAN13|27075,TSPAN13,27075
gene_18794,TSPAN14|81619,TSPAN14,81619
gene_18795,TSPAN15|23555,TSPAN15,23555
gene_18796,TSPAN16|26526,TSPAN16,26526
gene_18797,TSPAN17|26262,TSPAN17,26262
gene_18798,TSPAN18|90139,TSPAN18,90139
gene_18799,TSPAN19|144448,TSPAN19,144448
gene_18800,TSPAN1|10103,TSPAN1,10103
gene_18801,TSPAN2|10100,TSPAN2,10100
gene_18802,TSPAN31|6302,TSPAN31,6302
gene_18803,TSPAN32|10077,TSPAN32,10077
gene_18804,TSPAN33|340348,TSPAN33,340348
gene_18805,TSPAN3|10099,TSPAN3,10099
gene_18806,TSPAN4|7106,TSPAN4,7106
gene_18807,TSPAN5|10098,TSPAN5,10098
gene_18808,TSPAN6|7105,TSPAN6,7105
gene_18809,TSPAN7|7102,TSPAN7,7102
gene_18810,TSPAN8|7103,TSPAN8,7103
gene_18811,TSPAN9|10867,TSPAN9,10867
gene_18812,TSPO2|222642,TSPO2,222642
gene_18813,TSPO|706,TSPO,706
gene_18814,TSPY1|7258,TSPY1,7258
gene_18815,TSPY2|64591,TSPY2,64591
gene_18816,TSPY3|728137,TSPY3,728137
gene_18817,TSPY4|728395,TSPY4,728395
gene_18818,TSPYL1|7259,TSPYL1,7259
gene_18819,TSPYL2|64061,TSPYL2,64061
gene_18820,TSPYL3|128854,TSPYL3,128854
gene_18821,TSPYL4|23270,TSPYL4,23270
gene_18822,TSPYL5|85453,TSPYL5,85453
gene_18823,TSPYL6|388951,TSPYL6,388951
gene_18824,TSR1|55720,TSR1,55720
gene_18825,TSR2|90121,TSR2,90121
gene_18826,TSSC1|7260,TSSC1,7260
gene_18827,TSSC4|10078,TSSC4,10078
gene_18828,TSSK1B|83942,TSSK1B,83942
gene_18829,TSSK2|23617,TSSK2,23617
gene_18830,TSSK3|81629,TSSK3,81629
gene_18831,TSSK4|283629,TSSK4,283629
gene_18832,TSSK6|83983,TSSK6,83983
gene_18833,TSTA3|7264,TSTA3,7264
gene_18834,TSTD1|100131187,TSTD1,100131187
gene_18835,TSTD2|158427,TSTD2,158427
gene_18836,TST|7263,TST,7263
gene_18837,TTBK1|84630,TTBK1,84630
gene_18838,TTBK2|146057,TTBK2,146057
gene_18839,TTC12|54970,TTC12,54970
gene_18840,TTC13|79573,TTC13,79573
gene_18841,TTC14|151613,TTC14,151613
gene_18842,TTC15|51112,TTC15,51112
gene_18843,TTC16|158248,TTC16,158248
gene_18844,TTC17|55761,TTC17,55761
gene_18845,TTC18|118491,TTC18,118491
gene_18846,TTC19|54902,TTC19,54902
gene_18847,TTC1|7265,TTC1,7265
gene_18848,TTC21A|199223,TTC21A,199223
gene_18849,TTC21B|79809,TTC21B,79809
gene_18850,TTC22|55001,TTC22,55001
gene_18851,TTC23L|153657,TTC23L,153657
gene_18852,TTC23|64927,TTC23,64927
gene_18853,TTC24|164118,TTC24,164118
gene_18854,TTC25|83538,TTC25,83538
gene_18855,TTC26|79989,TTC26,79989
gene_18856,TTC27|55622,TTC27,55622
gene_18857,TTC28|23331,TTC28,23331
gene_18858,TTC29|83894,TTC29,83894
gene_18859,TTC30A|92104,TTC30A,92104
gene_18860,TTC30B|150737,TTC30B,150737
gene_18861,TTC31|64427,TTC31,64427
gene_18862,TTC32|130502,TTC32,130502
gene_18863,TTC33|23548,TTC33,23548
gene_18864,TTC35|9694,TTC35,9694
gene_18865,TTC36|143941,TTC36,143941
gene_18866,TTC37|9652,TTC37,9652
gene_18867,TTC38|55020,TTC38,55020
gene_18868,TTC39A|22996,TTC39A,22996
gene_18869,TTC39B|158219,TTC39B,158219
gene_18870,TTC39C|125488,TTC39C,125488
gene_18871,TTC3|7267,TTC3,7267
gene_18872,TTC4|7268,TTC4,7268
gene_18873,TTC5|91875,TTC5,91875
gene_18874,TTC7A|57217,TTC7A,57217
gene_18875,TTC7B|145567,TTC7B,145567
gene_18876,TTC8|123016,TTC8,123016
gene_18877,TTC9B|148014,TTC9B,148014
gene_18878,TTC9C|283237,TTC9C,283237
gene_18879,TTC9|23508,TTC9,23508
gene_18880,TTF1|7270,TTF1,7270
gene_18881,TTF2|8458,TTF2,8458
gene_18882,TTK|7272,TTK,7272
gene_18883,TTLL10|254173,TTLL10,254173
gene_18884,TTLL11|158135,TTLL11,158135
gene_18885,TTLL12|23170,TTLL12,23170
gene_18886,TTLL13|440307,TTLL13,440307
gene_18887,TTLL1|25809,TTLL1,25809
gene_18888,TTLL2|83887,TTLL2,83887
gene_18889,TTLL3|26140,TTLL3,26140
gene_18890,TTLL4|9654,TTLL4,9654
gene_18891,TTLL5|23093,TTLL5,23093
gene_18892,TTLL6|284076,TTLL6,284076
gene_18893,TTLL7|79739,TTLL7,79739
gene_18894,TTLL8|164714,TTLL8,164714
gene_18895,TTLL9|164395,TTLL9,164395
gene_18896,TTL|150465,TTL,150465
gene_18897,TTN|7273,TTN,7273
gene_18898,TTPAL|79183,TTPAL,79183
gene_18899,TTPA|7274,TTPA,7274
gene_18900,TTR|7276,TTR,7276
gene_18901,TTTY10|246119,TTTY10,246119
gene_18902,TTTY11|83866,TTTY11,83866
gene_18903,TTTY12|83867,TTTY12,83867
gene_18904,TTTY13|83868,TTTY13,83868
gene_18905,TTTY14|83869,TTTY14,83869
gene_18906,TTTY15|64595,TTTY15,64595
gene_18907,TTTY16|252948,TTTY16,252948
gene_18908,TTTY17A|252949,TTTY17A,252949
gene_18909,TTTY17B|474151,TTTY17B,474151
gene_18910,TTTY18|252950,TTTY18,252950
gene_18911,TTTY19|252952,TTTY19,252952
gene_18912,TTTY1B|100101116,TTTY1B,100101116
gene_18913,TTTY20|252951,TTTY20,252951
gene_18914,TTTY21|252953,TTTY21,252953
gene_18915,TTTY22|252954,TTTY22,252954
gene_18916,TTTY23|252955,TTTY23,252955
gene_18917,TTTY2|60439,TTTY2,60439
gene_18918,TTTY3B|474148,TTTY3B,474148
gene_18919,TTTY4C|474150,TTTY4C,474150
gene_18920,TTTY5|83863,TTTY5,83863
gene_18921,TTTY6B|441543,TTTY6B,441543
gene_18922,TTTY6|84672,TTTY6,84672
gene_18923,TTTY7|246122,TTTY7,246122
gene_18924,TTTY8|84673,TTTY8,84673
gene_18925,TTTY9B|425057,TTTY9B,425057
gene_18926,TTYH1|57348,TTYH1,57348
gene_18927,TTYH2|94015,TTYH2,94015
gene_18928,TTYH3|80727,TTYH3,80727
gene_18929,TUBA1A|7846,TUBA1A,7846
gene_18930,TUBA1B|10376,TUBA1B,10376
gene_18931,TUBA1C|84790,TUBA1C,84790
gene_18932,TUBA3C|7278,TUBA3C,7278
gene_18933,TUBA3D|113457,TUBA3D,113457
gene_18934,TUBA3E|112714,TUBA3E,112714
gene_18935,TUBA4A|7277,TUBA4A,7277
gene_18936,TUBA4B|80086,TUBA4B,80086
gene_18937,TUBA8|51807,TUBA8,51807
gene_18938,TUBAL3|79861,TUBAL3,79861
gene_18939,TUBB1|81027,TUBB1,81027
gene_18940,TUBB2A|7280,TUBB2A,7280
gene_18941,TUBB2B|347733,TUBB2B,347733
gene_18942,TUBB2C|10383,TUBB2C,10383
gene_18943,TUBB3|10381,TUBB3,10381
gene_18944,TUBB4Q|56604,TUBB4Q,56604
gene_18945,TUBB4|10382,TUBB4,10382
gene_18946,TUBB6|84617,TUBB6,84617
gene_18947,TUBB8|347688,TUBB8,347688
gene_18948,TUBBP5|643224,TUBBP5,643224
gene_18949,TUBB|203068,TUBB,203068
gene_18950,TUBD1|51174,TUBD1,51174
gene_18951,TUBE1|51175,TUBE1,51175
gene_18952,TUBG1|7283,TUBG1,7283
gene_18953,TUBG2|27175,TUBG2,27175
gene_18954,TUBGCP2|10844,TUBGCP2,10844
gene_18955,TUBGCP3|10426,TUBGCP3,10426
gene_18956,TUBGCP4|27229,TUBGCP4,27229
gene_18957,TUBGCP5|114791,TUBGCP5,114791
gene_18958,TUBGCP6|85378,TUBGCP6,85378
gene_18959,TUB|7275,TUB,7275
gene_18960,TUFM|7284,TUFM,7284
gene_18961,TUFT1|7286,TUFT1,7286
gene_18962,TUG1|55000,TUG1,55000
gene_18963,TULP1|7287,TULP1,7287
gene_18964,TULP2|7288,TULP2,7288
gene_18965,TULP3|7289,TULP3,7289
gene_18966,TULP4|56995,TULP4,56995
gene_18967,TUSC1|286319,TUSC1,286319
gene_18968,TUSC2|11334,TUSC2,11334
gene_18969,TUSC3|7991,TUSC3,7991
gene_18970,TUSC5|286753,TUSC5,286753
gene_18971,TUT1|64852,TUT1,64852
gene_18972,TWF1|5756,TWF1,5756
gene_18973,TWF2|11344,TWF2,11344
gene_18974,TWIST1|7291,TWIST1,7291
gene_18975,TWIST2|117581,TWIST2,117581
gene_18976,TWISTNB|221830,TWISTNB,221830
gene_18977,TWSG1|57045,TWSG1,57045
gene_18978,TXK|7294,TXK,7294
gene_18979,TXLNA|200081,TXLNA,200081
gene_18980,TXLNB|167838,TXLNB,167838
gene_18981,TXLNG|55787,TXLNG,55787
gene_18982,TXN2|25828,TXN2,25828
gene_18983,TXNDC11|51061,TXNDC11,51061
gene_18984,TXNDC12|51060,TXNDC12,51060
gene_18985,TXNDC15|79770,TXNDC15,79770
gene_18986,TXNDC16|57544,TXNDC16,57544
gene_18987,TXNDC17|84817,TXNDC17,84817
gene_18988,TXNDC2|84203,TXNDC2,84203
gene_18989,TXNDC3|51314,TXNDC3,51314
gene_18990,TXNDC5|81567,TXNDC5,81567
gene_18991,TXNDC6|347736,TXNDC6,347736
gene_18992,TXNDC8|255220,TXNDC8,255220
gene_18993,TXNDC9|10190,TXNDC9,10190
gene_18994,TXNIP|10628,TXNIP,10628
gene_18995,TXNL1|9352,TXNL1,9352
gene_18996,TXNL4A|10907,TXNL4A,10907
gene_18997,TXNL4B|54957,TXNL4B,54957
gene_18998,TXNRD1|7296,TXNRD1,7296
gene_18999,TXNRD2|10587,TXNRD2,10587
gene_19000,TXNRD3IT1|645840,TXNRD3IT1,645840
gene_19001,TXN|7295,TXN,7295
gene_19002,TYK2|7297,TYK2,7297
gene_19003,TYMP|1890,TYMP,1890
gene_19004,TYMS|7298,TYMS,7298
gene_19005,TYRO3|7301,TYRO3,7301
gene_19006,TYROBP|7305,TYROBP,7305
gene_19007,TYRP1|7306,TYRP1,7306
gene_19008,TYR|7299,TYR,7299
gene_19009,TYSND1|219743,TYSND1,219743
gene_19010,TYW1B|441250,TYW1B,441250
gene_19011,TYW1|55253,TYW1,55253
gene_19012,TYW3|127253,TYW3,127253
gene_19013,T|6862,T,6862
gene_19014,U2AF1L4|199746,U2AF1L4,199746
gene_19015,U2AF1|7307,U2AF1,7307
gene_19016,U2AF2|11338,U2AF2,11338
gene_19017,UACA|55075,UACA,55075
gene_19018,UAP1L1|91373,UAP1L1,91373
gene_19019,UAP1|6675,UAP1,6675
gene_19020,UBA1|7317,UBA1,7317
gene_19021,UBA2|10054,UBA2,10054
gene_19022,UBA3|9039,UBA3,9039
gene_19023,UBA52|7311,UBA52,7311
gene_19024,UBA5|79876,UBA5,79876
gene_19025,UBA6|55236,UBA6,55236
gene_19026,UBA7|7318,UBA7,7318
gene_19027,UBAC1|10422,UBAC1,10422
gene_19028,UBAC2|337867,UBAC2,337867
gene_19029,UBAP1|51271,UBAP1,51271
gene_19030,UBAP2L|9898,UBAP2L,9898
gene_19031,UBAP2|55833,UBAP2,55833
gene_19032,UBASH3A|53347,UBASH3A,53347
gene_19033,UBASH3B|84959,UBASH3B,84959
gene_19034,UBB|7314,UBB,7314
gene_19035,UBC|7316,UBC,7316
gene_19036,UBD|10537,UBD,10537
gene_19037,UBE2A|7319,UBE2A,7319
gene_19038,UBE2B|7320,UBE2B,7320
gene_19039,UBE2CBP|90025,UBE2CBP,90025
gene_19040,UBE2C|11065,UBE2C,11065
gene_19041,UBE2D1|7321,UBE2D1,7321
gene_19042,UBE2D2|7322,UBE2D2,7322
gene_19043,UBE2D3|7323,UBE2D3,7323
gene_19044,UBE2D4|51619,UBE2D4,51619
gene_19045,UBE2DNL|100131816,UBE2DNL,100131816
gene_19046,UBE2E1|7324,UBE2E1,7324
gene_19047,UBE2E2|7325,UBE2E2,7325
gene_19048,UBE2E3|10477,UBE2E3,10477
gene_19049,UBE2F|140739,UBE2F,140739
gene_19050,UBE2G1|7326,UBE2G1,7326
gene_19051,UBE2G2|7327,UBE2G2,7327
gene_19052,UBE2H|7328,UBE2H,7328
gene_19053,UBE2I|7329,UBE2I,7329
gene_19054,UBE2J1|51465,UBE2J1,51465
gene_19055,UBE2J2|118424,UBE2J2,118424
gene_19056,UBE2K|3093,UBE2K,3093
gene_19057,UBE2L3|7332,UBE2L3,7332
gene_19058,UBE2L6|9246,UBE2L6,9246
gene_19059,UBE2MP1|606551,UBE2MP1,606551
gene_19060,UBE2M|9040,UBE2M,9040
gene_19061,UBE2NL|389898,UBE2NL,389898
gene_19062,UBE2N|7334,UBE2N,7334
gene_19063,UBE2O|63893,UBE2O,63893
gene_19064,UBE2Q1|55585,UBE2Q1,55585
gene_19065,UBE2Q2P1|388165,UBE2Q2P1,388165
gene_19066,UBE2Q2|92912,UBE2Q2,92912
gene_19067,UBE2QL1|134111,UBE2QL1,134111
gene_19068,UBE2R2|54926,UBE2R2,54926
gene_19069,UBE2S|27338,UBE2S,27338
gene_19070,UBE2T|29089,UBE2T,29089
gene_19071,UBE2U|148581,UBE2U,148581
gene_19072,UBE2V1|7335,UBE2V1,7335
gene_19073,UBE2V2|7336,UBE2V2,7336
gene_19074,UBE2W|55284,UBE2W,55284
gene_19075,UBE2Z|65264,UBE2Z,65264
gene_19076,UBE3A|7337,UBE3A,7337
gene_19077,UBE3B|89910,UBE3B,89910
gene_19078,UBE3C|9690,UBE3C,9690
gene_19079,UBE4A|9354,UBE4A,9354
gene_19080,UBE4B|10277,UBE4B,10277
gene_19081,UBFD1|56061,UBFD1,56061
gene_19082,UBIAD1|29914,UBIAD1,29914
gene_19083,UBL3|5412,UBL3,5412
gene_19084,UBL4A|8266,UBL4A,8266
gene_19085,UBL4B|164153,UBL4B,164153
gene_19086,UBL5|59286,UBL5,59286
gene_19087,UBL7|84993,UBL7,84993
gene_19088,UBLCP1|134510,UBLCP1,134510
gene_19089,UBN1|29855,UBN1,29855
gene_19090,UBN2|254048,UBN2,254048
gene_19091,UBOX5|22888,UBOX5,22888
gene_19092,UBP1|7342,UBP1,7342
gene_19093,UBQLN1|29979,UBQLN1,29979
gene_19094,UBQLN2|29978,UBQLN2,29978
gene_19095,UBQLN3|50613,UBQLN3,50613
gene_19096,UBQLN4|56893,UBQLN4,56893
gene_19097,UBQLNL|143630,UBQLNL,143630
gene_19098,UBR1|197131,UBR1,197131
gene_19099,UBR2|23304,UBR2,23304
gene_19100,UBR3|130507,UBR3,130507
gene_19101,UBR4|23352,UBR4,23352
gene_19102,UBR5|51366,UBR5,51366
gene_19103,UBR7|55148,UBR7,55148
gene_19104,UBTD1|80019,UBTD1,80019
gene_19105,UBTD2|92181,UBTD2,92181
gene_19106,UBTFL1|642623,UBTFL1,642623
gene_19107,UBTF|7343,UBTF,7343
gene_19108,UBXN10|127733,UBXN10,127733
gene_19109,UBXN11|91544,UBXN11,91544
gene_19110,UBXN1|51035,UBXN1,51035
gene_19111,UBXN2A|165324,UBXN2A,165324
gene_19112,UBXN2B|137886,UBXN2B,137886
gene_19113,UBXN4|23190,UBXN4,23190
gene_19114,UBXN6|80700,UBXN6,80700
gene_19115,UBXN7|26043,UBXN7,26043
gene_19116,UBXN8|7993,UBXN8,7993
gene_19117,UCA1|652995,UCA1,652995
gene_19118,UCHL1|7345,UCHL1,7345
gene_19119,UCHL3|7347,UCHL3,7347
gene_19120,UCHL5|51377,UCHL5,51377
gene_19121,UCK1|83549,UCK1,83549
gene_19122,UCK2|7371,UCK2,7371
gene_19123,UCKL1AS|100113386,UCKL1AS,100113386
gene_19124,UCKL1|54963,UCKL1,54963
gene_19125,UCMA|221044,UCMA,221044
gene_19126,UCN2|90226,UCN2,90226
gene_19127,UCN3|114131,UCN3,114131
gene_19128,UCN|7349,UCN,7349
gene_19129,UCP1|7350,UCP1,7350
gene_19130,UCP2|7351,UCP2,7351
gene_19131,UCP3|7352,UCP3,7352
gene_19132,UEVLD|55293,UEVLD,55293
gene_19133,UFC1|51506,UFC1,51506
gene_19134,UFD1L|7353,UFD1L,7353
gene_19135,UFM1|51569,UFM1,51569
gene_19136,UFSP1|402682,UFSP1,402682
gene_19137,UFSP2|55325,UFSP2,55325
gene_19138,UGCG|7357,UGCG,7357
gene_19139,UGDH|7358,UGDH,7358
gene_19140,UGGT1|56886,UGGT1,56886
gene_19141,UGGT2|55757,UGGT2,55757
gene_19142,UGP2|7360,UGP2,7360
gene_19143,UGT1A10|54575,UGT1A10,54575
gene_19144,UGT1A1|54658,UGT1A1,54658
gene_19145,UGT1A3|54659,UGT1A3,54659
gene_19146,UGT1A4|54657,UGT1A4,54657
gene_19147,UGT1A5|54579,UGT1A5,54579
gene_19148,UGT1A6|54578,UGT1A6,54578
gene_19149,UGT1A7|54577,UGT1A7,54577
gene_19150,UGT1A8|54576,UGT1A8,54576
gene_19151,UGT1A9|54600,UGT1A9,54600
gene_19152,UGT2A1|10941,UGT2A1,10941
gene_19153,UGT2A3|79799,UGT2A3,79799
gene_19154,UGT2B10|7365,UGT2B10,7365
gene_19155,UGT2B11|10720,UGT2B11,10720
gene_19156,UGT2B15|7366,UGT2B15,7366
gene_19157,UGT2B28|54490,UGT2B28,54490
gene_19158,UGT2B4|7363,UGT2B4,7363
gene_19159,UGT2B7|7364,UGT2B7,7364
gene_19160,UGT3A1|133688,UGT3A1,133688
gene_19161,UGT3A2|167127,UGT3A2,167127
gene_19162,UGT8|7368,UGT8,7368
gene_19163,UHMK1|127933,UHMK1,127933
gene_19164,UHRF1BP1L|23074,UHRF1BP1L,23074
gene_19165,UHRF1BP1|54887,UHRF1BP1,54887
gene_19166,UHRF1|29128,UHRF1,29128
gene_19167,UHRF2|115426,UHRF2,115426
gene_19168,UIMC1|51720,UIMC1,51720
gene_19169,ULBP1|80329,ULBP1,80329
gene_19170,ULBP2|80328,ULBP2,80328
gene_19171,ULBP3|79465,ULBP3,79465
gene_19172,ULK1|8408,ULK1,8408
gene_19173,ULK2|9706,ULK2,9706
gene_19174,ULK3|25989,ULK3,25989
gene_19175,ULK4|54986,ULK4,54986
gene_19176,UMODL1|89766,UMODL1,89766
gene_19177,UMOD|7369,UMOD,7369
gene_19178,UMPS|7372,UMPS,7372
gene_19179,UNC119B|84747,UNC119B,84747
gene_19180,UNC119|9094,UNC119,9094
gene_19181,UNC13A|23025,UNC13A,23025
gene_19182,UNC13B|10497,UNC13B,10497
gene_19183,UNC13C|440279,UNC13C,440279
gene_19184,UNC13D|201294,UNC13D,201294
gene_19185,UNC45A|55898,UNC45A,55898
gene_19186,UNC45B|146862,UNC45B,146862
gene_19187,UNC50|25972,UNC50,25972
gene_19188,UNC5A|90249,UNC5A,90249
gene_19189,UNC5B|219699,UNC5B,219699
gene_19190,UNC5CL|222643,UNC5CL,222643
gene_19191,UNC5C|8633,UNC5C,8633
gene_19192,UNC5D|137970,UNC5D,137970
gene_19193,UNC80|285175,UNC80,285175
gene_19194,UNC93A|54346,UNC93A,54346
gene_19195,UNC93B1|81622,UNC93B1,81622
gene_19196,UNCX|340260,UNCX,340260
gene_19197,UNG|7374,UNG,7374
gene_19198,UNKL|64718,UNKL,64718
gene_19199,UNK|85451,UNK,85451
gene_19200,UOX|391051,UOX,391051
gene_19201,UPB1|51733,UPB1,51733
gene_19202,UPF0639|400224,UPF0639,400224
gene_19203,UPF1|5976,UPF1,5976
gene_19204,UPF2|26019,UPF2,26019
gene_19205,UPF3A|65110,UPF3A,65110
gene_19206,UPF3B|65109,UPF3B,65109
gene_19207,UPK1A|11045,UPK1A,11045
gene_19208,UPK1B|7348,UPK1B,7348
gene_19209,UPK2|7379,UPK2,7379
gene_19210,UPK3A|7380,UPK3A,7380
gene_19211,UPK3BL|100134938,UPK3BL,100134938
gene_19212,UPK3B|80761,UPK3B,80761
gene_19213,UPP1|7378,UPP1,7378
gene_19214,UPP2|151531,UPP2,151531
gene_19215,UPRT|139596,UPRT,139596
gene_19216,UQCC|55245,UQCC,55245
gene_19217,UQCR10|29796,UQCR10,29796
gene_19218,UQCR11|10975,UQCR11,10975
gene_19219,UQCRB|7381,UQCRB,7381
gene_19220,UQCRC1|7384,UQCRC1,7384
gene_19221,UQCRC2|7385,UQCRC2,7385
gene_19222,UQCRFS1|7386,UQCRFS1,7386
gene_19223,UQCRHL|440567,UQCRHL,440567
gene_19224,UQCRH|7388,UQCRH,7388
gene_19225,UQCRQ|27089,UQCRQ,27089
gene_19226,URB1|9875,URB1,9875
gene_19227,URB2|9816,URB2,9816
gene_19228,URGCP|55665,URGCP,55665
gene_19229,URM1|81605,URM1,81605
gene_19230,UROC1|131669,UROC1,131669
gene_19231,UROD|7389,UROD,7389
gene_19232,UROS|7390,UROS,7390
gene_19233,USE1|55850,USE1,55850
gene_19234,USF1|7391,USF1,7391
gene_19235,USF2|7392,USF2,7392
gene_19236,USH1C|10083,USH1C,10083
gene_19237,USH1G|124590,USH1G,124590
gene_19238,USH2A|7399,USH2A,7399
gene_19239,USHBP1|83878,USHBP1,83878
gene_19240,USMG5|84833,USMG5,84833
gene_19241,USO1|8615,USO1,8615
gene_19242,USP10|9100,USP10,9100
gene_19243,USP11|8237,USP11,8237
gene_19244,USP12|219333,USP12,219333
gene_19245,USP13|8975,USP13,8975
gene_19246,USP14|9097,USP14,9097
gene_19247,USP15|9958,USP15,9958
gene_19248,USP16|10600,USP16,10600
gene_19249,USP17L2|377630,USP17L2,377630
gene_19250,USP17L6P|391622,USP17L6P,391622
gene_19251,USP17|391627,USP17,391627
gene_19252,USP18|11274,USP18,11274
gene_19253,USP19|10869,USP19,10869
gene_19254,USP1|7398,USP1,7398
gene_19255,USP20|10868,USP20,10868
gene_19256,USP21|27005,USP21,27005
gene_19257,USP22|23326,USP22,23326
gene_19258,USP24|23358,USP24,23358
gene_19259,USP25|29761,USP25,29761
gene_19260,USP26|83844,USP26,83844
gene_19261,USP27X|389856,USP27X,389856
gene_19262,USP28|57646,USP28,57646
gene_19263,USP29|57663,USP29,57663
gene_19264,USP2|9099,USP2,9099
gene_19265,USP30|84749,USP30,84749
gene_19266,USP31|57478,USP31,57478
gene_19267,USP32|84669,USP32,84669
gene_19268,USP33|23032,USP33,23032
gene_19269,USP34|9736,USP34,9736
gene_19270,USP35|57558,USP35,57558
gene_19271,USP36|57602,USP36,57602
gene_19272,USP37|57695,USP37,57695
gene_19273,USP38|84640,USP38,84640
gene_19274,USP39|10713,USP39,10713
gene_19275,USP3|9960,USP3,9960
gene_19276,USP40|55230,USP40,55230
gene_19277,USP42|84132,USP42,84132
gene_19278,USP43|124739,USP43,124739
gene_19279,USP44|84101,USP44,84101
gene_19280,USP45|85015,USP45,85015
gene_19281,USP46|64854,USP46,64854
gene_19282,USP47|55031,USP47,55031
gene_19283,USP48|84196,USP48,84196
gene_19284,USP49|25862,USP49,25862
gene_19285,USP4|7375,USP4,7375
gene_19286,USP50|373509,USP50,373509
gene_19287,USP51|158880,USP51,158880
gene_19288,USP53|54532,USP53,54532
gene_19289,USP54|159195,USP54,159195
gene_19290,USP5|8078,USP5,8078
gene_19291,USP6NL|9712,USP6NL,9712
gene_19292,USP6|9098,USP6,9098
gene_19293,USP7|7874,USP7,7874
gene_19294,USP8|9101,USP8,9101
gene_19295,USP9X|8239,USP9X,8239
gene_19296,USP9Y|8287,USP9Y,8287
gene_19297,USPL1|10208,USPL1,10208
gene_19298,UST|10090,UST,10090
gene_19299,UTF1|8433,UTF1,8433
gene_19300,UTP11L|51118,UTP11L,51118
gene_19301,UTP14A|10813,UTP14A,10813
gene_19302,UTP14C|9724,UTP14C,9724
gene_19303,UTP15|84135,UTP15,84135
gene_19304,UTP18|51096,UTP18,51096
gene_19305,UTP20|27340,UTP20,27340
gene_19306,UTP23|84294,UTP23,84294
gene_19307,UTP3|57050,UTP3,57050
gene_19308,UTP6|55813,UTP6,55813
gene_19309,UTRN|7402,UTRN,7402
gene_19310,UTS2D|257313,UTS2D,257313
gene_19311,UTS2R|2837,UTS2R,2837
gene_19312,UTS2|10911,UTS2,10911
gene_19313,UTY|7404,UTY,7404
gene_19314,UVRAG|7405,UVRAG,7405
gene_19315,UXS1|80146,UXS1,80146
gene_19316,UXT|8409,UXT,8409
gene_19317,VAC14|55697,VAC14,55697
gene_19318,VAMP1|6843,VAMP1,6843
gene_19319,VAMP2|6844,VAMP2,6844
gene_19320,VAMP3|9341,VAMP3,9341
gene_19321,VAMP4|8674,VAMP4,8674
gene_19322,VAMP5|10791,VAMP5,10791
gene_19323,VAMP7|6845,VAMP7,6845
gene_19324,VAMP8|8673,VAMP8,8673
gene_19325,VANGL1|81839,VANGL1,81839
gene_19326,VANGL2|57216,VANGL2,57216
gene_19327,VAPA|9218,VAPA,9218
gene_19328,VAPB|9217,VAPB,9217
gene_19329,VARS2|57176,VARS2,57176
gene_19330,VARS|7407,VARS,7407
gene_19331,VASH1|22846,VASH1,22846
gene_19332,VASH2|79805,VASH2,79805
gene_19333,VASN|114990,VASN,114990
gene_19334,VASP|7408,VASP,7408
gene_19335,VAT1L|57687,VAT1L,57687
gene_19336,VAT1|10493,VAT1,10493
gene_19337,VAV1|7409,VAV1,7409
gene_19338,VAV2|7410,VAV2,7410
gene_19339,VAV3|10451,VAV3,10451
gene_19340,VAX1|11023,VAX1,11023
gene_19341,VAX2|25806,VAX2,25806
gene_19342,VBP1|7411,VBP1,7411
gene_19343,VCAM1|7412,VCAM1,7412
gene_19344,VCAN|1462,VCAN,1462
gene_19345,VCL|7414,VCL,7414
gene_19346,VCPIP1|80124,VCPIP1,80124
gene_19347,VCP|7415,VCP,7415
gene_19348,VCX2|51480,VCX2,51480
gene_19349,VCX3A|51481,VCX3A,51481
gene_19350,VCX3B|425054,VCX3B,425054
gene_19351,VCX|26609,VCX,26609
gene_19352,VCY|9084,VCY,9084
gene_19353,VDAC1|7416,VDAC1,7416
gene_19354,VDAC2|7417,VDAC2,7417
gene_19355,VDAC3|7419,VDAC3,7419
gene_19356,VDR|7421,VDR,7421
gene_19357,VEGFA|7422,VEGFA,7422
gene_19358,VEGFB|7423,VEGFB,7423
gene_19359,VEGFC|7424,VEGFC,7424
gene_19360,VENTXP1|139538,VENTXP1,139538
gene_19361,VENTXP7|391518,VENTXP7,391518
gene_19362,VENTX|27287,VENTX,27287
gene_19363,VEPH1|79674,VEPH1,79674
gene_19364,VEZF1|7716,VEZF1,7716
gene_19365,VEZT|55591,VEZT,55591
gene_19366,VGF|7425,VGF,7425
gene_19367,VGLL1|51442,VGLL1,51442
gene_19368,VGLL2|245806,VGLL2,245806
gene_19369,VGLL3|389136,VGLL3,389136
gene_19370,VGLL4|9686,VGLL4,9686
gene_19371,VHLL|391104,VHLL,391104
gene_19372,VHL|7428,VHL,7428
gene_19373,VIL1|7429,VIL1,7429
gene_19374,VILL|50853,VILL,50853
gene_19375,VIM|7431,VIM,7431
gene_19376,VIPAR|63894,VIPAR,63894
gene_19377,VIPR1|7433,VIPR1,7433
gene_19378,VIPR2|7434,VIPR2,7434
gene_19379,VIP|7432,VIP,7432
gene_19380,VIT|5212,VIT,5212
gene_19381,VKORC1L1|154807,VKORC1L1,154807
gene_19382,VKORC1|79001,VKORC1,79001
gene_19383,VLDLR|7436,VLDLR,7436
gene_19384,VMA21|203547,VMA21,203547
gene_19385,VMAC|400673,VMAC,400673
gene_19386,VMO1|284013,VMO1,284013
gene_19387,VN1R1|57191,VN1R1,57191
gene_19388,VN1R2|317701,VN1R2,317701
gene_19389,VN1R4|317703,VN1R4,317703
gene_19390,VN1R5|317705,VN1R5,317705
gene_19391,VNN1|8876,VNN1,8876
gene_19392,VNN2|8875,VNN2,8875
gene_19393,VNN3|55350,VNN3,55350
gene_19394,VOPP1|81552,VOPP1,81552
gene_19395,VPRBP|9730,VPRBP,9730
gene_19396,VPREB1|7441,VPREB1,7441
gene_19397,VPREB3|29802,VPREB3,29802
gene_19398,VPS11|55823,VPS11,55823
gene_19399,VPS13A|23230,VPS13A,23230
gene_19400,VPS13B|157680,VPS13B,157680
gene_19401,VPS13C|54832,VPS13C,54832
gene_19402,VPS13D|55187,VPS13D,55187
gene_19403,VPS16|64601,VPS16,64601
gene_19404,VPS18|57617,VPS18,57617
gene_19405,VPS24|51652,VPS24,51652
gene_19406,VPS25|84313,VPS25,84313
gene_19407,VPS26A|9559,VPS26A,9559
gene_19408,VPS26B|112936,VPS26B,112936
gene_19409,VPS28|51160,VPS28,51160
gene_19410,VPS29|51699,VPS29,51699
gene_19411,VPS33A|65082,VPS33A,65082
gene_19412,VPS33B|26276,VPS33B,26276
gene_19413,VPS35|55737,VPS35,55737
gene_19414,VPS36|51028,VPS36,51028
gene_19415,VPS37A|137492,VPS37A,137492
gene_19416,VPS37B|79720,VPS37B,79720
gene_19417,VPS37C|55048,VPS37C,55048
gene_19418,VPS37D|155382,VPS37D,155382
gene_19419,VPS39|23339,VPS39,23339
gene_19420,VPS41|27072,VPS41,27072
gene_19421,VPS45|11311,VPS45,11311
gene_19422,VPS4A|27183,VPS4A,27183
gene_19423,VPS4B|9525,VPS4B,9525
gene_19424,VPS52|6293,VPS52,6293
gene_19425,VPS53|55275,VPS53,55275
gene_19426,VPS54|51542,VPS54,51542
gene_19427,VPS72|6944,VPS72,6944
gene_19428,VPS8|23355,VPS8,23355
gene_19429,VRK1|7443,VRK1,7443
gene_19430,VRK2|7444,VRK2,7444
gene_19431,VRK3|51231,VRK3,51231
gene_19432,VSIG10L|147645,VSIG10L,147645
gene_19433,VSIG10|54621,VSIG10,54621
gene_19434,VSIG1|340547,VSIG1,340547
gene_19435,VSIG2|23584,VSIG2,23584
gene_19436,VSIG4|11326,VSIG4,11326
gene_19437,VSIG8|391123,VSIG8,391123
gene_19438,VSNL1|7447,VSNL1,7447
gene_19439,VSTM1|284415,VSTM1,284415
gene_19440,VSTM2A|222008,VSTM2A,222008
gene_19441,VSTM2B|342865,VSTM2B,342865
gene_19442,VSTM2L|128434,VSTM2L,128434
gene_19443,VSX1|30813,VSX1,30813
gene_19444,VSX2|338917,VSX2,338917
gene_19445,VTA1|51534,VTA1,51534
gene_19446,VTCN1|79679,VTCN1,79679
gene_19447,VTI1A|143187,VTI1A,143187
gene_19448,VTI1B|10490,VTI1B,10490
gene_19449,VTN|7448,VTN,7448
gene_19450,VTRNA1-1|56664,VTRNA1-1,56664
gene_19451,VTRNA1-2|56663,VTRNA1-2,56663
gene_19452,VTRNA1-3|56662,VTRNA1-3,56662
gene_19453,VWA1|64856,VWA1,64856
gene_19454,VWA2|340706,VWA2,340706
gene_19455,VWA3A|146177,VWA3A,146177
gene_19456,VWA3B|200403,VWA3B,200403
gene_19457,VWA5A|4013,VWA5A,4013
gene_19458,VWA5B1|127731,VWA5B1,127731
gene_19459,VWA5B2|90113,VWA5B2,90113
gene_19460,VWC2L|402117,VWC2L,402117
gene_19461,VWC2|375567,VWC2,375567
gene_19462,VWCE|220001,VWCE,220001
gene_19463,VWDE|221806,VWDE,221806
gene_19464,VWF|7450,VWF,7450
gene_19465,WAC|51322,WAC,51322
gene_19466,WAPAL|23063,WAPAL,23063
gene_19467,WARS2|10352,WARS2,10352
gene_19468,WARS|7453,WARS,7453
gene_19469,WASF1|8936,WASF1,8936
gene_19470,WASF2|10163,WASF2,10163
gene_19471,WASF3|10810,WASF3,10810
gene_19472,WASH2P|375260,WASH2P,375260
gene_19473,WASH3P|374666,WASH3P,374666
gene_19474,WASH5P|375690,WASH5P,375690
gene_19475,WASH7P|653635,WASH7P,653635
gene_19476,WASL|8976,WASL,8976
gene_19477,WAS|7454,WAS,7454
gene_19478,WBP11P1|441818,WBP11P1,441818
gene_19479,WBP11|51729,WBP11,51729
gene_19480,WBP1|23559,WBP1,23559
gene_19481,WBP2NL|164684,WBP2NL,164684
gene_19482,WBP2|23558,WBP2,23558
gene_19483,WBP4|11193,WBP4,11193
gene_19484,WBP5|51186,WBP5,51186
gene_19485,WBSCR16|81554,WBSCR16,81554
gene_19486,WBSCR17|64409,WBSCR17,64409
gene_19487,WBSCR22|114049,WBSCR22,114049
gene_19488,WBSCR26|171022,WBSCR26,171022
gene_19489,WBSCR27|155368,WBSCR27,155368
gene_19490,WBSCR28|135886,WBSCR28,135886
gene_19491,WDFY1|57590,WDFY1,57590
gene_19492,WDFY2|115825,WDFY2,115825
gene_19493,WDFY3|23001,WDFY3,23001
gene_19494,WDFY4|57705,WDFY4,57705
gene_19495,WDHD1|11169,WDHD1,11169
gene_19496,WDR11|55717,WDR11,55717
gene_19497,WDR12|55759,WDR12,55759
gene_19498,WDR13|64743,WDR13,64743
gene_19499,WDR16|146845,WDR16,146845
gene_19500,WDR17|116966,WDR17,116966
gene_19501,WDR18|57418,WDR18,57418
gene_19502,WDR19|57728,WDR19,57728
gene_19503,WDR1|9948,WDR1,9948
gene_19504,WDR20|91833,WDR20,91833
gene_19505,WDR24|84219,WDR24,84219
gene_19506,WDR25|79446,WDR25,79446
gene_19507,WDR26|80232,WDR26,80232
gene_19508,WDR27|253769,WDR27,253769
gene_19509,WDR31|114987,WDR31,114987
gene_19510,WDR33|55339,WDR33,55339
gene_19511,WDR34|89891,WDR34,89891
gene_19512,WDR35|57539,WDR35,57539
gene_19513,WDR36|134430,WDR36,134430
gene_19514,WDR37|22884,WDR37,22884
gene_19515,WDR38|401551,WDR38,401551
gene_19516,WDR3|10885,WDR3,10885
gene_19517,WDR41|55255,WDR41,55255
gene_19518,WDR43|23160,WDR43,23160
gene_19519,WDR44|54521,WDR44,54521
gene_19520,WDR45L|56270,WDR45L,56270
gene_19521,WDR45|11152,WDR45,11152
gene_19522,WDR46|9277,WDR46,9277
gene_19523,WDR47|22911,WDR47,22911
gene_19524,WDR48|57599,WDR48,57599
gene_19525,WDR49|151790,WDR49,151790
gene_19526,WDR4|10785,WDR4,10785
gene_19527,WDR52|55779,WDR52,55779
gene_19528,WDR53|348793,WDR53,348793
gene_19529,WDR54|84058,WDR54,84058
gene_19530,WDR55|54853,WDR55,54853
gene_19531,WDR59|79726,WDR59,79726
gene_19532,WDR5B|54554,WDR5B,54554
gene_19533,WDR5|11091,WDR5,11091
gene_19534,WDR60|55112,WDR60,55112
gene_19535,WDR61|80349,WDR61,80349
gene_19536,WDR62|284403,WDR62,284403
gene_19537,WDR63|126820,WDR63,126820
gene_19538,WDR64|128025,WDR64,128025
gene_19539,WDR65|149465,WDR65,149465
gene_19540,WDR66|144406,WDR66,144406
gene_19541,WDR67|93594,WDR67,93594
gene_19542,WDR69|164781,WDR69,164781
gene_19543,WDR6|11180,WDR6,11180
gene_19544,WDR70|55100,WDR70,55100
gene_19545,WDR72|256764,WDR72,256764
gene_19546,WDR73|84942,WDR73,84942
gene_19547,WDR74|54663,WDR74,54663
gene_19548,WDR75|84128,WDR75,84128
gene_19549,WDR76|79968,WDR76,79968
gene_19550,WDR77|79084,WDR77,79084
gene_19551,WDR78|79819,WDR78,79819
gene_19552,WDR7|23335,WDR7,23335
gene_19553,WDR81|124997,WDR81,124997
gene_19554,WDR82|80335,WDR82,80335
gene_19555,WDR83|84292,WDR83,84292
gene_19556,WDR85|92715,WDR85,92715
gene_19557,WDR86|349136,WDR86,349136
gene_19558,WDR87|83889,WDR87,83889
gene_19559,WDR88|126248,WDR88,126248
gene_19560,WDR89|112840,WDR89,112840
gene_19561,WDR8|49856,WDR8,49856
gene_19562,WDR90|197335,WDR90,197335
gene_19563,WDR91|29062,WDR91,29062
gene_19564,WDR92|116143,WDR92,116143
gene_19565,WDR93|56964,WDR93,56964
gene_19566,WDSUB1|151525,WDSUB1,151525
gene_19567,WDTC1|23038,WDTC1,23038
gene_19568,WDYHV1|55093,WDYHV1,55093
gene_19569,WEE1|7465,WEE1,7465
gene_19570,WEE2|494551,WEE2,494551
gene_19571,WFDC10A|140832,WFDC10A,140832
gene_19572,WFDC10B|280664,WFDC10B,280664
gene_19573,WFDC11|259239,WFDC11,259239
gene_19574,WFDC12|128488,WFDC12,128488
gene_19575,WFDC13|164237,WFDC13,164237
gene_19576,WFDC1|58189,WFDC1,58189
gene_19577,WFDC2|10406,WFDC2,10406
gene_19578,WFDC3|140686,WFDC3,140686
gene_19579,WFDC5|149708,WFDC5,149708
gene_19580,WFDC6|140870,WFDC6,140870
gene_19581,WFDC8|90199,WFDC8,90199
gene_19582,WFDC9|259240,WFDC9,259240
gene_19583,WFIKKN1|117166,WFIKKN1,117166
gene_19584,WFIKKN2|124857,WFIKKN2,124857
gene_19585,WFS1|7466,WFS1,7466
gene_19586,WHAMML1|339005,WHAMML1,339005
gene_19587,WHAMML2|440253,WHAMML2,440253
gene_19588,WHAMM|123720,WHAMM,123720
gene_19589,WHSC1L1|54904,WHSC1L1,54904
gene_19590,WHSC1|7468,WHSC1,7468
gene_19591,WHSC2|7469,WHSC2,7469
gene_19592,WIBG|84305,WIBG,84305
gene_19593,WIF1|11197,WIF1,11197
gene_19594,WIPF1|7456,WIPF1,7456
gene_19595,WIPF2|147179,WIPF2,147179
gene_19596,WIPF3|644150,WIPF3,644150
gene_19597,WIPI1|55062,WIPI1,55062
gene_19598,WIPI2|26100,WIPI2,26100
gene_19599,WISP1|8840,WISP1,8840
gene_19600,WISP2|8839,WISP2,8839
gene_19601,WISP3|8838,WISP3,8838
gene_19602,WIT1|51352,WIT1,51352
gene_19603,WIZ|58525,WIZ,58525
gene_19604,WLS|79971,WLS,79971
gene_19605,WNK1|65125,WNK1,65125
gene_19606,WNK2|65268,WNK2,65268
gene_19607,WNK3|65267,WNK3,65267
gene_19608,WNK4|65266,WNK4,65266
gene_19609,WNT10A|80326,WNT10A,80326
gene_19610,WNT10B|7480,WNT10B,7480
gene_19611,WNT11|7481,WNT11,7481
gene_19612,WNT16|51384,WNT16,51384
gene_19613,WNT1|7471,WNT1,7471
gene_19614,WNT2B|7482,WNT2B,7482
gene_19615,WNT2|7472,WNT2,7472
gene_19616,WNT3A|89780,WNT3A,89780
gene_19617,WNT3|7473,WNT3,7473
gene_19618,WNT4|54361,WNT4,54361
gene_19619,WNT5A|7474,WNT5A,7474
gene_19620,WNT5B|81029,WNT5B,81029
gene_19621,WNT6|7475,WNT6,7475
gene_19622,WNT7A|7476,WNT7A,7476
gene_19623,WNT7B|7477,WNT7B,7477
gene_19624,WNT8A|7478,WNT8A,7478
gene_19625,WNT8B|7479,WNT8B,7479
gene_19626,WNT9A|7483,WNT9A,7483
gene_19627,WNT9B|7484,WNT9B,7484
gene_19628,WRAP53|55135,WRAP53,55135
gene_19629,WRB|7485,WRB,7485
gene_19630,WRNIP1|56897,WRNIP1,56897
gene_19631,WRN|7486,WRN,7486
gene_19632,WSB1|26118,WSB1,26118
gene_19633,WSB2|55884,WSB2,55884
gene_19634,WSCD1|23302,WSCD1,23302
gene_19635,WSCD2|9671,WSCD2,9671
gene_19636,WT1|7490,WT1,7490
gene_19637,WTAP|9589,WTAP,9589
gene_19638,WTIP|126374,WTIP,126374
gene_19639,WWC1|23286,WWC1,23286
gene_19640,WWC2|80014,WWC2,80014
gene_19641,WWC3|55841,WWC3,55841
gene_19642,WWOX|51741,WWOX,51741
gene_19643,WWP1|11059,WWP1,11059
gene_19644,WWP2|11060,WWP2,11060
gene_19645,WWTR1|25937,WWTR1,25937
gene_19646,XAB2|56949,XAB2,56949
gene_19647,XAF1|54739,XAF1,54739
gene_19648,XAGE1D|9503,XAGE1D,9503
gene_19649,XAGE2|9502,XAGE2,9502
gene_19650,XAGE3|170626,XAGE3,170626
gene_19651,XAGE5|170627,XAGE5,170627
gene_19652,XBP1|7494,XBP1,7494
gene_19653,XCL1|6375,XCL1,6375
gene_19654,XCL2|6846,XCL2,6846
gene_19655,XCR1|2829,XCR1,2829
gene_19656,XDH|7498,XDH,7498
gene_19657,XG|7499,XG,7499
gene_19658,XIAP|331,XIAP,331
gene_19659,XIRP1|165904,XIRP1,165904
gene_19660,XIRP2|129446,XIRP2,129446
gene_19661,XIST|7503,XIST,7503
gene_19662,XKR3|150165,XKR3,150165
gene_19663,XKR4|114786,XKR4,114786
gene_19664,XKR5|389610,XKR5,389610
gene_19665,XKR6|286046,XKR6,286046
gene_19666,XKR7|343702,XKR7,343702
gene_19667,XKR8|55113,XKR8,55113
gene_19668,XKR9|389668,XKR9,389668
gene_19669,XKRX|402415,XKRX,402415
gene_19670,XKRY2|353515,XKRY2,353515
gene_19671,XKRY|9082,XKRY,9082
gene_19672,XK|7504,XK,7504
gene_19673,XPA|7507,XPA,7507
gene_19674,XPC|7508,XPC,7508
gene_19675,XPNPEP1|7511,XPNPEP1,7511
gene_19676,XPNPEP2|7512,XPNPEP2,7512
gene_19677,XPNPEP3|63929,XPNPEP3,63929
gene_19678,XPO1|7514,XPO1,7514
gene_19679,XPO4|64328,XPO4,64328
gene_19680,XPO5|57510,XPO5,57510
gene_19681,XPO6|23214,XPO6,23214
gene_19682,XPO7|23039,XPO7,23039
gene_19683,XPOT|11260,XPOT,11260
gene_19684,XPR1|9213,XPR1,9213
gene_19685,XRCC1|7515,XRCC1,7515
gene_19686,XRCC2|7516,XRCC2,7516
gene_19687,XRCC3|7517,XRCC3,7517
gene_19688,XRCC4|7518,XRCC4,7518
gene_19689,XRCC5|7520,XRCC5,7520
gene_19690,XRCC6BP1|91419,XRCC6BP1,91419
gene_19691,XRCC6|2547,XRCC6,2547
gene_19692,XRN1|54464,XRN1,54464
gene_19693,XRN2|22803,XRN2,22803
gene_19694,XRRA1|143570,XRRA1,143570
gene_19695,XYLB|9942,XYLB,9942
gene_19696,XYLT1|64131,XYLT1,64131
gene_19697,XYLT2|64132,XYLT2,64132
gene_19698,YAF2|10138,YAF2,10138
gene_19699,YAP1|10413,YAP1,10413
gene_19700,YARS2|51067,YARS2,51067
gene_19701,YARS|8565,YARS,8565
gene_19702,YBX1|4904,YBX1,4904
gene_19703,YBX2|51087,YBX2,51087
gene_19704,YDJC|150223,YDJC,150223
gene_19705,YEATS2|55689,YEATS2,55689
gene_19706,YEATS4|8089,YEATS4,8089
gene_19707,YES1|7525,YES1,7525
gene_19708,YIF1A|10897,YIF1A,10897
gene_19709,YIF1B|90522,YIF1B,90522
gene_19710,YIPF1|54432,YIPF1,54432
gene_19711,YIPF2|78992,YIPF2,78992
gene_19712,YIPF3|25844,YIPF3,25844
gene_19713,YIPF4|84272,YIPF4,84272
gene_19714,YIPF5|81555,YIPF5,81555
gene_19715,YIPF6|286451,YIPF6,286451
gene_19716,YIPF7|285525,YIPF7,285525
gene_19717,YJEFN3|374887,YJEFN3,374887
gene_19718,YKT6|10652,YKT6,10652
gene_19719,YLPM1|56252,YLPM1,56252
gene_19720,YME1L1|10730,YME1L1,10730
gene_19721,YOD1|55432,YOD1,55432
gene_19722,YPEL1|29799,YPEL1,29799
gene_19723,YPEL2|388403,YPEL2,388403
gene_19724,YPEL3|83719,YPEL3,83719
gene_19725,YPEL4|219539,YPEL4,219539
gene_19726,YPEL5|51646,YPEL5,51646
gene_19727,YRDC|79693,YRDC,79693
gene_19728,YSK4|80122,YSK4,80122
gene_19729,YTHDC1|91746,YTHDC1,91746
gene_19730,YTHDC2|64848,YTHDC2,64848
gene_19731,YTHDF1|54915,YTHDF1,54915
gene_19732,YTHDF2|51441,YTHDF2,51441
gene_19733,YTHDF3|253943,YTHDF3,253943
gene_19734,YWHAB|7529,YWHAB,7529
gene_19735,YWHAE|7531,YWHAE,7531
gene_19736,YWHAG|7532,YWHAG,7532
gene_19737,YWHAH|7533,YWHAH,7533
gene_19738,YWHAQ|10971,YWHAQ,10971
gene_19739,YWHAZ|7534,YWHAZ,7534
gene_19740,YY1AP1|55249,YY1AP1,55249
gene_19741,YY1|7528,YY1,7528
gene_19742,YY2|404281,YY2,404281
gene_19743,ZACN|353174,ZACN,353174
gene_19744,ZADH2|284273,ZADH2,284273
gene_19745,ZAK|51776,ZAK,51776
gene_19746,ZAN|7455,ZAN,7455
gene_19747,ZAP70|7535,ZAP70,7535
gene_19748,ZAR1L|646799,ZAR1L,646799
gene_19749,ZAR1|326340,ZAR1,326340
gene_19750,ZBBX|79740,ZBBX,79740
gene_19751,ZBED1|9189,ZBED1,9189
gene_19752,ZBED2|79413,ZBED2,79413
gene_19753,ZBED3|84327,ZBED3,84327
gene_19754,ZBED4|9889,ZBED4,9889
gene_19755,ZBED5|58486,ZBED5,58486
gene_19756,ZBP1|81030,ZBP1,81030
gene_19757,ZBTB10|65986,ZBTB10,65986
gene_19758,ZBTB11|27107,ZBTB11,27107
gene_19759,ZBTB12|221527,ZBTB12,221527
gene_19760,ZBTB16|7704,ZBTB16,7704
gene_19761,ZBTB17|7709,ZBTB17,7709
gene_19762,ZBTB1|22890,ZBTB1,22890
gene_19763,ZBTB20|26137,ZBTB20,26137
gene_19764,ZBTB22|9278,ZBTB22,9278
gene_19765,ZBTB24|9841,ZBTB24,9841
gene_19766,ZBTB25|7597,ZBTB25,7597
gene_19767,ZBTB26|57684,ZBTB26,57684
gene_19768,ZBTB2|57621,ZBTB2,57621
gene_19769,ZBTB32|27033,ZBTB32,27033
gene_19770,ZBTB33|10009,ZBTB33,10009
gene_19771,ZBTB34|403341,ZBTB34,403341
gene_19772,ZBTB37|84614,ZBTB37,84614
gene_19773,ZBTB38|253461,ZBTB38,253461
gene_19774,ZBTB39|9880,ZBTB39,9880
gene_19775,ZBTB3|79842,ZBTB3,79842
gene_19776,ZBTB40|9923,ZBTB40,9923
gene_19777,ZBTB41|360023,ZBTB41,360023
gene_19778,ZBTB42|100128927,ZBTB42,100128927
gene_19779,ZBTB43|23099,ZBTB43,23099
gene_19780,ZBTB44|29068,ZBTB44,29068
gene_19781,ZBTB45|84878,ZBTB45,84878
gene_19782,ZBTB46|140685,ZBTB46,140685
gene_19783,ZBTB47|92999,ZBTB47,92999
gene_19784,ZBTB48|3104,ZBTB48,3104
gene_19785,ZBTB49|166793,ZBTB49,166793
gene_19786,ZBTB4|57659,ZBTB4,57659
gene_19787,ZBTB5|9925,ZBTB5,9925
gene_19788,ZBTB6|10773,ZBTB6,10773
gene_19789,ZBTB7A|51341,ZBTB7A,51341
gene_19790,ZBTB7B|51043,ZBTB7B,51043
gene_19791,ZBTB7C|201501,ZBTB7C,201501
gene_19792,ZBTB8A|653121,ZBTB8A,653121
gene_19793,ZBTB8B|728116,ZBTB8B,728116
gene_19794,ZBTB8OS|339487,ZBTB8OS,339487
gene_19795,ZBTB9|221504,ZBTB9,221504
gene_19796,ZC3H10|84872,ZC3H10,84872
gene_19797,ZC3H11A|9877,ZC3H11A,9877
gene_19798,ZC3H12A|80149,ZC3H12A,80149
gene_19799,ZC3H12B|340554,ZC3H12B,340554
gene_19800,ZC3H12C|85463,ZC3H12C,85463
gene_19801,ZC3H12D|340152,ZC3H12D,340152
gene_19802,ZC3H13|23091,ZC3H13,23091
gene_19803,ZC3H14|79882,ZC3H14,79882
gene_19804,ZC3H15|55854,ZC3H15,55854
gene_19805,ZC3H18|124245,ZC3H18,124245
gene_19806,ZC3H3|23144,ZC3H3,23144
gene_19807,ZC3H4|23211,ZC3H4,23211
gene_19808,ZC3H6|376940,ZC3H6,376940
gene_19809,ZC3H7A|29066,ZC3H7A,29066
gene_19810,ZC3H7B|23264,ZC3H7B,23264
gene_19811,ZC3H8|84524,ZC3H8,84524
gene_19812,ZC3HAV1L|92092,ZC3HAV1L,92092
gene_19813,ZC3HAV1|56829,ZC3HAV1,56829
gene_19814,ZC3HC1|51530,ZC3HC1,51530
gene_19815,ZC4H2|55906,ZC4H2,55906
gene_19816,ZCCHC10|54819,ZCCHC10,54819
gene_19817,ZCCHC11|23318,ZCCHC11,23318
gene_19818,ZCCHC12|170261,ZCCHC12,170261
gene_19819,ZCCHC13|389874,ZCCHC13,389874
gene_19820,ZCCHC14|23174,ZCCHC14,23174
gene_19821,ZCCHC16|340595,ZCCHC16,340595
gene_19822,ZCCHC17|51538,ZCCHC17,51538
gene_19823,ZCCHC18|644353,ZCCHC18,644353
gene_19824,ZCCHC24|219654,ZCCHC24,219654
gene_19825,ZCCHC2|54877,ZCCHC2,54877
gene_19826,ZCCHC3|85364,ZCCHC3,85364
gene_19827,ZCCHC4|29063,ZCCHC4,29063
gene_19828,ZCCHC5|203430,ZCCHC5,203430
gene_19829,ZCCHC6|79670,ZCCHC6,79670
gene_19830,ZCCHC7|84186,ZCCHC7,84186
gene_19831,ZCCHC8|55596,ZCCHC8,55596
gene_19832,ZCCHC9|84240,ZCCHC9,84240
gene_19833,ZCRB1|85437,ZCRB1,85437
gene_19834,ZCWPW1|55063,ZCWPW1,55063
gene_19835,ZCWPW2|152098,ZCWPW2,152098
gene_19836,ZDBF2|57683,ZDBF2,57683
gene_19837,ZDHHC11|79844,ZDHHC11,79844
gene_19838,ZDHHC12|84885,ZDHHC12,84885
gene_19839,ZDHHC13|54503,ZDHHC13,54503
gene_19840,ZDHHC14|79683,ZDHHC14,79683
gene_19841,ZDHHC15|158866,ZDHHC15,158866
gene_19842,ZDHHC16|84287,ZDHHC16,84287
gene_19843,ZDHHC17|23390,ZDHHC17,23390
gene_19844,ZDHHC18|84243,ZDHHC18,84243
gene_19845,ZDHHC19|131540,ZDHHC19,131540
gene_19846,ZDHHC1|29800,ZDHHC1,29800
gene_19847,ZDHHC20|253832,ZDHHC20,253832
gene_19848,ZDHHC21|340481,ZDHHC21,340481
gene_19849,ZDHHC22|283576,ZDHHC22,283576
gene_19850,ZDHHC23|254887,ZDHHC23,254887
gene_19851,ZDHHC24|254359,ZDHHC24,254359
gene_19852,ZDHHC2|51201,ZDHHC2,51201
gene_19853,ZDHHC3|51304,ZDHHC3,51304
gene_19854,ZDHHC4|55146,ZDHHC4,55146
gene_19855,ZDHHC5|25921,ZDHHC5,25921
gene_19856,ZDHHC6|64429,ZDHHC6,64429
gene_19857,ZDHHC7|55625,ZDHHC7,55625
gene_19858,ZDHHC8P1|150244,ZDHHC8P1,150244
gene_19859,ZDHHC8|29801,ZDHHC8,29801
gene_19860,ZDHHC9|51114,ZDHHC9,51114
gene_19861,ZEB1|6935,ZEB1,6935
gene_19862,ZEB2|9839,ZEB2,9839
gene_19863,ZER1|10444,ZER1,10444
gene_19864,ZFAND1|79752,ZFAND1,79752
gene_19865,ZFAND2A|90637,ZFAND2A,90637
gene_19866,ZFAND2B|130617,ZFAND2B,130617
gene_19867,ZFAND3|60685,ZFAND3,60685
gene_19868,ZFAND5|7763,ZFAND5,7763
gene_19869,ZFAND6|54469,ZFAND6,54469
gene_19870,ZFATAS|594840,ZFATAS,594840
gene_19871,ZFAT|57623,ZFAT,57623
gene_19872,ZFC3H1|196441,ZFC3H1,196441
gene_19873,ZFHX3|463,ZFHX3,463
gene_19874,ZFHX4|79776,ZFHX4,79776
gene_19875,ZFP106|64397,ZFP106,64397
gene_19876,ZFP112|7771,ZFP112,7771
gene_19877,ZFP14|57677,ZFP14,57677
gene_19878,ZFP161|7541,ZFP161,7541
gene_19879,ZFP1|162239,ZFP1,162239
gene_19880,ZFP28|140612,ZFP28,140612
gene_19881,ZFP2|80108,ZFP2,80108
gene_19882,ZFP30|22835,ZFP30,22835
gene_19883,ZFP36L1|677,ZFP36L1,677
gene_19884,ZFP36L2|678,ZFP36L2,678
gene_19885,ZFP36|7538,ZFP36,7538
gene_19886,ZFP37|7539,ZFP37,7539
gene_19887,ZFP3|124961,ZFP3,124961
gene_19888,ZFP41|286128,ZFP41,286128
gene_19889,ZFP42|132625,ZFP42,132625
gene_19890,ZFP57|346171,ZFP57,346171
gene_19891,ZFP62|643836,ZFP62,643836
gene_19892,ZFP64|55734,ZFP64,55734
gene_19893,ZFP82|284406,ZFP82,284406
gene_19894,ZFP90|146198,ZFP90,146198
gene_19895,ZFP91-CNTF|386607,ZFP91-CNTF,386607
gene_19896,ZFP91|80829,ZFP91,80829
gene_19897,ZFP92|139735,ZFP92,139735
gene_19898,ZFPL1|7542,ZFPL1,7542
gene_19899,ZFPM1|161882,ZFPM1,161882
gene_19900,ZFPM2|23414,ZFPM2,23414
gene_19901,ZFR2|23217,ZFR2,23217
gene_19902,ZFR|51663,ZFR,51663
gene_19903,ZFX|7543,ZFX,7543
gene_19904,ZFYVE16|9765,ZFYVE16,9765
gene_19905,ZFYVE19|84936,ZFYVE19,84936
gene_19906,ZFYVE1|53349,ZFYVE1,53349
gene_19907,ZFYVE20|64145,ZFYVE20,64145
gene_19908,ZFYVE21|79038,ZFYVE21,79038
gene_19909,ZFYVE26|23503,ZFYVE26,23503
gene_19910,ZFYVE27|118813,ZFYVE27,118813
gene_19911,ZFYVE28|57732,ZFYVE28,57732
gene_19912,ZFYVE9|9372,ZFYVE9,9372
gene_19913,ZFY|7544,ZFY,7544
gene_19914,ZG16B|124220,ZG16B,124220
gene_19915,ZG16|653808,ZG16,653808
gene_19916,ZGLP1|100125288,ZGLP1,100125288
gene_19917,ZGPAT|84619,ZGPAT,84619
gene_19918,ZHX1|11244,ZHX1,11244
gene_19919,ZHX2|22882,ZHX2,22882
gene_19920,ZHX3|23051,ZHX3,23051
gene_19921,ZIC1|7545,ZIC1,7545
gene_19922,ZIC2|7546,ZIC2,7546
gene_19923,ZIC3|7547,ZIC3,7547
gene_19924,ZIC4|84107,ZIC4,84107
gene_19925,ZIC5|85416,ZIC5,85416
gene_19926,ZIK1|284307,ZIK1,284307
gene_19927,ZIM2|23619,ZIM2,23619
gene_19928,ZIM3|114026,ZIM3,114026
gene_19929,ZKSCAN1|7586,ZKSCAN1,7586
gene_19930,ZKSCAN2|342357,ZKSCAN2,342357
gene_19931,ZKSCAN3|80317,ZKSCAN3,80317
gene_19932,ZKSCAN4|387032,ZKSCAN4,387032
gene_19933,ZKSCAN5|23660,ZKSCAN5,23660
gene_19934,ZMAT1|84460,ZMAT1,84460
gene_19935,ZMAT2|153527,ZMAT2,153527
gene_19936,ZMAT3|64393,ZMAT3,64393
gene_19937,ZMAT4|79698,ZMAT4,79698
gene_19938,ZMAT5|55954,ZMAT5,55954
gene_19939,ZMIZ1|57178,ZMIZ1,57178
gene_19940,ZMIZ2|83637,ZMIZ2,83637
gene_19941,ZMPSTE24|10269,ZMPSTE24,10269
gene_19942,ZMYM1|79830,ZMYM1,79830
gene_19943,ZMYM2|7750,ZMYM2,7750
gene_19944,ZMYM3|9203,ZMYM3,9203
gene_19945,ZMYM4|9202,ZMYM4,9202
gene_19946,ZMYM5|9205,ZMYM5,9205
gene_19947,ZMYM6|9204,ZMYM6,9204
gene_19948,ZMYND10|51364,ZMYND10,51364
gene_19949,ZMYND11|10771,ZMYND11,10771
gene_19950,ZMYND12|84217,ZMYND12,84217
gene_19951,ZMYND15|84225,ZMYND15,84225
gene_19952,ZMYND17|118490,ZMYND17,118490
gene_19953,ZMYND19|116225,ZMYND19,116225
gene_19954,ZMYND8|23613,ZMYND8,23613
gene_19955,ZNF100|163227,ZNF100,163227
gene_19956,ZNF101|94039,ZNF101,94039
gene_19957,ZNF107|51427,ZNF107,51427
gene_19958,ZNF10|7556,ZNF10,7556
gene_19959,ZNF114|163071,ZNF114,163071
gene_19960,ZNF117|51351,ZNF117,51351
gene_19961,ZNF121|7675,ZNF121,7675
gene_19962,ZNF124|7678,ZNF124,7678
gene_19963,ZNF12|7559,ZNF12,7559
gene_19964,ZNF131|7690,ZNF131,7690
gene_19965,ZNF132|7691,ZNF132,7691
gene_19966,ZNF133|7692,ZNF133,7692
gene_19967,ZNF134|7693,ZNF134,7693
gene_19968,ZNF135|7694,ZNF135,7694
gene_19969,ZNF136|7695,ZNF136,7695
gene_19970,ZNF137|7696,ZNF137,7696
gene_19971,ZNF138|7697,ZNF138,7697
gene_19972,ZNF140|7699,ZNF140,7699
gene_19973,ZNF141|7700,ZNF141,7700
gene_19974,ZNF142|7701,ZNF142,7701
gene_19975,ZNF143|7702,ZNF143,7702
gene_19976,ZNF146|7705,ZNF146,7705
gene_19977,ZNF148|7707,ZNF148,7707
gene_19978,ZNF14|7561,ZNF14,7561
gene_19979,ZNF154|7710,ZNF154,7710
gene_19980,ZNF155|7711,ZNF155,7711
gene_19981,ZNF157|7712,ZNF157,7712
gene_19982,ZNF160|90338,ZNF160,90338
gene_19983,ZNF165|7718,ZNF165,7718
gene_19984,ZNF167|55888,ZNF167,55888
gene_19985,ZNF169|169841,ZNF169,169841
gene_19986,ZNF16|7564,ZNF16,7564
gene_19987,ZNF174|7727,ZNF174,7727
gene_19988,ZNF175|7728,ZNF175,7728
gene_19989,ZNF177|7730,ZNF177,7730
gene_19990,ZNF17|7565,ZNF17,7565
gene_19991,ZNF180|7733,ZNF180,7733
gene_19992,ZNF181|339318,ZNF181,339318
gene_19993,ZNF182|7569,ZNF182,7569
gene_19994,ZNF184|7738,ZNF184,7738
gene_19995,ZNF185|7739,ZNF185,7739
gene_19996,ZNF187|7741,ZNF187,7741
gene_19997,ZNF189|7743,ZNF189,7743
gene_19998,ZNF18|7566,ZNF18,7566
gene_19999,ZNF192|7745,ZNF192,7745
gene_20000,ZNF193|7746,ZNF193,7746
gene_20001,ZNF195|7748,ZNF195,7748
gene_20002,ZNF197|10168,ZNF197,10168
gene_20003,ZNF19|7567,ZNF19,7567
gene_20004,ZNF200|7752,ZNF200,7752
gene_20005,ZNF202|7753,ZNF202,7753
gene_20006,ZNF204P|7754,ZNF204P,7754
gene_20007,ZNF205|7755,ZNF205,7755
gene_20008,ZNF207|7756,ZNF207,7756
gene_20009,ZNF208|7757,ZNF208,7757
gene_20010,ZNF20|7568,ZNF20,7568
gene_20011,ZNF211|10520,ZNF211,10520
gene_20012,ZNF212|7988,ZNF212,7988
gene_20013,ZNF213|7760,ZNF213,7760
gene_20014,ZNF214|7761,ZNF214,7761
gene_20015,ZNF215|7762,ZNF215,7762
gene_20016,ZNF217|7764,ZNF217,7764
gene_20017,ZNF219|51222,ZNF219,51222
gene_20018,ZNF221|7638,ZNF221,7638
gene_20019,ZNF222|7673,ZNF222,7673
gene_20020,ZNF223|7766,ZNF223,7766
gene_20021,ZNF224|7767,ZNF224,7767
gene_20022,ZNF225|7768,ZNF225,7768
gene_20023,ZNF226|7769,ZNF226,7769
gene_20024,ZNF227|7770,ZNF227,7770
gene_20025,ZNF229|7772,ZNF229,7772
gene_20026,ZNF22|7570,ZNF22,7570
gene_20027,ZNF230|7773,ZNF230,7773
gene_20028,ZNF232|7775,ZNF232,7775
gene_20029,ZNF233|353355,ZNF233,353355
gene_20030,ZNF234|10780,ZNF234,10780
gene_20031,ZNF235|9310,ZNF235,9310
gene_20032,ZNF236|7776,ZNF236,7776
gene_20033,ZNF238|10472,ZNF238,10472
gene_20034,ZNF239|8187,ZNF239,8187
gene_20035,ZNF23|7571,ZNF23,7571
gene_20036,ZNF248|57209,ZNF248,57209
gene_20037,ZNF24|7572,ZNF24,7572
gene_20038,ZNF250|58500,ZNF250,58500
gene_20039,ZNF251|90987,ZNF251,90987
gene_20040,ZNF252|286101,ZNF252,286101
gene_20041,ZNF253|56242,ZNF253,56242
gene_20042,ZNF254|9534,ZNF254,9534
gene_20043,ZNF256|10172,ZNF256,10172
gene_20044,ZNF257|113835,ZNF257,113835
gene_20045,ZNF259|8882,ZNF259,8882
gene_20046,ZNF25|219749,ZNF25,219749
gene_20047,ZNF260|339324,ZNF260,339324
gene_20048,ZNF263|10127,ZNF263,10127
gene_20049,ZNF264|9422,ZNF264,9422
gene_20050,ZNF266|10781,ZNF266,10781
gene_20051,ZNF267|10308,ZNF267,10308
gene_20052,ZNF268|10795,ZNF268,10795
gene_20053,ZNF26|7574,ZNF26,7574
gene_20054,ZNF271|10778,ZNF271,10778
gene_20055,ZNF273|10793,ZNF273,10793
gene_20056,ZNF274|10782,ZNF274,10782
gene_20057,ZNF275|10838,ZNF275,10838
gene_20058,ZNF276|92822,ZNF276,92822
gene_20059,ZNF277|11179,ZNF277,11179
gene_20060,ZNF280A|129025,ZNF280A,129025
gene_20061,ZNF280B|140883,ZNF280B,140883
gene_20062,ZNF280C|55609,ZNF280C,55609
gene_20063,ZNF280D|54816,ZNF280D,54816
gene_20064,ZNF281|23528,ZNF281,23528
gene_20065,ZNF282|8427,ZNF282,8427
gene_20066,ZNF283|284349,ZNF283,284349
gene_20067,ZNF284|342909,ZNF284,342909
gene_20068,ZNF285|26974,ZNF285,26974
gene_20069,ZNF286A|57335,ZNF286A,57335
gene_20070,ZNF286B|729288,ZNF286B,729288
gene_20071,ZNF287|57336,ZNF287,57336
gene_20072,ZNF28|7576,ZNF28,7576
gene_20073,ZNF292|23036,ZNF292,23036
gene_20074,ZNF295|49854,ZNF295,49854
gene_20075,ZNF296|162979,ZNF296,162979
gene_20076,ZNF2|7549,ZNF2,7549
gene_20077,ZNF300|91975,ZNF300,91975
gene_20078,ZNF302|55900,ZNF302,55900
gene_20079,ZNF304|57343,ZNF304,57343
gene_20080,ZNF30|90075,ZNF30,90075
gene_20081,ZNF311|282890,ZNF311,282890
gene_20082,ZNF317|57693,ZNF317,57693
gene_20083,ZNF318|24149,ZNF318,24149
gene_20084,ZNF319|57567,ZNF319,57567
gene_20085,ZNF320|162967,ZNF320,162967
gene_20086,ZNF321|399669,ZNF321,399669
gene_20087,ZNF322A|79692,ZNF322A,79692
gene_20088,ZNF322B|387328,ZNF322B,387328
gene_20089,ZNF323|64288,ZNF323,64288
gene_20090,ZNF324B|388569,ZNF324B,388569
gene_20091,ZNF324|25799,ZNF324,25799
gene_20092,ZNF326|284695,ZNF326,284695
gene_20093,ZNF329|79673,ZNF329,79673
gene_20094,ZNF32|7580,ZNF32,7580
gene_20095,ZNF330|27309,ZNF330,27309
gene_20096,ZNF331|55422,ZNF331,55422
gene_20097,ZNF333|84449,ZNF333,84449
gene_20098,ZNF334|55713,ZNF334,55713
gene_20099,ZNF335|63925,ZNF335,63925
gene_20100,ZNF337|26152,ZNF337,26152
gene_20101,ZNF33A|7581,ZNF33A,7581
gene_20102,ZNF33B|7582,ZNF33B,7582
gene_20103,ZNF341|84905,ZNF341,84905
gene_20104,ZNF343|79175,ZNF343,79175
gene_20105,ZNF345|25850,ZNF345,25850
gene_20106,ZNF346|23567,ZNF346,23567
gene_20107,ZNF347|84671,ZNF347,84671
gene_20108,ZNF34|80778,ZNF34,80778
gene_20109,ZNF350|59348,ZNF350,59348
gene_20110,ZNF354A|6940,ZNF354A,6940
gene_20111,ZNF354B|117608,ZNF354B,117608
gene_20112,ZNF354C|30832,ZNF354C,30832
gene_20113,ZNF358|140467,ZNF358,140467
gene_20114,ZNF35|7584,ZNF35,7584
gene_20115,ZNF362|149076,ZNF362,149076
gene_20116,ZNF365|22891,ZNF365,22891
gene_20117,ZNF366|167465,ZNF366,167465
gene_20118,ZNF367|195828,ZNF367,195828
gene_20119,ZNF37A|7587,ZNF37A,7587
gene_20120,ZNF37B|100129482,ZNF37B,100129482
gene_20121,ZNF382|84911,ZNF382,84911
gene_20122,ZNF383|163087,ZNF383,163087
gene_20123,ZNF384|171017,ZNF384,171017
gene_20124,ZNF385A|25946,ZNF385A,25946
gene_20125,ZNF385B|151126,ZNF385B,151126
gene_20126,ZNF385D|79750,ZNF385D,79750
gene_20127,ZNF389|651302,ZNF389,651302
gene_20128,ZNF391|346157,ZNF391,346157
gene_20129,ZNF394|84124,ZNF394,84124
gene_20130,ZNF395|55893,ZNF395,55893
gene_20131,ZNF396|252884,ZNF396,252884
gene_20132,ZNF397OS|100101467,ZNF397OS,100101467
gene_20133,ZNF397|84307,ZNF397,84307
gene_20134,ZNF398|57541,ZNF398,57541
gene_20135,ZNF3|7551,ZNF3,7551
gene_20136,ZNF404|342908,ZNF404,342908
gene_20137,ZNF407|55628,ZNF407,55628
gene_20138,ZNF408|79797,ZNF408,79797
gene_20139,ZNF410|57862,ZNF410,57862
gene_20140,ZNF414|84330,ZNF414,84330
gene_20141,ZNF415|55786,ZNF415,55786
gene_20142,ZNF416|55659,ZNF416,55659
gene_20143,ZNF417|147687,ZNF417,147687
gene_20144,ZNF418|147686,ZNF418,147686
gene_20145,ZNF419|79744,ZNF419,79744
gene_20146,ZNF41|7592,ZNF41,7592
gene_20147,ZNF420|147923,ZNF420,147923
gene_20148,ZNF423|23090,ZNF423,23090
gene_20149,ZNF425|155054,ZNF425,155054
gene_20150,ZNF426|79088,ZNF426,79088
gene_20151,ZNF428|126299,ZNF428,126299
gene_20152,ZNF429|353088,ZNF429,353088
gene_20153,ZNF430|80264,ZNF430,80264
gene_20154,ZNF431|170959,ZNF431,170959
gene_20155,ZNF432|9668,ZNF432,9668
gene_20156,ZNF433|163059,ZNF433,163059
gene_20157,ZNF434|54925,ZNF434,54925
gene_20158,ZNF436|80818,ZNF436,80818
gene_20159,ZNF438|220929,ZNF438,220929
gene_20160,ZNF439|90594,ZNF439,90594
gene_20161,ZNF43|7594,ZNF43,7594
gene_20162,ZNF440|126070,ZNF440,126070
gene_20163,ZNF441|126068,ZNF441,126068
gene_20164,ZNF442|79973,ZNF442,79973
gene_20165,ZNF443|10224,ZNF443,10224
gene_20166,ZNF444|55311,ZNF444,55311
gene_20167,ZNF445|353274,ZNF445,353274
gene_20168,ZNF446|55663,ZNF446,55663
gene_20169,ZNF449|203523,ZNF449,203523
gene_20170,ZNF44|51710,ZNF44,51710
gene_20171,ZNF451|26036,ZNF451,26036
gene_20172,ZNF454|285676,ZNF454,285676
gene_20173,ZNF45|7596,ZNF45,7596
gene_20174,ZNF460|10794,ZNF460,10794
gene_20175,ZNF461|92283,ZNF461,92283
gene_20176,ZNF462|58499,ZNF462,58499
gene_20177,ZNF467|168544,ZNF467,168544
gene_20178,ZNF468|90333,ZNF468,90333
gene_20179,ZNF469|84627,ZNF469,84627
gene_20180,ZNF470|388566,ZNF470,388566
gene_20181,ZNF471|57573,ZNF471,57573
gene_20182,ZNF473|25888,ZNF473,25888
gene_20183,ZNF474|133923,ZNF474,133923
gene_20184,ZNF479|90827,ZNF479,90827
gene_20185,ZNF480|147657,ZNF480,147657
gene_20186,ZNF483|158399,ZNF483,158399
gene_20187,ZNF484|83744,ZNF484,83744
gene_20188,ZNF485|220992,ZNF485,220992
gene_20189,ZNF486|90649,ZNF486,90649
gene_20190,ZNF487|642819,ZNF487,642819
gene_20191,ZNF488|118738,ZNF488,118738
gene_20192,ZNF48|197407,ZNF48,197407
gene_20193,ZNF490|57474,ZNF490,57474
gene_20194,ZNF491|126069,ZNF491,126069
gene_20195,ZNF492|57615,ZNF492,57615
gene_20196,ZNF493|284443,ZNF493,284443
gene_20197,ZNF496|84838,ZNF496,84838
gene_20198,ZNF497|162968,ZNF497,162968
gene_20199,ZNF498|221785,ZNF498,221785
gene_20200,ZNF500|26048,ZNF500,26048
gene_20201,ZNF501|115560,ZNF501,115560
gene_20202,ZNF502|91392,ZNF502,91392
gene_20203,ZNF503|84858,ZNF503,84858
gene_20204,ZNF506|440515,ZNF506,440515
gene_20205,ZNF507|22847,ZNF507,22847
gene_20206,ZNF510|22869,ZNF510,22869
gene_20207,ZNF511|118472,ZNF511,118472
gene_20208,ZNF512B|57473,ZNF512B,57473
gene_20209,ZNF512|84450,ZNF512,84450
gene_20210,ZNF513|130557,ZNF513,130557
gene_20211,ZNF514|84874,ZNF514,84874
gene_20212,ZNF516|9658,ZNF516,9658
gene_20213,ZNF517|340385,ZNF517,340385
gene_20214,ZNF518A|9849,ZNF518A,9849
gene_20215,ZNF518B|85460,ZNF518B,85460
gene_20216,ZNF519|162655,ZNF519,162655
gene_20217,ZNF521|25925,ZNF521,25925
gene_20218,ZNF524|147807,ZNF524,147807
gene_20219,ZNF525|170958,ZNF525,170958
gene_20220,ZNF526|116115,ZNF526,116115
gene_20221,ZNF527|84503,ZNF527,84503
gene_20222,ZNF528|84436,ZNF528,84436
gene_20223,ZNF529|57711,ZNF529,57711
gene_20224,ZNF530|348327,ZNF530,348327
gene_20225,ZNF532|55205,ZNF532,55205
gene_20226,ZNF534|147658,ZNF534,147658
gene_20227,ZNF536|9745,ZNF536,9745
gene_20228,ZNF540|163255,ZNF540,163255
gene_20229,ZNF541|84215,ZNF541,84215
gene_20230,ZNF542|147947,ZNF542,147947
gene_20231,ZNF543|125919,ZNF543,125919
gene_20232,ZNF544|27300,ZNF544,27300
gene_20233,ZNF546|339327,ZNF546,339327
gene_20234,ZNF547|284306,ZNF547,284306
gene_20235,ZNF548|147694,ZNF548,147694
gene_20236,ZNF549|256051,ZNF549,256051
gene_20237,ZNF550|162972,ZNF550,162972
gene_20238,ZNF551|90233,ZNF551,90233
gene_20239,ZNF552|79818,ZNF552,79818
gene_20240,ZNF554|115196,ZNF554,115196
gene_20241,ZNF555|148254,ZNF555,148254
gene_20242,ZNF556|80032,ZNF556,80032
gene_20243,ZNF557|79230,ZNF557,79230
gene_20244,ZNF558|148156,ZNF558,148156
gene_20245,ZNF559|84527,ZNF559,84527
gene_20246,ZNF560|147741,ZNF560,147741
gene_20247,ZNF561|93134,ZNF561,93134
gene_20248,ZNF562|54811,ZNF562,54811
gene_20249,ZNF563|147837,ZNF563,147837
gene_20250,ZNF564|163050,ZNF564,163050
gene_20251,ZNF565|147929,ZNF565,147929
gene_20252,ZNF566|84924,ZNF566,84924
gene_20253,ZNF567|163081,ZNF567,163081
gene_20254,ZNF568|374900,ZNF568,374900
gene_20255,ZNF569|148266,ZNF569,148266
gene_20256,ZNF570|148268,ZNF570,148268
gene_20257,ZNF571|51276,ZNF571,51276
gene_20258,ZNF572|137209,ZNF572,137209
gene_20259,ZNF573|126231,ZNF573,126231
gene_20260,ZNF574|64763,ZNF574,64763
gene_20261,ZNF575|284346,ZNF575,284346
gene_20262,ZNF576|79177,ZNF576,79177
gene_20263,ZNF577|84765,ZNF577,84765
gene_20264,ZNF578|147660,ZNF578,147660
gene_20265,ZNF579|163033,ZNF579,163033
gene_20266,ZNF57|126295,ZNF57,126295
gene_20267,ZNF580|51157,ZNF580,51157
gene_20268,ZNF581|51545,ZNF581,51545
gene_20269,ZNF582|147948,ZNF582,147948
gene_20270,ZNF583|147949,ZNF583,147949
gene_20271,ZNF584|201514,ZNF584,201514
gene_20272,ZNF585A|199704,ZNF585A,199704
gene_20273,ZNF585B|92285,ZNF585B,92285
gene_20274,ZNF586|54807,ZNF586,54807
gene_20275,ZNF587|84914,ZNF587,84914
gene_20276,ZNF589|51385,ZNF589,51385
gene_20277,ZNF592|9640,ZNF592,9640
gene_20278,ZNF593|51042,ZNF593,51042
gene_20279,ZNF594|84622,ZNF594,84622
gene_20280,ZNF595|152687,ZNF595,152687
gene_20281,ZNF596|169270,ZNF596,169270
gene_20282,ZNF597|146434,ZNF597,146434
gene_20283,ZNF598|90850,ZNF598,90850
gene_20284,ZNF599|148103,ZNF599,148103
gene_20285,ZNF600|162966,ZNF600,162966
gene_20286,ZNF605|100289635,ZNF605,100289635
gene_20287,ZNF606|80095,ZNF606,80095
gene_20288,ZNF607|84775,ZNF607,84775
gene_20289,ZNF608|57507,ZNF608,57507
gene_20290,ZNF609|23060,ZNF609,23060
gene_20291,ZNF610|162963,ZNF610,162963
gene_20292,ZNF611|81856,ZNF611,81856
gene_20293,ZNF613|79898,ZNF613,79898
gene_20294,ZNF614|80110,ZNF614,80110
gene_20295,ZNF615|284370,ZNF615,284370
gene_20296,ZNF616|90317,ZNF616,90317
gene_20297,ZNF618|114991,ZNF618,114991
gene_20298,ZNF619|285267,ZNF619,285267
gene_20299,ZNF620|253639,ZNF620,253639
gene_20300,ZNF621|285268,ZNF621,285268
gene_20301,ZNF622|90441,ZNF622,90441
gene_20302,ZNF623|9831,ZNF623,9831
gene_20303,ZNF624|57547,ZNF624,57547
gene_20304,ZNF625|90589,ZNF625,90589
gene_20305,ZNF626|199777,ZNF626,199777
gene_20306,ZNF627|199692,ZNF627,199692
gene_20307,ZNF628|89887,ZNF628,89887
gene_20308,ZNF629|23361,ZNF629,23361
gene_20309,ZNF630|57232,ZNF630,57232
gene_20310,ZNF638|27332,ZNF638,27332
gene_20311,ZNF639|51193,ZNF639,51193
gene_20312,ZNF641|121274,ZNF641,121274
gene_20313,ZNF642|339559,ZNF642,339559
gene_20314,ZNF643|65243,ZNF643,65243
gene_20315,ZNF644|84146,ZNF644,84146
gene_20316,ZNF645|158506,ZNF645,158506
gene_20317,ZNF646|9726,ZNF646,9726
gene_20318,ZNF648|127665,ZNF648,127665
gene_20319,ZNF649|65251,ZNF649,65251
gene_20320,ZNF652|22834,ZNF652,22834
gene_20321,ZNF653|115950,ZNF653,115950
gene_20322,ZNF654|55279,ZNF654,55279
gene_20323,ZNF655|79027,ZNF655,79027
gene_20324,ZNF658|26149,ZNF658,26149
gene_20325,ZNF660|285349,ZNF660,285349
gene_20326,ZNF662|389114,ZNF662,389114
gene_20327,ZNF664|144348,ZNF664,144348
gene_20328,ZNF665|79788,ZNF665,79788
gene_20329,ZNF667|63934,ZNF667,63934
gene_20330,ZNF668|79759,ZNF668,79759
gene_20331,ZNF669|79862,ZNF669,79862
gene_20332,ZNF670|93474,ZNF670,93474
gene_20333,ZNF671|79891,ZNF671,79891
gene_20334,ZNF672|79894,ZNF672,79894
gene_20335,ZNF673|55634,ZNF673,55634
gene_20336,ZNF674|641339,ZNF674,641339
gene_20337,ZNF675|171392,ZNF675,171392
gene_20338,ZNF676|163223,ZNF676,163223
gene_20339,ZNF677|342926,ZNF677,342926
gene_20340,ZNF678|339500,ZNF678,339500
gene_20341,ZNF679|168417,ZNF679,168417
gene_20342,ZNF680|340252,ZNF680,340252
gene_20343,ZNF681|148213,ZNF681,148213
gene_20344,ZNF682|91120,ZNF682,91120
gene_20345,ZNF683|257101,ZNF683,257101
gene_20346,ZNF684|127396,ZNF684,127396
gene_20347,ZNF687|57592,ZNF687,57592
gene_20348,ZNF688|146542,ZNF688,146542
gene_20349,ZNF689|115509,ZNF689,115509
gene_20350,ZNF691|51058,ZNF691,51058
gene_20351,ZNF692|55657,ZNF692,55657
gene_20352,ZNF695|57116,ZNF695,57116
gene_20353,ZNF696|79943,ZNF696,79943
gene_20354,ZNF697|90874,ZNF697,90874
gene_20355,ZNF699|374879,ZNF699,374879
gene_20356,ZNF69|7620,ZNF69,7620
gene_20357,ZNF700|90592,ZNF700,90592
gene_20358,ZNF701|55762,ZNF701,55762
gene_20359,ZNF702P|79986,ZNF702P,79986
gene_20360,ZNF703|80139,ZNF703,80139
gene_20361,ZNF704|619279,ZNF704,619279
gene_20362,ZNF705A|440077,ZNF705A,440077
gene_20363,ZNF705D|728957,ZNF705D,728957
gene_20364,ZNF706|51123,ZNF706,51123
gene_20365,ZNF707|286075,ZNF707,286075
gene_20366,ZNF708|7562,ZNF708,7562
gene_20367,ZNF709|163051,ZNF709,163051
gene_20368,ZNF70|7621,ZNF70,7621
gene_20369,ZNF710|374655,ZNF710,374655
gene_20370,ZNF711|7552,ZNF711,7552
gene_20371,ZNF713|349075,ZNF713,349075
gene_20372,ZNF714|148206,ZNF714,148206
gene_20373,ZNF716|441234,ZNF716,441234
gene_20374,ZNF717|100131827,ZNF717,100131827
gene_20375,ZNF718|255403,ZNF718,255403
gene_20376,ZNF71|58491,ZNF71,58491
gene_20377,ZNF720|124411,ZNF720,124411
gene_20378,ZNF721|170960,ZNF721,170960
gene_20379,ZNF727|442319,ZNF727,442319
gene_20380,ZNF732|654254,ZNF732,654254
gene_20381,ZNF735|730291,ZNF735,730291
gene_20382,ZNF737|100129842,ZNF737,100129842
gene_20383,ZNF738|148203,ZNF738,148203
gene_20384,ZNF740|283337,ZNF740,283337
gene_20385,ZNF746|155061,ZNF746,155061
gene_20386,ZNF747|65988,ZNF747,65988
gene_20387,ZNF749|388567,ZNF749,388567
gene_20388,ZNF74|7625,ZNF74,7625
gene_20389,ZNF750|79755,ZNF750,79755
gene_20390,ZNF75A|7627,ZNF75A,7627
gene_20391,ZNF75D|7626,ZNF75D,7626
gene_20392,ZNF761|388561,ZNF761,388561
gene_20393,ZNF763|284390,ZNF763,284390
gene_20394,ZNF764|92595,ZNF764,92595
gene_20395,ZNF765|91661,ZNF765,91661
gene_20396,ZNF766|90321,ZNF766,90321
gene_20397,ZNF767|79970,ZNF767,79970
gene_20398,ZNF768|79724,ZNF768,79724
gene_20399,ZNF76|7629,ZNF76,7629
gene_20400,ZNF770|54989,ZNF770,54989
gene_20401,ZNF771|51333,ZNF771,51333
gene_20402,ZNF772|400720,ZNF772,400720
gene_20403,ZNF773|374928,ZNF773,374928
gene_20404,ZNF774|342132,ZNF774,342132
gene_20405,ZNF775|285971,ZNF775,285971
gene_20406,ZNF776|284309,ZNF776,284309
gene_20407,ZNF777|27153,ZNF777,27153
gene_20408,ZNF778|197320,ZNF778,197320
gene_20409,ZNF77|58492,ZNF77,58492
gene_20410,ZNF780A|284323,ZNF780A,284323
gene_20411,ZNF780B|163131,ZNF780B,163131
gene_20412,ZNF781|163115,ZNF781,163115
gene_20413,ZNF782|158431,ZNF782,158431
gene_20414,ZNF784|147808,ZNF784,147808
gene_20415,ZNF785|146540,ZNF785,146540
gene_20416,ZNF786|136051,ZNF786,136051
gene_20417,ZNF787|126208,ZNF787,126208
gene_20418,ZNF788|388507,ZNF788,388507
gene_20419,ZNF789|285989,ZNF789,285989
gene_20420,ZNF790|388536,ZNF790,388536
gene_20421,ZNF791|163049,ZNF791,163049
gene_20422,ZNF792|126375,ZNF792,126375
gene_20423,ZNF793|390927,ZNF793,390927
gene_20424,ZNF799|90576,ZNF799,90576
gene_20425,ZNF79|7633,ZNF79,7633
gene_20426,ZNF7|7553,ZNF7,7553
gene_20427,ZNF800|168850,ZNF800,168850
gene_20428,ZNF804A|91752,ZNF804A,91752
gene_20429,ZNF804B|219578,ZNF804B,219578
gene_20430,ZNF805|390980,ZNF805,390980
gene_20431,ZNF808|388558,ZNF808,388558
gene_20432,ZNF80|7634,ZNF80,7634
gene_20433,ZNF813|126017,ZNF813,126017
gene_20434,ZNF814|730051,ZNF814,730051
gene_20435,ZNF815|401303,ZNF815,401303
gene_20436,ZNF816A|125893,ZNF816A,125893
gene_20437,ZNF81|347344,ZNF81,347344
gene_20438,ZNF821|55565,ZNF821,55565
gene_20439,ZNF823|55552,ZNF823,55552
gene_20440,ZNF826|664701,ZNF826,664701
gene_20441,ZNF827|152485,ZNF827,152485
gene_20442,ZNF828|283489,ZNF828,283489
gene_20443,ZNF829|374899,ZNF829,374899
gene_20444,ZNF830|91603,ZNF830,91603
gene_20445,ZNF831|128611,ZNF831,128611
gene_20446,ZNF833|401898,ZNF833,401898
gene_20447,ZNF835|90485,ZNF835,90485
gene_20448,ZNF836|162962,ZNF836,162962
gene_20449,ZNF837|116412,ZNF837,116412
gene_20450,ZNF839|55778,ZNF839,55778
gene_20451,ZNF83|55769,ZNF83,55769
gene_20452,ZNF841|284371,ZNF841,284371
gene_20453,ZNF843|283933,ZNF843,283933
gene_20454,ZNF844|284391,ZNF844,284391
gene_20455,ZNF845|91664,ZNF845,91664
gene_20456,ZNF846|162993,ZNF846,162993
gene_20457,ZNF84|7637,ZNF84,7637
gene_20458,ZNF853|54753,ZNF853,54753
gene_20459,ZNF85|7639,ZNF85,7639
gene_20460,ZNF860|344787,ZNF860,344787
gene_20461,ZNF862|643641,ZNF862,643641
gene_20462,ZNF876P|642280,ZNF876P,642280
gene_20463,ZNF878|729747,ZNF878,729747
gene_20464,ZNF879|345462,ZNF879,345462
gene_20465,ZNF880|400713,ZNF880,400713
gene_20466,ZNF883|169834,ZNF883,169834
gene_20467,ZNF8|7554,ZNF8,7554
gene_20468,ZNF90|7643,ZNF90,7643
gene_20469,ZNF91|7644,ZNF91,7644
gene_20470,ZNF92|168374,ZNF92,168374
gene_20471,ZNF93|81931,ZNF93,81931
gene_20472,ZNF98|148198,ZNF98,148198
gene_20473,ZNF99|7652,ZNF99,7652
gene_20474,ZNFX1|57169,ZNFX1,57169
gene_20475,ZNHIT1|10467,ZNHIT1,10467
gene_20476,ZNHIT2|741,ZNHIT2,741
gene_20477,ZNHIT3|9326,ZNHIT3,9326
gene_20478,ZNHIT6|54680,ZNHIT6,54680
gene_20479,ZNRD1|30834,ZNRD1,30834
gene_20480,ZNRF1|84937,ZNRF1,84937
gene_20481,ZNRF2|223082,ZNRF2,223082
gene_20482,ZNRF3|84133,ZNRF3,84133
gene_20483,ZNRF4|148066,ZNRF4,148066
gene_20484,ZP1|22917,ZP1,22917
gene_20485,ZP2|7783,ZP2,7783
gene_20486,ZP3|7784,ZP3,7784
gene_20487,ZP4|57829,ZP4,57829
gene_20488,ZPBP2|124626,ZPBP2,124626
gene_20489,ZPBP|11055,ZPBP,11055
gene_20490,ZPLD1|131368,ZPLD1,131368
gene_20491,ZRANB1|54764,ZRANB1,54764
gene_20492,ZRANB2|9406,ZRANB2,9406
gene_20493,ZRANB3|84083,ZRANB3,84083
gene_20494,ZRSR2|8233,ZRSR2,8233
gene_20495,ZSCAN10|84891,ZSCAN10,84891
gene_20496,ZSCAN12P1|221584,ZSCAN12P1,221584
gene_20497,ZSCAN12|9753,ZSCAN12,9753
gene_20498,ZSCAN16|80345,ZSCAN16,80345
gene_20499,ZSCAN18|65982,ZSCAN18,65982
gene_20500,ZSCAN1|284312,ZSCAN1,284312
gene_20501,ZSCAN20|7579,ZSCAN20,7579
gene_20502,ZSCAN21|7589,ZSCAN21,7589
gene_20503,ZSCAN22|342945,ZSCAN22,342945
gene_20504,ZSCAN23|222696,ZSCAN23,222696
gene_20505,ZSCAN29|146050,ZSCAN29,146050
gene_20506,ZSCAN2|54993,ZSCAN2,54993
gene_20507,ZSCAN4|201516,ZSCAN4,201516
gene_20508,ZSCAN5A|79149,ZSCAN5A,79149
gene_20509,ZSCAN5B|342933,ZSCAN5B,342933
gene_20510,ZSWIM1|90204,ZSWIM1,90204
gene_20511,ZSWIM2|151112,ZSWIM2,151112
gene_20512,ZSWIM3|140831,ZSWIM3,140831
gene_20513,ZSWIM4|65249,ZSWIM4,65249
gene_20514,ZSWIM5|57643,ZSWIM5,57643
gene_20515,ZSWIM6|57688,ZSWIM6,57688
gene_20516,ZSWIM7|125150,ZSWIM7,125150
gene_20517,ZUFSP|221302,ZUFSP,221302
gene_20518,ZW10|9183,ZW10,9183
gene_20519,ZWILCH|55055,ZWILCH,55055
gene_20520,ZWINT|11130,ZWINT,11130
gene_20521,ZXDA|7789,ZXDA,7789
gene_20522,ZXDB|158586,ZXDB,158586
gene_20523,ZXDC|79364,ZXDC,79364
gene_20524,ZYG11A|440590,ZYG11A,440590
gene_20525,ZYG11B|79699,ZYG11B,79699
gene_20526,ZYX|7791,ZYX,7791
gene_20527,ZZEF1|23140,ZZEF1,23140
gene_20528,ZZZ3|26009,ZZZ3,26009
gene_20529,psiTPTE22|387590,psiTPTE22,387590
gene_20530,tAKR|389932,tAKR,389932
